id,category,code,name,evidence_type,source,api_endpoint,description,expected_frequency,is_required_evidence,created_at,updated_at,domain,required_fields,domain_id
90109ed9-478d-4dd8-88aa-b04650455cc9,POLICY,EV-1,Data Backup Policy — Compliance,Required,policy_catalog,,,,True,2026-03-26 16:40:45,2026-03-27 05:49:22,,"{""policy_id"": """", ""policy_name"": """", ""policy_version"": """", ""policy_status"": """", ""effective_date"": """", ""review_date"": """", ""approved_by"": """", ""owner"": """", ""backup_scope"": """", ""backup_requirements_defined"": true, ""data_protection_requirements_defined"": true, ""created_time"": """", ""last_updated_time"": """"}",70b4419c-8544-47be-9f13-bc21356bd897
4f7459a5-9217-4597-b98f-b10a75e755cd,DEVOPS_DEVTOOLS,EV-10,Encryption Key Configuration Records — DevOps,Supporting,devtools_catalog,,,,False,2026-03-26 16:40:46,2026-03-27 05:49:22,,"{""key_id"": """", ""key_name"": """", ""key_type"": """", ""key_management_service"": """", ""key_status"": """", ""key_rotation_enabled"": true, ""rotation_interval_days"": 0, ""key_usage"": """", ""access_control_enabled"": true, ""creation_time"": """", ""last_rotation_time"": """", ""expiration_time"": """", ""owner"": """"}",6874f3ab-44fc-4b3e-a95e-bd01e03bf933
077de01c-4521-436d-8eca-c42b92e66eb0,DEVOPS_DEVTOOLS,EV-100,Audit Log Configuration Records — DevOps,Required,devtools_catalog,,,,True,2026-03-26 16:40:46,2026-03-27 05:49:22,,"{""configuration_id"": """", ""system_id"": """", ""system_name"": """", ""environment"": """", ""audit_logging_enabled"": true, ""log_types_captured"": """", ""log_retention_period_days"": 0, ""centralized_logging_enabled"": true, ""tamper_protection_enabled"": true, ""configuration_status"": """", ""last_verified_time"": """", ""created_time"": """", ""last_updated_time"": """", ""owner"": """"}",6874f3ab-44fc-4b3e-a95e-bd01e03bf933
3c0da7a5-c62e-4bc9-8ca9-760e964eefee,POLICY,EV-101,Software Development Lifecycle (SDLC) Procedure — Compliance,Required,policy_catalog,,,,True,2026-03-26 16:40:46,2026-03-27 05:49:22,,"{""procedure_id"": """", ""procedure_name"": """", ""procedure_version"": """", ""procedure_status"": """", ""planning_phase_defined"": true, ""development_phase_defined"": true, ""testing_phase_defined"": true, ""code_review_phase_defined"": true, ""deployment_phase_defined"": true, ""approved_by"": """", ""owner"": """", ""effective_date"": """", ""review_date"": """", ""created_time"": """", ""last_updated_time"": """"}",70b4419c-8544-47be-9f13-bc21356bd897
510f0319-b94b-42b7-9244-3ef506b5011b,ITSM_GRC,EV-102,Change Management / Deployment Approval Records — ITSM,Required,itsm_catalog,,,,True,2026-03-26 16:40:46,2026-03-27 05:49:22,,"{""approval_id"": """", ""change_id"": """", ""release_id"": """", ""system_id"": """", ""approved"": true, ""approver_id"": """", ""approver_role"": """", ""approval_time"": """", ""approval_status"": """", ""pre_deployment_approval"": true, ""comments"": """", ""created_time"": """", ""last_updated_time"": """"}",cd4015e2-8a3f-4f54-a3ee-9dfddb048f84
d2301020-980a-454c-b2c4-7849b1eb11ce,DEVOPS_DEVTOOLS,EV-103,Sprint Planning Records — DevOps,Supporting,devtools_catalog,,,,False,2026-03-26 16:40:46,2026-03-27 05:49:22,,"{""sprint_id"": """", ""project_id"": """", ""sprint_name"": """", ""planning_date"": """", ""sprint_start_date"": """", ""sprint_end_date"": """", ""tasks_defined"": true, ""objectives_defined"": true, ""created_time"": """", ""last_updated_time"": """"}",6874f3ab-44fc-4b3e-a95e-bd01e03bf933
baf7efcb-439b-4dee-a3c6-69f857e8cfe1,DEVOPS_DEVTOOLS,EV-104,Deployment Logs — DevOps,Supporting,devtools_catalog,,,,False,2026-03-26 16:40:47,2026-03-27 05:49:22,,"{""deployment_id"": """", ""release_id"": """", ""system_id"": """", ""environment"": """", ""deployment_time"": """", ""deployment_status"": """", ""deployed_by"": """", ""approved_release"": true, ""rollback_available"": true, ""created_time"": """"}",6874f3ab-44fc-4b3e-a95e-bd01e03bf933
4d1259ac-48a8-4461-a518-e53721134692,DEVOPS_DEVTOOLS,EV-105,Source Code Repository Records — DevOps,Required,devtools_catalog,,,,True,2026-03-26 16:40:47,2026-03-27 05:49:22,,"{""repository_id"": """", ""repository_name"": """", ""commit_id"": """", ""author_id"": """", ""author_name"": """", ""commit_message"": """", ""change_type"": """", ""change_scope"": """", ""linked_ticket_id"": """", ""commit_time"": """", ""branch_name"": """", ""merge_status"": """", ""created_time"": """", ""last_updated_time"": """"}",6874f3ab-44fc-4b3e-a95e-bd01e03bf933
db45387e-39da-4795-967d-21634e281a56,ITSM_GRC,EV-106,Change Request Tickets — ITSM,Required,itsm_catalog,,,,True,2026-03-26 16:40:47,2026-03-27 05:49:22,,"{""ticket_id"": """", ""change_id"": """", ""request_type"": """", ""system_id"": """", ""system_name"": """", ""requested_by"": """", ""business_justification"": """", ""change_description"": """", ""priority"": """", ""status"": """", ""requested_time"": """", ""approval_required"": true, ""created_time"": """", ""last_updated_time"": """"}",cd4015e2-8a3f-4f54-a3ee-9dfddb048f84
cfb24d03-30e0-4950-b0a5-23b37d102ea7,POLICY,EV-107,Network Security Policy — Compliance,Supporting,policy_catalog,,,,False,2026-03-26 16:40:47,2026-03-27 05:49:22,,"{""policy_id"": """", ""policy_name"": """", ""policy_version"": """", ""policy_status"": """", ""waf_requirements_defined"": true, ""internet_facing_protection_defined"": true, ""web_security_controls_defined"": true, ""threat_protection_requirements_defined"": true, ""approved_by"": """", ""owner"": """", ""effective_date"": """", ""review_date"": """", ""created_time"": """", ""last_updated_time"": """"}",70b4419c-8544-47be-9f13-bc21356bd897
c618e60f-84fd-463c-8617-005843ef02f5,SECURITY_VULN_MGMT,EV-108,Web Application Firewall Configuration Records — Security,Required,security_catalog,,,,True,2026-03-26 16:40:47,2026-03-27 05:49:22,,"{""configuration_id"": """", ""waf_id"": """", ""waf_name"": """", ""protected_endpoint"": """", ""environment"": """", ""waf_enabled"": true, ""ruleset_name"": """", ""owasp_protection_enabled"": true, ""custom_rules_configured"": true, ""blocking_mode_enabled"": true, ""rate_limiting_enabled"": true, ""configuration_status"": """", ""last_updated_time"": """", ""last_verified_time"": """", ""owner"": """"}",cd545de5-0565-447b-89ef-f137d2267a70
c64f3141-a927-40a9-a9fe-cde802ac7f58,SECURITY_VULN_MGMT,EV-109,Web Application Firewall Event Logs — Security,Supporting,security_catalog,,,,False,2026-03-26 16:40:47,2026-03-27 05:49:22,,"{""log_id"": """", ""waf_id"": """", ""protected_endpoint"": """", ""event_type"": """", ""attack_type"": """", ""rule_triggered"": """", ""action_taken"": """", ""request_ip"": """", ""request_uri"": """", ""timestamp"": """", ""severity"": """", ""blocked"": true, ""created_time"": """"}",cd545de5-0565-447b-89ef-f137d2267a70
c46881c7-c358-4776-bd58-294c371b9d6e,POLICY,EV-11,AI Responsible Use Policy — Compliance,Required,policy_catalog,,,,True,2026-03-26 16:40:46,2026-03-27 05:49:22,,"{""policy_id"": """", ""policy_name"": """", ""policy_version"": """", ""policy_status"": """", ""ai_usage_guidelines_defined"": true, ""customer_data_handling_rules_defined"": true, ""ethical_ai_requirements_defined"": true, ""data_privacy_requirements_defined"": true, ""approved_by"": """", ""owner"": """", ""effective_date"": """", ""review_date"": """", ""created_time"": """", ""last_updated_time"": """"}",70b4419c-8544-47be-9f13-bc21356bd897
cf308fc3-dae9-4616-9385-6efdc27c214e,DEVOPS_DEVTOOLS,EV-110,Security Design Review Records — DevOps,Required,devtools_catalog,,,,True,2026-03-26 16:40:47,2026-03-27 05:49:22,,"{""review_id"": """", ""feature_id"": """", ""feature_name"": """", ""system_id"": """", ""system_name"": """", ""review_phase"": """", ""review_date"": """", ""reviewed_by"": """", ""security_controls_evaluated"": true, ""issues_identified"": """", ""risk_level"": """", ""approval_status"": """", ""approved"": true, ""created_time"": """", ""last_updated_time"": """"}",6874f3ab-44fc-4b3e-a95e-bd01e03bf933
3ae69663-9e9b-4388-b5fc-d6b25028c99d,POLICY,EV-111,Security Risk Assessment Reports — Compliance,Supporting,policy_catalog,,,,False,2026-03-26 16:40:47,2026-03-27 05:49:22,,"{""report_id"": """", ""assessment_id"": """", ""feature_id"": """", ""system_id"": """", ""assessment_scope"": """", ""assessment_date"": """", ""risks_identified"": """", ""risk_levels"": """", ""impact_analysis"": """", ""mitigation_recommendations"": """", ""approved_by"": """", ""created_time"": """", ""last_updated_time"": """"}",70b4419c-8544-47be-9f13-bc21356bd897
d7bf1cf8-49b8-420a-88dd-47d11ead916b,POLICY,EV-112,Human Resources Security Policy — Compliance,Supporting,policy_catalog,,,,False,2026-03-26 16:40:47,2026-03-27 05:49:22,,"{""policy_id"": """", ""policy_name"": """", ""policy_version"": """", ""policy_status"": """", ""background_check_requirements_defined"": true, ""employee_screening_requirements_defined"": true, ""contractor_screening_requirements_defined"": true, ""pre_employment_verification_required"": true, ""approved_by"": """", ""owner"": """", ""effective_date"": """", ""review_date"": """", ""created_time"": """", ""last_updated_time"": """"}",70b4419c-8544-47be-9f13-bc21356bd897
ef2e9bc3-b38a-4d86-bdda-938f15ea3c27,HRMS_GRC,EV-113,Employee Background Verification Records — HR,Required,hrms_catalog,,,,True,2026-03-26 16:40:47,2026-03-27 05:49:22,,"{""record_id"": """", ""employee_id"": """", ""employee_name"": """", ""employment_type"": """", ""background_check_required"": true, ""background_check_completed"": true, ""verification_status"": """", ""verification_type"": """", ""verification_provider"": """", ""verification_date"": """", ""result"": """", ""cleared_for_hire"": true, ""created_time"": """", ""last_updated_time"": """"}",465c7082-4a36-4567-b535-e6fe16994eec
0ad3fc71-f327-480e-b961-ef964781c5a4,HRMS_GRC,EV-114,Contractor Background Verification Records — HR,Supporting,hrms_catalog,,,,False,2026-03-26 16:40:47,2026-03-27 05:49:22,,"{""record_id"": """", ""contractor_id"": """", ""contractor_name"": """", ""engagement_type"": """", ""background_check_required"": true, ""background_check_completed"": true, ""verification_status"": """", ""verification_type"": """", ""verification_provider"": """", ""verification_date"": """", ""result"": """", ""approved_for_engagement"": true, ""created_time"": """", ""last_updated_time"": """"}",465c7082-4a36-4567-b535-e6fe16994eec
d6e4aee9-1183-43c9-97f7-7498b4d5e17a,CLOUD_INFRA,EV-115,Vendor Inventory Register — Cloud,Required,Stakflo,,,,True,2026-03-26 16:40:47,2026-03-27 05:49:22,,"{""vendor_id"": """", ""vendor_name"": """", ""service_description"": """", ""vendor_type"": """", ""business_owner"": """", ""technical_owner"": """", ""engagement_status"": """", ""contract_start_date"": """", ""contract_end_date"": """", ""data_access"": """", ""in_inventory"": true, ""created_time"": """", ""last_updated_time"": """"}",1721b991-e491-4953-b2bb-ca35d815024f
67d525a6-7013-4d8a-aa46-003bb6efbd6e,CLOUD_INFRA,EV-116,Vendor Data Classification Records — Cloud,Required,Stakflo,,,,True,2026-03-26 16:40:47,2026-03-27 05:49:22,,"{""classification_id"": """", ""vendor_id"": """", ""vendor_name"": """", ""data_type"": """", ""data_classification"": """", ""data_processing_scope"": """", ""sensitivity_level"": """", ""classification_criteria"": """", ""classified_by"": """", ""classification_date"": """", ""review_required"": true, ""classification_status"": """", ""created_time"": """", ""last_updated_time"": """"}",1721b991-e491-4953-b2bb-ca35d815024f
d2d3c5da-441e-49a3-a95e-39b9f3f54f9a,POLICY,EV-117,Employee Handbook — Compliance,Supporting,policy_catalog,,,,False,2026-03-26 16:40:47,2026-03-27 05:49:22,,"{""document_id"": """", ""document_name"": """", ""document_version"": """", ""document_status"": """", ""organizational_values_defined"": true, ""behavioral_standards_defined"": true, ""code_of_conduct_included"": true, ""employee_expectations_defined"": true, ""approved_by"": """", ""owner"": """", ""publication_date"": """", ""last_reviewed_date"": """", ""created_time"": """", ""last_updated_time"": """"}",70b4419c-8544-47be-9f13-bc21356bd897
c26e0ad6-e87c-4968-8886-a3f9da4512f5,POLICY,EV-118,Code of Conduct Policy — Compliance,Required,policy_catalog,,,,True,2026-03-26 16:40:47,2026-03-27 05:49:22,,"{""policy_id"": """", ""policy_name"": """", ""policy_version"": """", ""policy_status"": """", ""ethical_standards_defined"": true, ""acceptable_behavior_defined"": true, ""compliance_requirements_defined"": true, ""applicable_to_employees"": true, ""applicable_to_contractors"": true, ""approved_by"": """", ""owner"": """", ""effective_date"": """", ""review_date"": """", ""created_time"": """", ""last_updated_time"": """"}",70b4419c-8544-47be-9f13-bc21356bd897
6835822e-848f-4e0d-a5ab-d544b732c512,HRMS_GRC,EV-119,Employee Handbook Acknowledgement Records — HR,Supporting,hrms_catalog,,,,False,2026-03-26 16:40:47,2026-03-27 05:49:22,,"{""record_id"": """", ""employee_id"": """", ""employee_name"": """", ""document_id"": """", ""document_name"": """", ""acknowledged"": true, ""acknowledgement_date"": """", ""acknowledgement_version"": """", ""status"": """", ""verified"": true, ""created_time"": """", ""last_updated_time"": """"}",465c7082-4a36-4567-b535-e6fe16994eec
40404a2f-fdcb-41a1-a235-5c9da9548504,POLICY,EV-12,Data Protection Policy — Compliance,Supporting,policy_catalog,,,,False,2026-03-26 16:40:46,2026-03-27 05:49:22,,"{""policy_id"": """", ""policy_name"": """", ""policy_version"": """", ""policy_status"": """", ""data_protection_requirements_defined"": true, ""customer_data_scope_defined"": true, ""data_usage_controls_defined"": true, ""data_retention_rules_defined"": true, ""approved_by"": """", ""owner"": """", ""effective_date"": """", ""review_date"": """", ""created_time"": """", ""last_updated_time"": """"}",70b4419c-8544-47be-9f13-bc21356bd897
4cdd8a7c-bf87-4f21-bcbc-6ccf73015162,DEVOPS_DEVTOOLS,EV-120,Backup Retention Configuration Records — DevOps,Required,devtools_catalog,,,,True,2026-03-26 16:40:47,2026-03-27 05:49:22,,"{""configuration_id"": """", ""system_id"": """", ""system_name"": """", ""data_type"": """", ""retention_policy_applied"": true, ""retention_period_days"": 0, ""retention_basis"": """", ""legal_hold_supported"": true, ""auto_deletion_enabled"": true, ""configuration_status"": """", ""last_verified_time"": """", ""created_time"": """", ""last_updated_time"": """", ""owner"": """"}",6874f3ab-44fc-4b3e-a95e-bd01e03bf933
ecf71134-c93c-461a-aa5c-757bf26657e6,HRMS_GRC,EV-121,Employee Disciplinary Action Records — HR,Required,hrms_catalog,,,,True,2026-03-26 16:40:47,2026-03-27 05:49:22,,"{""record_id"": """", ""employee_id"": """", ""employee_name"": """", ""violation_type"": """", ""policy_violated"": """", ""incident_date"": """", ""investigation_conducted"": true, ""investigation_details"": """", ""disciplinary_action_taken"": """", ""action_severity"": """", ""approved_by"": """", ""action_date"": """", ""status"": """", ""created_time"": """", ""last_updated_time"": """"}",465c7082-4a36-4567-b535-e6fe16994eec
91d69ed0-f8ec-495e-828a-0a0a87666fe1,SECURITY_VULN_MGMT,EV-122,Dependency Vulnerability Scan Reports — Security,Required,security_catalog,,,,True,2026-03-26 16:40:47,2026-03-27 05:49:22,,"{""report_id"": """", ""repository_id"": """", ""application_id"": """", ""scan_id"": """", ""scan_date"": """", ""dependency_name"": """", ""dependency_version"": """", ""vulnerability_id"": """", ""severity"": """", ""cvss_score"": 0, ""total_vulnerabilities"": 0, ""high_priority_vulnerabilities"": 0, ""scan_status"": """", ""tool_name"": """", ""created_time"": """", ""last_updated_time"": """"}",cd545de5-0565-447b-89ef-f137d2267a70
8adcd7e7-f742-4994-92a1-91945c905097,SECURITY_VULN_MGMT,EV-123,Dependency Scan Configuration Records — Security,Supporting,security_catalog,,,,False,2026-03-26 16:40:47,2026-03-27 05:49:22,,"{""configuration_id"": """", ""repository_id"": """", ""application_id"": """", ""scan_enabled"": true, ""scan_frequency"": """", ""ci_cd_integration_enabled"": true, ""policy_enforcement_enabled"": true, ""severity_threshold_defined"": true, ""configuration_status"": """", ""last_verified_time"": """", ""created_time"": """", ""last_updated_time"": """", ""owner"": """"}",cd545de5-0565-447b-89ef-f137d2267a70
154fea9a-42ea-4355-91f8-4fade367d74a,SECURITY_VULN_MGMT,EV-124,Intrusion Detection System Configuration Records — Security,Required,security_catalog,,,,True,2026-03-26 16:40:47,2026-03-27 05:49:22,,"{""configuration_id"": """", ""ids_id"": """", ""ids_name"": """", ""deployment_type"": """", ""network_scope"": """", ""ids_enabled"": true, ""signature_based_detection_enabled"": true, ""anomaly_detection_enabled"": true, ""alerting_enabled"": true, ""log_collection_enabled"": true, ""configuration_status"": """", ""last_verified_time"": """", ""created_time"": """", ""last_updated_time"": """", ""owner"": """"}",cd545de5-0565-447b-89ef-f137d2267a70
36bfe9cb-974c-4e77-aa47-8b34b8931219,SECURITY_VULN_MGMT,EV-125,Intrusion Detection Alert Logs — Security,Supporting,security_catalog,,,,False,2026-03-26 16:40:47,2026-03-27 05:49:22,,"{""log_id"": """", ""alert_id"": """", ""ids_id"": """", ""event_type"": """", ""threat_type"": """", ""severity"": """", ""source_ip"": """", ""destination_ip"": """", ""action_taken"": """", ""timestamp"": """", ""detected"": true, ""created_time"": """"}",cd545de5-0565-447b-89ef-f137d2267a70
94056d58-e455-478d-bf1e-3883b6c0f7a6,IAM_COMPLIANCE,EV-126,SSO Configuration Records — IAM,Required,iam_catalog,,,,True,2026-03-26 16:40:47,2026-03-27 05:49:22,,"{""configuration_id"": """", ""identity_provider_id"": """", ""identity_provider_name"": """", ""application_id"": """", ""application_name"": """", ""sso_enabled"": true, ""authentication_protocol"": """", ""mfa_enforced"": true, ""role_mapping_configured"": true, ""user_provisioning_enabled"": true, ""configuration_status"": """", ""last_verified_time"": """", ""created_time"": """", ""last_updated_time"": """", ""owner"": """"}",311fd3a8-255b-4bc8-b6a0-0fe625d81341
77d3854d-b22b-4ba3-9ede-e8b0575906f0,IAM_COMPLIANCE,EV-127,SSO Authentication Logs — IAM,Supporting,iam_catalog,,,,False,2026-03-26 16:40:47,2026-03-27 05:49:22,,"{""log_id"": """", ""event_id"": """", ""user_id"": """", ""user_name"": """", ""application_id"": """", ""application_name"": """", ""authentication_method"": """", ""mfa_used"": true, ""login_status"": """", ""source_ip"": """", ""timestamp"": """", ""session_id"": """", ""created_time"": """"}",311fd3a8-255b-4bc8-b6a0-0fe625d81341
03b3aa74-bbd3-4149-b2d2-cb1c1d7611fe,HRMS_GRC,EV-128,Organizational Chart — HR,Required,hrms_catalog,,,,True,2026-03-26 16:40:47,2026-03-27 05:49:22,,"{""document_id"": """", ""organization_name"": """", ""version"": """", ""document_status"": """", ""departments_defined"": true, ""reporting_structure_defined"": true, ""executive_roles_identified"": true, ""department_heads_assigned"": true, ""effective_date"": """", ""last_reviewed_date"": """", ""created_time"": """", ""last_updated_time"": """"}",465c7082-4a36-4567-b535-e6fe16994eec
cddcf144-1772-4140-aedd-83917535025b,HRMS_GRC,EV-129,Employee Role and Responsibility Records — HR,Supporting,hrms_catalog,,,,False,2026-03-26 16:40:47,2026-03-27 05:49:22,,"{""record_id"": """", ""employee_id"": """", ""employee_name"": """", ""department"": """", ""job_title"": """", ""role_description"": """", ""responsibilities_defined"": true, ""reporting_manager_id"": """", ""reporting_manager_name"": """", ""employment_status"": """", ""effective_date"": """", ""created_time"": """", ""last_updated_time"": """"}",465c7082-4a36-4567-b535-e6fe16994eec
b5a10d70-4a95-43d4-8c3d-835cbd3a751c,ITSM_GRC,EV-13,AI Model Training Data Approval Tickets — ITSM,Supporting,itsm_catalog,,,,False,2026-03-26 16:40:46,2026-03-27 05:49:22,,"{""ticket_id"": """", ""request_id"": """", ""dataset_id"": """", ""dataset_name"": """", ""data_classification"": """", ""contains_customer_data"": true, ""approval_required"": true, ""approval_status"": """", ""approved_by"": """", ""requested_by"": """", ""request_time"": """", ""approval_time"": """", ""review_comments"": """", ""created_time"": """", ""last_updated_time"": """"}",cd4015e2-8a3f-4f54-a3ee-9dfddb048f84
cefe00fc-8f37-4f1b-987e-96f40e5a1333,HRMS_GRC,EV-130,Employee Confidentiality Agreement Records — HR,Required,hrms_catalog,,,,True,2026-03-26 16:40:47,2026-03-27 05:49:22,,"{""record_id"": """", ""employee_id"": """", ""employee_name"": """", ""agreement_id"": """", ""agreement_version"": """", ""signed"": true, ""signature_date"": """", ""effective_date"": """", ""access_granted_after_signing"": true, ""document_status"": """", ""verified"": true, ""created_time"": """", ""last_updated_time"": """"}",465c7082-4a36-4567-b535-e6fe16994eec
e06cff11-3b1f-48e2-ba44-1c5a56603fd8,HRMS_GRC,EV-131,Contractor Confidentiality Agreement Records — HR,Supporting,hrms_catalog,,,,False,2026-03-26 16:40:47,2026-03-27 05:49:22,,"{""record_id"": """", ""contractor_id"": """", ""contractor_name"": """", ""agreement_id"": """", ""agreement_version"": """", ""signed"": true, ""signature_date"": """", ""effective_date"": """", ""access_granted_after_signing"": true, ""document_status"": """", ""verified"": true, ""created_time"": """", ""last_updated_time"": """"}",465c7082-4a36-4567-b535-e6fe16994eec
7d553c34-3dfc-4caa-8f94-0bfa0bbd40a6,POLICY,EV-132,Encryption Policy — Compliance,Required,policy_catalog,,,,True,2026-03-26 16:40:47,2026-03-27 05:49:22,,"{""policy_id"": """", ""policy_name"": """", ""policy_version"": """", ""policy_status"": """", ""encryption_requirements_defined"": true, ""approved_algorithms_defined"": true, ""key_management_requirements_defined"": true, ""data_protection_scope_defined"": true, ""approved_by"": """", ""owner"": """", ""effective_date"": """", ""review_date"": """", ""created_time"": """", ""last_updated_time"": """"}",70b4419c-8544-47be-9f13-bc21356bd897
3a9522b4-ce80-4b6c-abf1-d957636782a9,POLICY,EV-133,Cryptographic Standards Document — Compliance,Supporting,policy_catalog,,,,False,2026-03-26 16:40:47,2026-03-27 05:49:22,,"{""document_id"": """", ""document_name"": """", ""document_version"": """", ""document_status"": """", ""approved_algorithms"": """", ""approved_protocols"": """", ""key_lengths_defined"": true, ""configuration_standards_defined"": true, ""deprecated_algorithms_listed"": true, ""approved_by"": """", ""owner"": """", ""publication_date"": """", ""last_reviewed_date"": """", ""created_time"": """", ""last_updated_time"": """"}",70b4419c-8544-47be-9f13-bc21356bd897
41aa2988-cbb8-473e-99b6-144e16879557,POLICY,EV-134,Human Resources Policy — Compliance,Required,policy_catalog,,,,True,2026-03-26 16:40:47,2026-03-27 05:49:22,,"{""policy_id"": """", ""policy_name"": """", ""policy_version"": """", ""policy_status"": """", ""performance_review_requirements_defined"": true, ""self_review_process_defined"": true, ""manager_review_process_defined"": true, ""probation_review_requirements_defined"": true, ""review_frequency_defined"": true, ""approved_by"": """", ""owner"": """", ""effective_date"": """", ""review_date"": """", ""created_time"": """", ""last_updated_time"": """"}",70b4419c-8544-47be-9f13-bc21356bd897
a4cad3f4-ad38-44cb-b612-33df17d57776,POLICY,EV-135,Employee Performance Review Procedure — Compliance,Required,policy_catalog,,,,True,2026-03-26 16:40:47,2026-03-27 05:49:22,,"{""procedure_id"": """", ""procedure_name"": """", ""procedure_version"": """", ""procedure_status"": """", ""self_review_defined"": true, ""manager_evaluation_defined"": true, ""review_cycle_defined"": true, ""evaluation_criteria_defined"": true, ""documentation_requirements_defined"": true, ""approved_by"": """", ""owner"": """", ""effective_date"": """", ""last_reviewed_date"": """", ""created_time"": """", ""last_updated_time"": """"}",70b4419c-8544-47be-9f13-bc21356bd897
839b801a-f5bb-40da-975c-afc8030a67f3,HRMS_GRC,EV-136,Employee Performance Review Records — HR,Supporting,hrms_catalog,,,,False,2026-03-26 16:40:47,2026-03-27 05:49:22,,"{""record_id"": """", ""employee_id"": """", ""employee_name"": """", ""review_cycle"": """", ""self_review_completed"": true, ""manager_review_completed"": true, ""review_date"": """", ""performance_rating"": """", ""feedback_provided"": true, ""review_status"": """", ""created_time"": """", ""last_updated_time"": """"}",465c7082-4a36-4567-b535-e6fe16994eec
6570630f-9542-4ca6-9d07-6bd367f393d0,HRMS_GRC,EV-137,Employee Probation Review Records — HR,Supporting,hrms_catalog,,,,False,2026-03-26 16:40:47,2026-03-27 05:49:22,,"{""record_id"": """", ""employee_id"": """", ""employee_name"": """", ""hire_date"": """", ""probation_review_required"": true, ""probation_review_completed"": true, ""review_date"": """", ""evaluation_result"": """", ""manager_id"": """", ""review_status"": """", ""created_time"": """", ""last_updated_time"": """"}",465c7082-4a36-4567-b535-e6fe16994eec
a55abe8c-b475-433c-b1a0-21e46312ca74,SECURITY_VULN_MGMT,EV-138,Patch Deployment Records — Security,Required,security_catalog,,,,True,2026-03-26 16:40:47,2026-03-27 05:49:22,,"{""deployment_id"": """", ""system_id"": """", ""system_name"": """", ""asset_id"": """", ""patch_id"": """", ""patch_name"": """", ""patch_version"": """", ""patch_severity"": """", ""deployment_status"": """", ""deployment_time"": """", ""applied"": true, ""reboot_required"": true, ""verified"": true, ""created_time"": """", ""last_updated_time"": """"}",cd545de5-0565-447b-89ef-f137d2267a70
16db0a3e-a030-4dbc-bb5c-d4bad7ead762,SECURITY_VULN_MGMT,EV-139,Vulnerability Scan Reports — Security,Supporting,security_catalog,,,,False,2026-03-26 16:40:47,2026-03-27 05:49:22,,"{""report_id"": """", ""system_id"": """", ""system_name"": """", ""scan_id"": """", ""scan_date"": """", ""missing_patches_identified"": true, ""vulnerabilities_identified"": """", ""severity_levels"": """", ""scan_status"": """", ""tool_name"": """", ""created_time"": """", ""last_updated_time"": """"}",cd545de5-0565-447b-89ef-f137d2267a70
79b069f5-37c8-4710-91eb-28ad7cdca6a2,SECURITY_VULN_MGMT,EV-14,AI Training Dataset Access Logs — Security,Supporting,security_catalog,,,,False,2026-03-26 16:40:46,2026-03-27 05:49:22,,"{""log_id"": """", ""dataset_id"": """", ""dataset_name"": """", ""user_id"": """", ""user_role"": """", ""access_type"": """", ""access_granted"": true, ""access_time"": """", ""source_ip"": """", ""access_purpose"": """", ""anomaly_detected"": true, ""created_time"": """"}",cd545de5-0565-447b-89ef-f137d2267a70
6ef8ea76-d3db-42f6-b684-f6e01c8461cb,HRMS_GRC,EV-140,Employee Policy Acknowledgement Records — HR,Required,hrms_catalog,,,,True,2026-03-26 16:40:47,2026-03-27 05:49:22,,"{""record_id"": """", ""employee_id"": """", ""employee_name"": """", ""policy_id"": """", ""policy_name"": """", ""policy_version"": """", ""acknowledged"": true, ""acknowledgement_date"": """", ""acknowledgement_method"": """", ""mandatory"": true, ""status"": """", ""verified"": true, ""created_time"": """", ""last_updated_time"": """"}",465c7082-4a36-4567-b535-e6fe16994eec
6804d27a-72c8-432b-a3ad-b075c24aad9c,MANUAL_EVIDENCE,EV-141,Penetration Test Reports — Compliance,Required,manual_evidence_catalog,,,,True,2026-03-26 16:40:47,2026-03-27 05:49:22,,"{""report_id"": """", ""vendor_name"": """", ""test_scope"": """", ""environment"": """", ""test_start_date"": """", ""test_end_date"": """", ""methodology_used"": """", ""vulnerabilities_identified"": """", ""critical_vulnerabilities"": 0, ""high_vulnerabilities"": 0, ""medium_vulnerabilities"": 0, ""low_vulnerabilities"": 0, ""overall_risk_rating"": """", ""report_date"": """", ""validated"": true, ""created_time"": """", ""last_updated_time"": """"}",70b4419c-8544-47be-9f13-bc21356bd897
89a3efa5-258c-40a0-87f9-0858bc44b60a,SECURITY_VULN_MGMT,EV-142,Vulnerability Remediation Reports — Security,Supporting,security_catalog,,,,False,2026-03-26 16:40:47,2026-03-27 05:49:22,,"{""report_id"": """", ""vulnerability_id"": """", ""severity"": """", ""status"": """", ""prioritization"": """", ""remediation_progress"": """", ""due_date"": """", ""resolution_date"": """", ""validated"": true, ""created_time"": """", ""last_updated_time"": """"}",cd545de5-0565-447b-89ef-f137d2267a70
2406ab03-3598-44ca-ba29-6c8adf74015f,POLICY,EV-143,Recruitment and Hiring Policy — Compliance,Required,policy_catalog,,,,True,2026-03-26 16:40:47,2026-03-27 05:49:22,,"{""policy_id"": """", ""policy_name"": """", ""policy_version"": """", ""policy_status"": """", ""hiring_process_defined"": true, ""candidate_evaluation_requirements_defined"": true, ""interview_process_defined"": true, ""selection_criteria_defined"": true, ""approved_by"": """", ""owner"": """", ""effective_date"": """", ""review_date"": """", ""created_time"": """", ""last_updated_time"": """"}",70b4419c-8544-47be-9f13-bc21356bd897
15593917-4335-4654-83e9-ad5c3afcbb28,HRMS_GRC,EV-144,Candidate Interview Evaluation Records — HR,Supporting,hrms_catalog,,,,False,2026-03-26 16:40:47,2026-03-27 05:49:22,,"{""record_id"": """", ""candidate_id"": """", ""candidate_name"": """", ""position_applied"": """", ""interview_stage"": """", ""interviewer_id"": """", ""interviewer_name"": """", ""evaluation_score"": """", ""feedback"": """", ""decision"": """", ""decision_date"": """", ""hiring_status"": """", ""created_time"": """", ""last_updated_time"": """"}",465c7082-4a36-4567-b535-e6fe16994eec
af8e4d39-e26e-426a-b1f0-43454998a4d5,ITSM_GRC,EV-145,Access Request and Approval Records — ITSM,Required,itsm_catalog,,,,True,2026-03-26 16:40:47,2026-03-27 05:49:22,,"{""record_id"": """", ""request_id"": """", ""ticket_id"": """", ""user_id"": """", ""user_name"": """", ""system_id"": """", ""system_name"": """", ""requested_role"": """", ""business_justification"": """", ""approved"": true, ""approver_id"": """", ""approver_role"": """", ""approval_time"": """", ""approval_status"": """", ""provisioned"": true, ""provisioning_time"": """", ""created_time"": """", ""last_updated_time"": """"}",cd4015e2-8a3f-4f54-a3ee-9dfddb048f84
1661af1b-ad6d-462f-970b-a697508e169b,HRMS_GRC,EV-146,Job Description Documents — HR,Required,hrms_catalog,,,,True,2026-03-26 16:40:47,2026-03-27 05:49:22,,"{""document_id"": """", ""job_title"": """", ""department"": """", ""role_description"": """", ""responsibilities"": """", ""required_qualifications"": """", ""reporting_manager_role"": """", ""employment_type"": """", ""document_version"": """", ""document_status"": """", ""approved_by"": """", ""effective_date"": """", ""created_time"": """", ""last_updated_time"": """"}",465c7082-4a36-4567-b535-e6fe16994eec
6f616dce-80f3-4daf-abf6-84da12e48df6,ITSM_GRC,EV-147,Access Revocation Ticket Records — ITSM,Supporting,itsm_catalog,,,,False,2026-03-26 16:40:47,2026-03-27 05:49:22,,"{""ticket_id"": """", ""user_id"": """", ""system_id"": """", ""access_role"": """", ""issue_identified"": """", ""revocation_required"": true, ""revocation_completed"": true, ""revocation_time"": """", ""status"": """", ""assigned_to"": """", ""resolution_details"": """", ""created_time"": """", ""last_updated_time"": """"}",cd4015e2-8a3f-4f54-a3ee-9dfddb048f84
866cb36e-71f2-451b-85c6-647da50d8a9b,POLICY,EV-148,Vendor Risk Management Policy — Compliance,Supporting,policy_catalog,,,,False,2026-03-26 16:40:47,2026-03-27 05:49:22,,"{""policy_id"": """", ""policy_name"": """", ""policy_version"": """", ""policy_status"": """", ""vendor_due_diligence_requirements_defined"": true, ""risk_assessment_requirements_defined"": true, ""sensitive_data_vendor_controls_defined"": true, ""review_and_approval_requirements_defined"": true, ""approved_by"": """", ""owner"": """", ""effective_date"": """", ""review_date"": """", ""created_time"": """", ""last_updated_time"": """"}",70b4419c-8544-47be-9f13-bc21356bd897
a722d6fd-3a21-461e-adbd-23c15b738b84,MANUAL_EVIDENCE,EV-149,Vendor Risk Assessment Records — Compliance,Required,manual_evidence_catalog,,,,True,2026-03-26 16:40:47,2026-03-27 05:49:22,,"{""assessment_id"": """", ""vendor_id"": """", ""vendor_name"": """", ""assessment_scope"": """", ""data_classification"": """", ""assessment_date"": """", ""assessment_status"": """", ""risk_level"": """", ""questionnaire_completed"": true, ""findings"": """", ""compliance_status"": """", ""approved"": true, ""approved_by"": """", ""review_date"": """", ""created_time"": """", ""last_updated_time"": """"}",70b4419c-8544-47be-9f13-bc21356bd897
17c11ec9-7a7d-44e6-88c0-54e7d8222dec,POLICY,EV-15,Asset Management Policy — Compliance,Supporting,policy_catalog,,,,False,2026-03-26 16:40:46,2026-03-27 05:49:22,,"{""policy_id"": """", ""policy_name"": """", ""policy_version"": """", ""policy_status"": """", ""asset_inventory_requirements_defined"": true, ""asset_tracking_requirements_defined"": true, ""asset_classification_defined"": true, ""ownership_requirements_defined"": true, ""approved_by"": """", ""owner"": """", ""effective_date"": """", ""review_date"": """", ""created_time"": """", ""last_updated_time"": """"}",70b4419c-8544-47be-9f13-bc21356bd897
ddbba91f-1858-411a-b3a6-f8f0b544d6fe,POLICY,EV-150,Role-Based Access Matrix — Compliance,Required,policy_catalog,,,,True,2026-03-26 16:40:47,2026-03-27 05:49:22,,"{""matrix_id"": """", ""system_id"": """", ""system_name"": """", ""role_name"": """", ""role_description"": """", ""permissions_assigned"": """", ""data_access_scope"": """", ""least_privilege_aligned"": true, ""segregation_of_duties_enforced"": true, ""approved_by"": """", ""effective_date"": """", ""created_time"": """", ""last_updated_time"": """"}",70b4419c-8544-47be-9f13-bc21356bd897
726fa5cc-37e6-4778-869f-172095457515,IAM_COMPLIANCE,EV-151,Role Configuration Records — IAM,Required,iam_catalog,,,,True,2026-03-26 16:40:47,2026-03-27 05:49:22,,"{""configuration_id"": """", ""system_id"": """", ""system_name"": """", ""role_id"": """", ""role_name"": """", ""permissions"": """", ""role_status"": """", ""default_role"": true, ""custom_role"": true, ""last_verified_time"": """", ""created_time"": """", ""last_updated_time"": """", ""owner"": """"}",311fd3a8-255b-4bc8-b6a0-0fe625d81341
4a3932d6-dab6-49b3-9347-c5f18df9c540,POLICY,EV-152,Data Subject Request Handling Procedure — Compliance,Supporting,policy_catalog,,,,False,2026-03-26 16:40:47,2026-03-27 05:49:22,,"{""procedure_id"": """", ""procedure_name"": """", ""procedure_version"": """", ""procedure_status"": """", ""request_intake_defined"": true, ""identity_verification_required"": true, ""processing_steps_defined"": true, ""approval_workflow_defined"": true, ""sla_defined"": true, ""approved_by"": """", ""owner"": """", ""effective_date"": """", ""last_reviewed_date"": """", ""created_time"": """", ""last_updated_time"": """"}",70b4419c-8544-47be-9f13-bc21356bd897
961c959b-a4b6-4372-a576-fccd7f2daecf,ITSM_GRC,EV-153,Data Subject Request Ticket Records — ITSM,Required,itsm_catalog,,,,True,2026-03-26 16:40:47,2026-03-27 05:49:22,,"{""ticket_id"": """", ""request_id"": """", ""request_type"": """", ""data_subject_id"": """", ""data_subject_name"": """", ""request_submission_date"": """", ""identity_verified"": true, ""system_scope"": """", ""approval_status"": """", ""approved_by"": """", ""processing_status"": """", ""completion_date"": """", ""sla_met"": true, ""created_time"": """", ""last_updated_time"": """"}",cd4015e2-8a3f-4f54-a3ee-9dfddb048f84
d6ef6af9-b24d-44ca-b548-a0564d18d72c,IAM_COMPLIANCE,EV-154,MFA Configuration Records — IAM,Required,iam_catalog,,,,True,2026-03-26 16:40:47,2026-03-27 05:49:22,,"{""configuration_id"": """", ""identity_provider_id"": """", ""identity_provider_name"": """", ""system_id"": """", ""system_name"": """", ""mfa_enabled"": true, ""mfa_methods"": """", ""mfa_enforced_for_privileged_accounts"": true, ""mfa_enforced_for_all_users"": true, ""policy_applied"": true, ""configuration_status"": """", ""last_verified_time"": """", ""created_time"": """", ""last_updated_time"": """", ""owner"": """"}",311fd3a8-255b-4bc8-b6a0-0fe625d81341
99c59387-9cf3-4576-98c1-2bd1a0739665,POLICY,EV-155,Risk Register — Compliance,Required,policy_catalog,,,,True,2026-03-26 16:40:47,2026-03-27 05:49:22,,"{""risk_id"": """", ""risk_description"": """", ""risk_category"": """", ""likelihood"": """", ""impact"": """", ""risk_rating"": """", ""mitigation_action"": """", ""risk_owner"": """", ""status"": """", ""treatment_plan_defined"": true, ""last_reviewed_date"": """", ""created_time"": """", ""last_updated_time"": """"}",70b4419c-8544-47be-9f13-bc21356bd897
de5d337c-4663-4c77-a543-6973d9b304a3,POLICY,EV-156,Cryptography and Key Management Policy — Compliance,Supporting,policy_catalog,,,,False,2026-03-26 16:40:47,2026-03-27 05:49:22,,"{""policy_id"": """", ""policy_name"": """", ""policy_version"": """", ""policy_status"": """", ""encryption_at_rest_requirements_defined"": true, ""approved_cryptographic_controls_defined"": true, ""key_management_requirements_defined"": true, ""sensitive_data_scope_defined"": true, ""approved_by"": """", ""owner"": """", ""effective_date"": """", ""review_date"": """", ""created_time"": """", ""last_updated_time"": """"}",70b4419c-8544-47be-9f13-bc21356bd897
55123e73-622a-493e-b8e5-0833f1c6e12d,DEVOPS_DEVTOOLS,EV-157,Storage Encryption Configuration Records — DevOps,Required,devtools_catalog,,,,True,2026-03-26 16:40:47,2026-03-27 05:49:22,,"{""configuration_id"": """", ""system_id"": """", ""system_name"": """", ""storage_resource_id"": """", ""storage_resource_type"": """", ""encryption_enabled"": true, ""encryption_type"": """", ""encryption_scope"": """", ""key_management_service"": """", ""customer_managed_keys_used"": true, ""default_encryption_enforced"": true, ""configuration_status"": """", ""last_verified_time"": """", ""created_time"": """", ""last_updated_time"": """", ""owner"": """"}",6874f3ab-44fc-4b3e-a95e-bd01e03bf933
1941acce-d6d1-408d-a81e-6bb53b94e324,POLICY,EV-158,Data Masking and Anonymization Procedure — Compliance,Supporting,policy_catalog,,,,False,2026-03-26 16:40:47,2026-03-27 05:49:22,,"{""procedure_id"": """", ""procedure_name"": """", ""procedure_version"": """", ""procedure_status"": """", ""data_masking_methods_defined"": true, ""anonymization_techniques_defined"": true, ""applicability_scope_defined"": true, ""validation_process_defined"": true, ""approved_by"": """", ""owner"": """", ""effective_date"": """", ""last_reviewed_date"": """", ""created_time"": """", ""last_updated_time"": """"}",70b4419c-8544-47be-9f13-bc21356bd897
ba5009d0-0643-4308-a350-3e24bf132a5d,ITSM_GRC,EV-159,Production Data Access Approval Records — ITSM,Required,itsm_catalog,,,,True,2026-03-26 16:40:47,2026-03-27 05:49:22,,"{""record_id"": """", ""request_id"": """", ""ticket_id"": """", ""requester_id"": """", ""requester_name"": """", ""data_scope"": """", ""purpose"": """", ""sanitization_required"": true, ""anonymization_required"": true, ""approved"": true, ""approver_id"": """", ""approval_time"": """", ""approval_status"": """", ""data_transfer_allowed"": true, ""created_time"": """", ""last_updated_time"": """"}",cd4015e2-8a3f-4f54-a3ee-9dfddb048f84
dae1be87-fd37-4894-8bb0-3a66c5319024,CLOUD_INFRA,EV-16,Asset Inventory Register — Cloud,Required,cloud_catalog,,,,True,2026-03-26 16:40:46,2026-03-27 05:49:22,,"{""asset_id"": """", ""asset_name"": """", ""asset_type"": """", ""asset_category"": """", ""environment"": """", ""asset_status"": """", ""owner"": """", ""location"": """", ""data_classification"": """", ""in_inventory"": true, ""provisioned_date"": """", ""last_verified_time"": """", ""created_time"": """", ""last_updated_time"": """"}",1721b991-e491-4953-b2bb-ca35d815024f
65ab35db-457b-4893-9859-911c961fa659,HRMS_GRC,EV-160,Acceptable Use Policy Acknowledgement Records — HR,Supporting,hrms_catalog,,,,False,2026-03-26 16:40:47,2026-03-27 05:49:22,,"{""record_id"": """", ""employee_id"": """", ""employee_name"": """", ""policy_id"": """", ""policy_version"": """", ""acknowledged"": true, ""acknowledgement_date"": """", ""acknowledgement_method"": """", ""mandatory"": true, ""status"": """", ""verified"": true, ""created_time"": """", ""last_updated_time"": """"}",465c7082-4a36-4567-b535-e6fe16994eec
5c1e6ce3-feb0-4956-83ce-c7a13d2ead64,SECURITY_VULN_MGMT,EV-161,Security Logging Configuration Records — Security,Required,security_catalog,,,,True,2026-03-26 16:40:47,2026-03-27 05:49:22,,"{""configuration_id"": """", ""system_id"": """", ""system_name"": """", ""log_source_type"": """", ""logging_enabled"": true, ""authentication_events_logged"": true, ""privilege_changes_logged"": true, ""system_activity_logged"": true, ""log_retention_period"": """", ""log_forwarding_enabled"": true, ""configuration_status"": """", ""last_verified_time"": """", ""created_time"": """", ""last_updated_time"": """", ""owner"": """"}",cd545de5-0565-447b-89ef-f137d2267a70
815d52bb-45ea-4df3-acee-478a6c86c236,MANUAL_EVIDENCE,EV-162,Backup Restore Test Reports — Compliance,Required,manual_evidence_catalog,,,,True,2026-03-26 16:40:47,2026-03-27 05:49:22,,"{""report_id"": """", ""system_id"": """", ""system_name"": """", ""test_scope"": """", ""test_date"": """", ""backup_source"": """", ""restore_target"": """", ""restore_successful"": true, ""end_to_end_validation_passed"": true, ""recovery_time"": """", ""issues_identified"": """", ""test_status"": """", ""tested_by"": """", ""approved_by"": """", ""created_time"": """", ""last_updated_time"": """"}",70b4419c-8544-47be-9f13-bc21356bd897
204224fd-87f8-47c6-9321-6a2e8fac096e,POLICY,EV-163,Endpoint Security Policy — Compliance,Supporting,policy_catalog,,,,False,2026-03-26 16:40:47,2026-03-27 05:49:22,,"{""policy_id"": """", ""policy_name"": """", ""policy_version"": """", ""policy_status"": """", ""antivirus_requirements_defined"": true, ""malware_protection_required"": true, ""endpoint_monitoring_requirements_defined"": true, ""compliance_enforcement_defined"": true, ""approved_by"": """", ""owner"": """", ""effective_date"": """", ""review_date"": """", ""created_time"": """", ""last_updated_time"": """"}",70b4419c-8544-47be-9f13-bc21356bd897
8835c461-ed34-4c9f-a80f-df0e3c9d7803,SECURITY_VULN_MGMT,EV-164,Endpoint Protection Configuration Records — Security,Required,security_catalog,,,,True,2026-03-26 16:40:47,2026-03-27 05:49:22,,"{""configuration_id"": """", ""endpoint_id"": """", ""endpoint_name"": """", ""os_type"": """", ""antivirus_enabled"": true, ""edr_enabled"": true, ""real_time_protection_enabled"": true, ""signature_update_status"": """", ""last_scan_time"": """", ""protection_status"": """", ""policy_applied"": true, ""compliant"": true, ""created_time"": """", ""last_updated_time"": """", ""owner"": """"}",cd545de5-0565-447b-89ef-f137d2267a70
23cf7f4d-749f-42fd-b53a-dcb34ab13469,SECURITY_VULN_MGMT,EV-165,Endpoint Malware Detection Logs — Security,Supporting,security_catalog,,,,False,2026-03-26 16:40:47,2026-03-27 05:49:22,,"{""log_id"": """", ""endpoint_id"": """", ""endpoint_name"": """", ""event_type"": """", ""malware_detected"": true, ""threat_name"": """", ""severity"": """", ""action_taken"": """", ""detection_time"": """", ""status"": """", ""created_time"": """"}",cd545de5-0565-447b-89ef-f137d2267a70
7103be15-a189-4fc6-a69e-2cb10ca17180,DEVOPS_DEVTOOLS,EV-166,Backup Storage Location Configuration — DevOps,Supporting,devtools_catalog,,,,False,2026-03-26 16:40:47,2026-03-27 05:49:22,,"{""configuration_id"": """", ""backup_id"": """", ""primary_region"": """", ""secondary_region"": """", ""geo_redundancy_enabled"": true, ""storage_location_type"": """", ""replication_status"": """", ""last_verified_time"": """", ""created_time"": """", ""last_updated_time"": """"}",6874f3ab-44fc-4b3e-a95e-bd01e03bf933
fe5e593c-6f59-4fa8-96cd-37a2b0aa1029,IAM_COMPLIANCE,EV-167,Backup Access Control Configuration Records — IAM,Supporting,iam_catalog,,,,False,2026-03-26 16:40:47,2026-03-27 05:49:22,,"{""configuration_id"": """", ""backup_resource_id"": """", ""system_id"": """", ""access_control_enabled"": true, ""role_based_access_applied"": true, ""privileged_access_restricted"": true, ""access_policy_id"": """", ""access_review_required"": true, ""configuration_status"": """", ""last_verified_time"": """", ""created_time"": """", ""last_updated_time"": """", ""owner"": """"}",311fd3a8-255b-4bc8-b6a0-0fe625d81341
b561cd2f-0b2f-43b8-aeb8-cc090a33f934,DEVOPS_DEVTOOLS,EV-168,Data Encryption Configuration Records — DevOps,Required,devtools_catalog,,,,True,2026-03-26 16:40:47,2026-03-27 05:49:22,,"{""configuration_id"": """", ""storage_service_type"": """", ""storage_resource_id"": """", ""storage_resource_name"": """", ""encryption_enabled"": true, ""encryption_type"": """", ""server_side_encryption_enabled"": true, ""encryption_key_type"": """", ""default_encryption_enforced"": true, ""public_access_blocked"": true, ""configuration_status"": """", ""last_verified_time"": """", ""created_time"": """", ""last_updated_time"": """", ""owner"": """"}",6874f3ab-44fc-4b3e-a95e-bd01e03bf933
189d72c0-b2c0-4181-90d0-07ea1f1b0c17,DEVOPS_DEVTOOLS,EV-169,Application Performance Monitoring Configuration Records — DevOps,Required,devtools_catalog,,,,True,2026-03-26 16:40:47,2026-03-27 05:49:22,,"{""configuration_id"": """", ""application_id"": """", ""application_name"": """", ""monitoring_tool_name"": """", ""monitoring_enabled"": true, ""metrics_collection_enabled"": true, ""alerting_enabled"": true, ""thresholds_defined"": true, ""log_collection_enabled"": true, ""configuration_status"": """", ""last_verified_time"": """", ""created_time"": """", ""last_updated_time"": """", ""owner"": """"}",6874f3ab-44fc-4b3e-a95e-bd01e03bf933
76c975bb-bc0c-44e3-805f-d2b5c6230cd1,CLOUD_INFRA,EV-17,Asset Ownership Records — Cloud,Supporting,cloud_catalog,,,,False,2026-03-26 16:40:46,2026-03-27 05:49:22,,"{""record_id"": """", ""asset_id"": """", ""asset_name"": """", ""owner_id"": """", ""owner_name"": """", ""owner_role"": """", ""ownership_assigned"": true, ""assignment_date"": """", ""status"": """", ""created_time"": """", ""last_updated_time"": """"}",1721b991-e491-4953-b2bb-ca35d815024f
ae16885e-500f-4469-bba2-55462afc91e1,SECURITY_VULN_MGMT,EV-170,Performance Monitoring Reports — Security,Supporting,security_catalog,,,,False,2026-03-26 16:40:47,2026-03-27 05:49:22,,"{""report_id"": """", ""application_id"": """", ""application_name"": """", ""reporting_period_start"": """", ""reporting_period_end"": """", ""performance_metrics"": """", ""alerts_triggered"": """", ""incident_detected"": true, ""response_actions"": """", ""report_generated_time"": """", ""created_time"": """", ""last_updated_time"": """"}",cd545de5-0565-447b-89ef-f137d2267a70
4536b18c-1e30-4652-9e02-e99a5608a46b,POLICY,EV-171,System Hardening Checklist — Compliance,Required,policy_catalog,,,,True,2026-03-26 16:40:47,2026-03-27 05:49:22,,"{""checklist_id"": """", ""device_type"": """", ""os_type"": """", ""baseline_configuration_defined"": true, ""security_controls_defined"": true, ""hardening_settings"": """", ""compliance_required"": true, ""approved_by"": """", ""effective_date"": """", ""version"": """", ""created_time"": """", ""last_updated_time"": """"}",70b4419c-8544-47be-9f13-bc21356bd897
8a4a30f8-60d7-4ec0-8a85-288ff1ca9b8d,DEVOPS_DEVTOOLS,EV-172,Utilization Monitoring Configuration Records — DevOps,Required,devtools_catalog,,,,True,2026-03-26 16:40:47,2026-03-27 05:49:22,,"{""configuration_id"": """", ""system_id"": """", ""system_name"": """", ""monitoring_tool_name"": """", ""monitoring_enabled"": true, ""cpu_monitoring_enabled"": true, ""memory_monitoring_enabled"": true, ""storage_monitoring_enabled"": true, ""thresholds_defined"": true, ""alerting_enabled"": true, ""configuration_status"": """", ""last_verified_time"": """", ""created_time"": """", ""last_updated_time"": """", ""owner"": """"}",6874f3ab-44fc-4b3e-a95e-bd01e03bf933
b17e1cca-0cfa-4d7f-8eb4-8a6c6d27088f,SECURITY_VULN_MGMT,EV-173,System Utilization Monitoring Reports — Security,Supporting,security_catalog,,,,False,2026-03-26 16:40:47,2026-03-27 05:49:22,,"{""report_id"": """", ""system_id"": """", ""system_name"": """", ""reporting_period_start"": """", ""reporting_period_end"": """", ""cpu_usage"": """", ""memory_usage"": """", ""storage_usage"": """", ""threshold_breaches"": """", ""alerts_triggered"": """", ""capacity_issues_identified"": true, ""report_generated_time"": """", ""created_time"": """", ""last_updated_time"": """"}",cd545de5-0565-447b-89ef-f137d2267a70
136d443c-a263-41e2-9225-86e6b2973c91,DEVOPS_DEVTOOLS,EV-174,Key Management System Configuration Records — DevOps,Required,devtools_catalog,,,,True,2026-03-26 16:40:47,2026-03-27 05:49:22,,"{""configuration_id"": """", ""kms_id"": """", ""kms_name"": """", ""cloud_provider"": """", ""kms_enabled"": true, ""provider_managed_keys_used"": true, ""key_rotation_enabled"": true, ""key_rotation_frequency"": """", ""access_control_enabled"": true, ""audit_logging_enabled"": true, ""configuration_status"": """", ""last_verified_time"": """", ""created_time"": """", ""last_updated_time"": """", ""owner"": """"}",6874f3ab-44fc-4b3e-a95e-bd01e03bf933
821857ad-9409-4836-9e5b-0396ce94a169,DEVOPS_DEVTOOLS,EV-175,Encryption Key Usage Reports — DevOps,Supporting,devtools_catalog,,,,False,2026-03-26 16:40:47,2026-03-27 05:49:22,,"{""report_id"": """", ""kms_id"": """", ""key_id"": """", ""resource_id"": """", ""resource_type"": """", ""usage_type"": """", ""encryption_applied"": true, ""last_used_time"": """", ""usage_status"": """", ""created_time"": """", ""last_updated_time"": """"}",6874f3ab-44fc-4b3e-a95e-bd01e03bf933
40f4e7e5-772a-4187-a87e-ca510e03100a,MANUAL_EVIDENCE,EV-176,Privacy Policy Publication Records — Compliance,Supporting,manual_evidence_catalog,,,,False,2026-03-26 16:40:47,2026-03-27 05:49:22,,"{""record_id"": """", ""policy_id"": """", ""website_url"": """", ""public_access_verified"": true, ""publication_date"": """", ""last_verified_date"": """", ""evidence_type"": """", ""evidence_location"": """", ""status"": """", ""verified_by"": """", ""created_time"": """", ""last_updated_time"": """"}",70b4419c-8544-47be-9f13-bc21356bd897
62355a6d-7c7b-4449-b055-4d76af770fdd,DEVOPS_DEVTOOLS,EV-177,TLS Configuration Records — DevOps,Required,devtools_catalog,,,,True,2026-03-26 16:40:47,2026-03-27 05:49:22,,"{""configuration_id"": """", ""endpoint_id"": """", ""endpoint_url"": """", ""tls_enabled"": true, ""tls_version"": """", ""certificate_id"": """", ""certificate_issuer"": """", ""certificate_valid"": true, ""certificate_expiry_date"": """", ""strong_cipher_suites_enabled"": true, ""configuration_status"": """", ""last_verified_time"": """", ""created_time"": """", ""last_updated_time"": """", ""owner"": """"}",6874f3ab-44fc-4b3e-a95e-bd01e03bf933
cd5ae248-7dd9-4d0b-bcc8-d20b318602c9,SECURITY_VULN_MGMT,EV-178,TLS Security Scan Reports — Security,Supporting,security_catalog,,,,False,2026-03-26 16:40:47,2026-03-27 05:49:22,,"{""report_id"": """", ""endpoint_id"": """", ""endpoint_url"": """", ""scan_tool_name"": """", ""scan_date"": """", ""tls_grade"": """", ""vulnerabilities_identified"": """", ""weak_configurations_detected"": true, ""scan_status"": """", ""created_time"": """", ""last_updated_time"": """"}",cd545de5-0565-447b-89ef-f137d2267a70
44ffa077-7538-4627-a546-b9fade3d6b02,POLICY,EV-179,System Hardening Policy — Compliance,Supporting,policy_catalog,,,,False,2026-03-26 16:40:47,2026-03-27 05:49:22,,"{""policy_id"": """", ""policy_name"": """", ""policy_version"": """", ""policy_status"": """", ""host_hardening_requirements_defined"": true, ""vm_security_baseline_defined"": true, ""container_security_baseline_defined"": true, ""configuration_as_code_required"": true, ""approved_by"": """", ""owner"": """", ""effective_date"": """", ""review_date"": """", ""created_time"": """", ""last_updated_time"": """"}",70b4419c-8544-47be-9f13-bc21356bd897
d74fc536-15c7-4a44-9f4e-045aabab886d,ITSM_GRC,EV-18,Asset Provisioning Tickets — ITSM,Supporting,itsm_catalog,,,,False,2026-03-26 16:40:46,2026-03-27 05:49:22,,"{""ticket_id"": """", ""asset_id"": """", ""asset_name"": """", ""request_type"": """", ""provisioning_status"": """", ""approved"": true, ""requested_by"": """", ""approved_by"": """", ""provisioned_by"": """", ""request_time"": """", ""approval_time"": """", ""provisioning_time"": """", ""created_time"": """", ""last_updated_time"": """"}",cd4015e2-8a3f-4f54-a3ee-9dfddb048f84
98211b5d-45a6-4ea3-bbac-fac4a2f575ac,DEVOPS_DEVTOOLS,EV-180,System Hardening Playbooks — DevOps,Required,devtools_catalog,,,,True,2026-03-26 16:40:47,2026-03-27 05:49:22,,"{""playbook_id"": """", ""repository_id"": """", ""playbook_name"": """", ""target_environment"": """", ""hardening_controls_defined"": true, ""automation_enabled"": true, ""version"": """", ""approved"": true, ""approved_by"": """", ""last_updated_time"": """", ""created_time"": """", ""status"": """"}",6874f3ab-44fc-4b3e-a95e-bd01e03bf933
0811d0b3-bfe7-4b76-ac6f-89c841fce1ab,DEVOPS_DEVTOOLS,EV-181,Infrastructure Build Configuration Records — DevOps,Supporting,devtools_catalog,,,,False,2026-03-26 16:40:47,2026-03-27 05:49:22,,"{""build_id"": """", ""system_id"": """", ""system_name"": """", ""playbook_id"": """", ""provisioning_method"": """", ""hardening_applied"": true, ""build_status"": """", ""provisioned_time"": """", ""validated"": true, ""created_time"": """", ""last_updated_time"": """", ""owner"": """"}",6874f3ab-44fc-4b3e-a95e-bd01e03bf933
98edbe42-44c7-4006-b92d-f77721ba1a7c,SECURITY_VULN_MGMT,EV-182,Firewall Configuration Records — Security,Required,security_catalog,,,,True,2026-03-26 16:40:47,2026-03-27 05:49:22,,"{""configuration_id"": """", ""firewall_id"": """", ""firewall_name"": """", ""rule_id"": """", ""rule_name"": """", ""direction"": """", ""protocol"": """", ""port_range"": """", ""source"": """", ""destination"": """", ""action"": """", ""least_privilege_applied"": true, ""rule_status"": """", ""last_reviewed_time"": """", ""created_time"": """", ""last_updated_time"": """"}",cd545de5-0565-447b-89ef-f137d2267a70
2489398f-1913-4529-9a23-cc557815b573,SECURITY_VULN_MGMT,EV-183,Firewall Rule Review Reports — Security,Supporting,security_catalog,,,,False,2026-03-26 16:40:47,2026-03-27 05:49:22,,"{""report_id"": """", ""firewall_id"": """", ""review_period_start"": """", ""review_period_end"": """", ""total_rules_reviewed"": 0, ""non_compliant_rules"": 0, ""excessive_access_detected"": true, ""review_summary"": """", ""reviewed_by"": """", ""review_date"": """", ""report_status"": """", ""created_time"": """", ""last_updated_time"": """"}",cd545de5-0565-447b-89ef-f137d2267a70
20acf89f-1631-4197-bc99-47e99ede0775,PHYSICAL_SECURITY,EV-184,Physical Access Control System Records — Physical,Required,physical_security_catalog,,,,True,2026-03-26 16:40:47,2026-03-27 05:49:22,,"{""record_id"": """", ""user_id"": """", ""user_name"": """", ""badge_id"": """", ""access_level"": """", ""facility_id"": """", ""facility_name"": """", ""access_granted"": true, ""assigned_date"": """", ""access_status"": """", ""last_access_time"": """", ""created_time"": """", ""last_updated_time"": """"}",2e615251-860d-4f37-9c1e-7334b67fdff4
10e812c7-a595-43fc-b752-9f728ca51f79,PHYSICAL_SECURITY,EV-185,Physical Access Revocation Records — Physical,Supporting,physical_security_catalog,,,,False,2026-03-26 16:40:47,2026-03-27 05:49:22,,"{""record_id"": """", ""user_id"": """", ""badge_id"": """", ""facility_id"": """", ""revocation_reason"": """", ""revoked"": true, ""revocation_date"": """", ""processed_by"": """", ""status"": """", ""created_time"": """", ""last_updated_time"": """"}",2e615251-860d-4f37-9c1e-7334b67fdff4
574b15b0-8d17-4962-bf51-6c0a9f650b2d,PHYSICAL_SECURITY,EV-186,Physical Access Review Reports — Physical,Supporting,physical_security_catalog,,,,False,2026-03-26 16:40:47,2026-03-27 05:49:22,,"{""report_id"": """", ""facility_id"": """", ""facility_name"": """", ""review_period_start"": """", ""review_period_end"": """", ""total_users_reviewed"": 0, ""unauthorized_access_detected"": true, ""review_summary"": """", ""reviewed_by"": """", ""review_date"": """", ""report_status"": """", ""created_time"": """", ""last_updated_time"": """"}",2e615251-860d-4f37-9c1e-7334b67fdff4
c6d80648-f6d2-4b98-816b-b01fc1e6d84b,SECURITY_VULN_MGMT,EV-187,Administrative Activity Logs — Security,Required,security_catalog,,,,True,2026-03-26 16:40:47,2026-03-27 05:49:22,,"{""log_id"": """", ""user_id"": """", ""user_name"": """", ""system_id"": """", ""system_name"": """", ""action_performed"": """", ""privileged_action"": true, ""timestamp"": """", ""source_ip"": """", ""status"": """", ""log_integrity_verified"": true, ""created_time"": """", ""last_updated_time"": """"}",cd545de5-0565-447b-89ef-f137d2267a70
5eff415c-75e9-41b2-b483-02b7b12cf7d1,SECURITY_VULN_MGMT,EV-188,Centralized Log Storage Configuration Records — Security,Supporting,security_catalog,,,,False,2026-03-26 16:40:47,2026-03-27 05:49:22,,"{""configuration_id"": """", ""logging_system_id"": """", ""logging_system_name"": """", ""log_forwarding_enabled"": true, ""centralized_storage_enabled"": true, ""separate_storage_location"": true, ""storage_location"": """", ""encryption_enabled"": true, ""configuration_status"": """", ""last_verified_time"": """", ""created_time"": """", ""last_updated_time"": """"}",cd545de5-0565-447b-89ef-f137d2267a70
3a9317d0-f98c-4572-803a-70a882e843ea,IAM_COMPLIANCE,EV-189,Log Access Control Configuration Records — IAM,Supporting,iam_catalog,,,,False,2026-03-26 16:40:47,2026-03-27 05:49:22,,"{""configuration_id"": """", ""logging_system_id"": """", ""access_control_enabled"": true, ""role_based_access_applied"": true, ""privileged_access_restricted"": true, ""access_policy_id"": """", ""access_review_required"": true, ""last_verified_time"": """", ""created_time"": """", ""last_updated_time"": """", ""owner"": """"}",311fd3a8-255b-4bc8-b6a0-0fe625d81341
f80b9044-1351-473b-b814-e9c1393c25f7,ITSM_GRC,EV-19,Asset Decommissioning Tickets — ITSM,Supporting,itsm_catalog,,,,False,2026-03-26 16:40:46,2026-03-27 05:49:22,,"{""ticket_id"": """", ""asset_id"": """", ""asset_name"": """", ""decommission_status"": """", ""decommission_approved"": true, ""requested_by"": """", ""approved_by"": """", ""decommissioned_by"": """", ""request_time"": """", ""approval_time"": """", ""decommission_time"": """", ""reason"": """", ""created_time"": """", ""last_updated_time"": """"}",cd4015e2-8a3f-4f54-a3ee-9dfddb048f84
f614d7de-8eee-4a30-84e1-beacdb4efda4,POLICY,EV-190,Data Retention and Disposal Policy — Compliance,Supporting,policy_catalog,,,,False,2026-03-26 16:40:47,2026-03-27 05:49:22,,"{""policy_id"": """", ""policy_name"": """", ""policy_version"": """", ""policy_status"": """", ""data_retention_requirements_defined"": true, ""secure_disposal_requirements_defined"": true, ""data_sanitization_requirements_defined"": true, ""data_anonymization_requirements_defined"": true, ""approved_by"": """", ""owner"": """", ""effective_date"": """", ""review_date"": """", ""created_time"": """", ""last_updated_time"": """"}",70b4419c-8544-47be-9f13-bc21356bd897
560ebe9c-f665-403f-a1a3-537efd26cf46,SECURITY_VULN_MGMT,EV-191,Data Deletion Execution Logs — Security,Required,security_catalog,,,,True,2026-03-26 16:40:47,2026-03-27 05:49:22,,"{""log_id"": """", ""data_resource_id"": """", ""data_type"": """", ""deletion_method"": """", ""anonymization_applied"": true, ""deletion_executed"": true, ""execution_status"": """", ""executed_by"": """", ""execution_time"": """", ""verification_status"": """", ""created_time"": """", ""last_updated_time"": """"}",cd545de5-0565-447b-89ef-f137d2267a70
6e0712f4-89c9-402b-95bd-13beb1f3ce12,MANUAL_EVIDENCE,EV-192,Data Disposal Verification Reports — Compliance,Supporting,manual_evidence_catalog,,,,False,2026-03-26 16:40:47,2026-03-27 05:49:22,,"{""report_id"": """", ""data_resource_id"": """", ""data_type"": """", ""disposal_method"": """", ""anonymization_verified"": true, ""retention_policy_compliance"": true, ""verification_summary"": """", ""verified_by"": """", ""verification_date"": """", ""report_status"": """", ""created_time"": """", ""last_updated_time"": """"}",70b4419c-8544-47be-9f13-bc21356bd897
1a21fbd2-f730-4fcd-8057-ef8d452b8205,SECURITY_VULN_MGMT,EV-193,Centralized Log Collection Configuration Records — Security,Required,security_catalog,,,,True,2026-03-26 16:40:47,2026-03-27 05:49:22,,"{""configuration_id"": """", ""logging_system_id"": """", ""logging_system_name"": """", ""log_sources"": """", ""log_forwarding_enabled"": true, ""central_repository_configured"": true, ""collection_method"": """", ""ingestion_status"": """", ""configuration_status"": """", ""last_verified_time"": """", ""created_time"": """", ""last_updated_time"": """"}",cd545de5-0565-447b-89ef-f137d2267a70
4cd8b5fb-b9c8-419f-8e53-8302d478f5ef,SECURITY_VULN_MGMT,EV-194,Log Retention Configuration Records — Security,Supporting,security_catalog,,,,False,2026-03-26 16:40:47,2026-03-27 05:49:22,,"{""configuration_id"": """", ""logging_system_id"": """", ""retention_period_days"": 0, ""compliance_requirements"": """", ""auto_deletion_enabled"": true, ""archival_enabled"": true, ""retention_policy_applied"": true, ""configuration_status"": """", ""last_verified_time"": """", ""created_time"": """", ""last_updated_time"": """"}",cd545de5-0565-447b-89ef-f137d2267a70
e24b7b1e-3688-4641-91e1-775218d298af,POLICY,EV-195,Release Communication Procedure — Compliance,Required,policy_catalog,,,,True,2026-03-26 16:40:47,2026-03-27 05:49:22,,"{""procedure_id"": """", ""procedure_name"": """", ""version"": """", ""communication_channels"": """", ""notification_triggers_defined"": true, ""stakeholders_identified"": true, ""approval_required"": true, ""approved_by"": """", ""effective_date"": """", ""created_time"": """", ""last_updated_time"": """"}",70b4419c-8544-47be-9f13-bc21356bd897
58dcbc82-fde1-4f79-aafe-9169ee2c5623,DEVOPS_DEVTOOLS,EV-196,Release Notification Records — DevOps,Supporting,devtools_catalog,,,,False,2026-03-26 16:40:47,2026-03-27 05:49:22,,"{""record_id"": """", ""release_id"": """", ""release_version"": """", ""release_date"": """", ""notification_channel"": """", ""notification_content"": """", ""audience"": """", ""notification_sent"": true, ""sent_time"": """", ""created_time"": """", ""last_updated_time"": """"}",6874f3ab-44fc-4b3e-a95e-bd01e03bf933
2d6d4460-4973-4344-81d2-1944e08243e3,POLICY,EV-197,Policy Review and Approval Records — Compliance,Required,policy_catalog,,,,True,2026-03-26 16:40:47,2026-03-27 05:49:22,,"{""record_id"": """", ""policy_id"": """", ""policy_name"": """", ""review_date"": """", ""reviewed_by"": """", ""approval_status"": """", ""approved_by"": """", ""approval_date"": """", ""next_review_due_date"": """", ""comments"": """", ""created_time"": """", ""last_updated_time"": """"}",70b4419c-8544-47be-9f13-bc21356bd897
4d3b10de-16a0-4e51-b66a-a58fbcda82cf,POLICY,EV-198,Business Continuity Plan — Compliance,Required,policy_catalog,,,,True,2026-03-26 16:40:47,2026-03-27 05:49:22,,"{""plan_id"": """", ""plan_name"": """", ""plan_version"": """", ""plan_status"": """", ""plan_type"": ""business_continuity"", ""business_functions_covered"": [], ""critical_processes_identified"": true, ""business_impact_analysis_completed"": true, ""recovery_time_objective_defined"": true, ""recovery_point_objective_defined"": true, ""continuity_procedures_defined"": true, ""manual_workaround_procedures_defined"": true, ""communication_plan_included"": true, ""incident_response_roles_defined"": true, ""dependencies_documented"": true, ""testing_performed"": true, ""last_test_date"": """", ""test_results_status"": """", ""approved_by"": """", ""owner"": """", ""effective_date"": """", ""review_date"": """", ""compliance_status"": """", ""created_time"": """", ""last_updated_time"": """"}",70b4419c-8544-47be-9f13-bc21356bd897
ac9709c7-4773-41c5-bc41-234f824f374c,POLICY,EV-199,Disaster Recovery Plan — Compliance,Required,policy_catalog,,,,True,2026-03-26 16:40:47,2026-03-27 05:49:22,,"{""plan_id"": """", ""plan_name"": """", ""plan_version"": """", ""plan_status"": """", ""plan_type"": ""disaster_recovery"", ""systems_covered"": [], ""critical_systems_identified"": true, ""recovery_time_objective_defined"": true, ""recovery_point_objective_defined"": true, ""backup_and_restore_procedures_defined"": true, ""failover_procedures_defined"": true, ""infrastructure_recovery_steps_defined"": true, ""data_recovery_procedures_defined"": true, ""alternate_sites_defined"": true, ""dependencies_documented"": true, ""testing_performed"": true, ""last_test_date"": """", ""test_results_status"": """", ""approved_by"": """", ""owner"": """", ""effective_date"": """", ""review_date"": """", ""compliance_status"": """", ""created_time"": """", ""last_updated_time"": """"}",70b4419c-8544-47be-9f13-bc21356bd897
458dc784-0b40-4389-af20-562422b7323f,POLICY,EV-2,Backup Procedure — Compliance,Supporting,policy_catalog,,,,False,2026-03-26 16:40:45,2026-03-27 05:49:22,,"{""procedure_id"": """", ""procedure_name"": """", ""procedure_version"": """", ""procedure_status"": """", ""linked_policy_id"": """", ""backup_schedule_defined"": true, ""retention_policy_defined"": true, ""storage_location_defined"": true, ""restoration_steps_defined"": true, ""approved_by"": """", ""owner"": """", ""effective_date"": """", ""last_reviewed_date"": """", ""created_time"": """", ""last_updated_time"": """"}",70b4419c-8544-47be-9f13-bc21356bd897
ceb900ed-c18d-4e60-99de-46b532697b2d,POLICY,EV-20,Privacy Policy — Compliance,Required,policy_catalog,,,,True,2026-03-26 16:40:46,2026-03-27 05:49:22,,"{""policy_id"": """", ""policy_name"": """", ""policy_version"": """", ""policy_status"": """", ""user_data_processing_disclosed"": true, ""ai_data_usage_disclosed"": true, ""consent_requirements_defined"": true, ""data_sharing_practices_disclosed"": true, ""approved_by"": """", ""owner"": """", ""effective_date"": """", ""review_date"": """", ""created_time"": """", ""last_updated_time"": """"}",70b4419c-8544-47be-9f13-bc21356bd897
92b4bf24-4028-4027-a310-69498c47f9b2,POLICY,EV-200,Control Review Records — Compliance,Required,policy_catalog,,,,True,2026-03-26 16:40:47,2026-03-27 05:49:22,,"{""review_id"": """", ""control_id"": """", ""control_name"": """", ""control_owner"": """", ""review_period_start"": """", ""review_period_end"": """", ""review_date"": """", ""reviewed_by"": """", ""control_status"": """", ""control_effectiveness"": """", ""issues_identified"": true, ""issues_description"": """", ""remediation_actions_defined"": true, ""remediation_status"": """", ""changes_required"": true, ""changes_description"": """", ""control_updated"": true, ""next_review_date"": """", ""approval_status"": """", ""approved_by"": """", ""compliance_status"": """", ""created_time"": """", ""last_updated_time"": """"}",70b4419c-8544-47be-9f13-bc21356bd897
1c10f401-228c-4704-a866-38a704c8c8db,DEVOPS_DEVTOOLS,EV-201,Encryption Configuration Records — DevOps,Required,devtools_catalog,,,,True,2026-03-26 16:40:48,2026-03-27 05:49:22,,"{""configuration_id"": """", ""system_id"": """", ""system_name"": """", ""environment"": """", ""encryption_enabled"": true, ""data_at_rest_encryption_enabled"": true, ""data_in_transit_encryption_enabled"": true, ""encryption_algorithm"": """", ""key_length"": 0, ""protocol"": """", ""certificate_in_use"": true, ""certificate_issuer"": """", ""certificate_expiry_date"": """", ""key_management_system_used"": """", ""deprecated_algorithm_in_use"": false, ""configuration_status"": """", ""policy_compliant"": true, ""last_verified_time"": """", ""created_time"": """", ""last_updated_time"": """", ""owner"": """"}",6874f3ab-44fc-4b3e-a95e-bd01e03bf933
4e070327-12b3-4d08-902c-60252b9d2a1a,DEVOPS_DEVTOOLS,EV-202,CI/CD Pipeline Execution Logs — DevOps,Supporting,devtools_catalog,,,,False,2026-03-26 16:40:48,2026-03-27 05:49:22,,"{""execution_id"": """", ""pipeline_id"": """", ""pipeline_name"": """", ""system_id"": """", ""system_name"": """", ""execution_trigger_type"": """", ""triggered_by"": """", ""commit_id"": """", ""build_start_time"": """", ""build_end_time"": """", ""test_status"": """", ""deployment_status"": """", ""approval_status"": """", ""overall_status"": """", ""error_message"": """", ""artifacts_generated"": [], ""execution_environment"": """", ""log_timestamp"": """", ""created_time"": """", ""owner"": """"}",6874f3ab-44fc-4b3e-a95e-bd01e03bf933
a72dee7f-b008-492a-9970-17ba5a931008,DEVOPS_DEVTOOLS,EV-203,Automated Test Execution Reports — DevOps,Required,devtools_catalog,,,,True,2026-03-26 16:40:48,2026-03-27 05:49:22,,"{""report_id"": """", ""pipeline_id"": """", ""pipeline_name"": """", ""system_id"": """", ""system_name"": """", ""application_version"": """", ""test_type"": """", ""test_suite_name"": """", ""tests_executed_count"": 0, ""tests_passed_count"": 0, ""tests_failed_count"": 0, ""tests_skipped_count"": 0, ""code_coverage_percentage"": 0, ""quality_gate_passed"": true, ""vulnerabilities_detected"": 0, ""severity_breakdown"": {}, ""execution_start_time"": """", ""execution_end_time"": """", ""execution_status"": """", ""report_generated_time"": """", ""created_time"": """", ""owner"": """"}",6874f3ab-44fc-4b3e-a95e-bd01e03bf933
d53a22d7-5fca-41c0-9f6b-e1ba57446d01,POLICY,EV-204,Master Services Agreement Template — Compliance,Supporting,policy_catalog,,,,False,2026-03-26 16:40:48,2026-03-27 05:49:22,,"{""template_id"": """", ""template_name"": """", ""template_version"": """", ""template_status"": """", ""security_responsibilities_defined"": true, ""availability_commitments_defined"": true, ""processing_integrity_requirements_defined"": true, ""confidentiality_requirements_defined"": true, ""data_protection_clauses_included"": true, ""incident_notification_requirements_defined"": true, ""service_level_agreements_defined"": true, ""customer_obligations_defined"": true, ""company_obligations_defined"": true, ""applicability_scope"": """", ""approved_by"": """", ""owner"": """", ""effective_date"": """", ""review_date"": """", ""compliance_status"": """", ""created_time"": """", ""last_updated_time"": """"}",70b4419c-8544-47be-9f13-bc21356bd897
eda02b45-9372-40c3-b925-ca9b6d35a9bc,MANUAL_EVIDENCE,EV-205,Executed Customer Agreements — Compliance,Required,manual_evidence_catalog,,,,True,2026-03-26 16:40:48,2026-03-27 05:49:22,,"{""agreement_id"": """", ""customer_id"": """", ""customer_name"": """", ""agreement_name"": """", ""agreement_version"": """", ""agreement_status"": """", ""msa_template_id"": """", ""security_responsibilities_accepted"": true, ""availability_commitments_accepted"": true, ""processing_integrity_accepted"": true, ""confidentiality_terms_accepted"": true, ""data_protection_terms_accepted"": true, ""sla_terms_accepted"": true, ""signed_by_company"": """", ""signed_by_customer"": """", ""execution_date"": """", ""effective_date"": """", ""expiration_date"": """", ""renewal_terms_defined"": true, ""document_reference"": """", ""compliance_status"": """", ""created_time"": """", ""last_updated_time"": """"}",70b4419c-8544-47be-9f13-bc21356bd897
9555904a-7408-42bd-aa60-a4c972e3d538,DEVOPS_DEVTOOLS,EV-206,Source Code Repository Configuration Records — DevOps,Required,devtools_catalog,,,,True,2026-03-26 16:40:48,2026-03-27 05:49:22,,"{""repository_id"": """", ""repository_name"": """", ""system_id"": """", ""system_name"": """", ""repository_type"": """", ""default_branch"": """", ""branch_protection_enabled"": true, ""code_review_required"": true, ""merge_approval_required"": true, ""ci_cd_integration_enabled"": true, ""audit_logging_enabled"": true, ""repository_visibility"": """", ""archived"": false, ""configuration_status"": """", ""policy_compliant"": true, ""last_verified_time"": """", ""created_time"": """", ""last_updated_time"": """", ""owner"": """"}",6874f3ab-44fc-4b3e-a95e-bd01e03bf933
761d94cf-7de5-4931-84c3-83b4d7c4f361,IAM_COMPLIANCE,EV-207,Repository Access Control Configuration Records — IAM,Supporting,iam_catalog,,,,False,2026-03-26 16:40:48,2026-03-27 05:49:22,,"{""access_config_id"": """", ""repository_id"": """", ""repository_name"": """", ""user_id"": """", ""user_role"": """", ""access_level"": """", ""mfa_enabled"": true, ""access_granted"": true, ""access_review_required"": true, ""last_access_review_date"": """", ""access_status"": """", ""unauthorized_access_detected"": false, ""policy_compliant"": true, ""last_verified_time"": """", ""created_time"": """", ""last_updated_time"": """", ""owner"": """"}",311fd3a8-255b-4bc8-b6a0-0fe625d81341
5bf48f3f-730f-426e-bbc9-e438830bfbd5,DEVOPS_DEVTOOLS,EV-208,Source Code Repository Activity Logs — DevOps,Supporting,devtools_catalog,,,,False,2026-03-26 16:40:48,2026-03-27 05:49:22,,"{""log_id"": """", ""repository_id"": """", ""repository_name"": """", ""system_id"": """", ""system_name"": """", ""user_id"": """", ""event_type"": """", ""commit_id"": """", ""branch_name"": """", ""merge_request_id"": """", ""action_status"": """", ""change_summary"": """", ""timestamp"": """", ""ip_address"": """", ""audit_log_enabled"": true, ""created_time"": """", ""owner"": """"}",6874f3ab-44fc-4b3e-a95e-bd01e03bf933
1ad66757-ab3e-4bef-bcb4-3085ab8f6db2,SECURITY_VULN_MGMT,EV-209,Endpoint Device Compliance Reports — Security,Required,security_catalog,,,,True,2026-03-26 16:40:48,2026-03-27 05:49:22,,"{""report_id"": """", ""asset_id"": """", ""asset_name"": """", ""hostname"": """", ""os_name"": """", ""os_version"": """", ""compliance_status"": """", ""disk_encryption_enabled"": true, ""authentication_compliant"": true, ""patch_compliant"": true, ""security_baseline_applied"": true, ""non_compliant_issues_count"": 0, ""non_compliant_issues"": [], ""last_scan_time"": """", ""report_generated_time"": """", ""policy_compliant"": true, ""created_time"": """", ""last_updated_time"": """", ""owner"": """"}",cd545de5-0565-447b-89ef-f137d2267a70
343f046a-09e5-49ef-ad18-620a67f15c73,DEVOPS_DEVTOOLS,EV-21,User Consent Records — DevOps,Required,devtools_catalog,,,,True,2026-03-26 16:40:46,2026-03-27 05:49:22,,"{""consent_id"": """", ""user_id"": """", ""ai_feature_id"": """", ""data_usage_purpose"": """", ""consent_given"": true, ""consent_type"": """", ""consent_version"": """", ""consent_timestamp"": """", ""consent_source"": """", ""withdrawn"": true, ""withdrawal_timestamp"": """", ""status"": """", ""created_time"": """", ""last_updated_time"": """"}",6874f3ab-44fc-4b3e-a95e-bd01e03bf933
4d3b5590-351d-49be-b223-d1da918a987d,POLICY,EV-210,Environment Architecture Documentation — Compliance,Supporting,policy_catalog,,,,False,2026-03-26 16:40:48,2026-03-27 05:49:22,,"{""document_id"": """", ""document_name"": """", ""document_version"": """", ""document_status"": """", ""environments_defined"": [], ""production_environment_identified"": true, ""non_production_environments_identified"": true, ""network_segregation_defined"": true, ""account_or_subscription_separation_defined"": true, ""data_flow_between_environments_documented"": true, ""access_controls_defined"": true, ""environment_isolation_mechanisms_defined"": true, ""dependencies_documented"": true, ""approved_by"": """", ""owner"": """", ""effective_date"": """", ""review_date"": """", ""compliance_status"": """", ""created_time"": """", ""last_updated_time"": """"}",70b4419c-8544-47be-9f13-bc21356bd897
0625abc4-eec4-4049-89b1-2c70ddee2935,DEVOPS_DEVTOOLS,EV-211,Environment Configuration Records — DevOps,Required,devtools_catalog,,,,True,2026-03-26 16:40:48,2026-03-27 05:49:22,,"{""configuration_id"": """", ""system_id"": """", ""system_name"": """", ""environment_name"": """", ""environment_type"": """", ""account_id"": """", ""network_id"": """", ""infrastructure_separated"": true, ""data_separation_enforced"": true, ""access_control_separated"": true, ""cross_environment_access_restricted"": true, ""production_access_limited"": true, ""deployment_pipeline_segregated"": true, ""configuration_status"": """", ""policy_compliant"": true, ""last_verified_time"": """", ""created_time"": """", ""last_updated_time"": """", ""owner"": """"}",6874f3ab-44fc-4b3e-a95e-bd01e03bf933
81add781-eeb9-48c8-a24f-ef3dac65300d,POLICY,EV-212,Customer Support Policy — Compliance,Supporting,policy_catalog,,,,False,2026-03-26 16:40:48,2026-03-27 05:49:22,,"{""policy_id"": """", ""policy_name"": """", ""policy_version"": """", ""policy_status"": """", ""policy_type"": ""customer_support"", ""support_channels_defined"": true, ""incident_reporting_process_defined"": true, ""issue_tracking_requirements_defined"": true, ""response_time_sla_defined"": true, ""escalation_procedures_defined"": true, ""ticket_management_process_defined"": true, ""customer_communication_requirements_defined"": true, ""availability_of_support_defined"": true, ""policy_scope"": """", ""applicable_services"": [], ""approved_by"": """", ""owner"": """", ""effective_date"": """", ""review_frequency"": """", ""next_review_date"": """", ""compliance_status"": """", ""created_time"": """", ""last_updated_time"": """"}",70b4419c-8544-47be-9f13-bc21356bd897
ea5fac24-9e7b-4f79-a1e5-4b57a403810e,ITSM_GRC,EV-213,Customer Support Ticket Records — ITSM,Required,itsm_catalog,,,,True,2026-03-26 16:40:48,2026-03-27 05:49:22,,"{""ticket_id"": """", ""customer_id"": """", ""customer_name"": """", ""ticket_type"": """", ""issue_category"": """", ""issue_description"": """", ""reported_channel"": """", ""priority"": """", ""status"": """", ""assigned_to"": """", ""escalation_required"": true, ""sla_response_time"": """", ""sla_resolution_time"": """", ""response_time_actual"": """", ""resolution_time_actual"": """", ""resolution_summary"": """", ""customer_notified"": true, ""created_time"": """", ""last_updated_time"": """", ""closed_time"": """"}",cd4015e2-8a3f-4f54-a3ee-9dfddb048f84
fefc1e35-a1bc-447d-80d4-3688154b2d54,MANUAL_EVIDENCE,EV-214,Product Documentation Site URL — Compliance,Required,manual_evidence_catalog,,,,True,2026-03-26 16:40:48,2026-03-27 05:49:22,,"{""site_id"": """", ""site_name"": """", ""site_url"": """", ""public_accessible"": true, ""authentication_required"": false, ""documentation_categories"": [], ""security_documentation_available"": true, ""product_documentation_available"": true, ""last_content_update_date"": """", ""site_availability_status"": """", ""ssl_enabled"": true, ""privacy_policy_link_present"": true, ""terms_of_service_link_present"": true, ""owner"": """", ""compliance_status"": """", ""created_time"": """", ""last_verified_time"": """", ""last_updated_time"": """"}",70b4419c-8544-47be-9f13-bc21356bd897
1eeca152-bc1e-48c4-afab-dcfed9b55e52,DEVOPS_DEVTOOLS,EV-215,Documentation Publication Records — DevOps,Supporting,devtools_catalog,,,,False,2026-03-26 16:40:48,2026-03-27 05:49:22,,"{""publication_id"": """", ""site_id"": """", ""site_url"": """", ""document_id"": """", ""document_title"": """", ""document_type"": """", ""version"": """", ""change_summary"": """", ""published_by"": """", ""publication_date"": """", ""approval_status"": """", ""approved_by"": """", ""content_review_completed"": true, ""security_content_included"": true, ""publication_status"": """", ""created_time"": """", ""last_updated_time"": """"}",6874f3ab-44fc-4b3e-a95e-bd01e03bf933
7581c341-cf76-4c71-a3d9-e18538046fe5,POLICY,EV-216,Risk Review Records — Compliance,Supporting,policy_catalog,,,,False,2026-03-26 16:40:48,2026-03-27 05:49:22,,"{""review_id"": """", ""review_date"": """", ""review_period_start"": """", ""review_period_end"": """", ""reviewed_by"": """", ""risks_reviewed_count"": 0, ""high_risk_items_reviewed"": true, ""control_deficiencies_reviewed"": true, ""updates_made"": true, ""updates_description"": """", ""mitigation_progress_evaluated"": true, ""escalations_identified"": true, ""next_review_date"": """", ""approval_status"": """", ""approved_by"": """", ""compliance_status"": """", ""created_time"": """", ""last_updated_time"": """"}",70b4419c-8544-47be-9f13-bc21356bd897
804aa936-b23c-4a72-855b-a0b72b6b98bf,POLICY,EV-217,Compliance Management Policy — Compliance,Supporting,policy_catalog,,,,False,2026-03-26 16:40:48,2026-03-27 05:49:22,,"{""policy_id"": """", ""policy_name"": """", ""policy_version"": """", ""policy_status"": """", ""policy_type"": ""compliance_management"", ""compliance_monitoring_requirements_defined"": true, ""control_assessment_requirements_defined"": true, ""risk_identification_requirements_defined"": true, ""continuous_monitoring_required"": true, ""reporting_requirements_defined"": true, ""remediation_tracking_required"": true, ""roles_and_responsibilities_defined"": true, ""regulatory_requirements_mapping_defined"": true, ""policy_scope"": """", ""applicable_systems"": [], ""approved_by"": """", ""owner"": """", ""effective_date"": """", ""review_frequency"": """", ""next_review_date"": """", ""compliance_status"": """", ""created_time"": """", ""last_updated_time"": """"}",70b4419c-8544-47be-9f13-bc21356bd897
363c4465-699e-4432-bb4a-34eb582cd972,SECURITY_VULN_MGMT,EV-218,Compliance Monitoring Configuration Records — Security,Required,security_catalog,,,,True,2026-03-26 16:40:48,2026-03-27 05:49:22,,"{""configuration_id"": """", ""tool_name"": """", ""system_id"": """", ""system_name"": """", ""monitored_controls"": [], ""compliance_frameworks_mapped"": [], ""continuous_monitoring_enabled"": true, ""scan_frequency"": """", ""alerting_enabled"": true, ""risk_detection_enabled"": true, ""data_sources_integrated"": [], ""thresholds_defined"": true, ""configuration_status"": """", ""policy_compliant"": true, ""last_verified_time"": """", ""created_time"": """", ""last_updated_time"": """", ""owner"": """"}",cd545de5-0565-447b-89ef-f137d2267a70
595802d2-e6c7-44bd-95b0-19641b5c6a7a,SECURITY_VULN_MGMT,EV-219,Compliance Monitoring Reports — Security,Supporting,security_catalog,,,,False,2026-03-26 16:40:48,2026-03-27 05:49:22,,"{""report_id"": """", ""tool_name"": """", ""report_name"": """", ""reporting_period_start"": """", ""reporting_period_end"": """", ""systems_evaluated"": [], ""controls_evaluated_count"": 0, ""compliant_controls_count"": 0, ""non_compliant_controls_count"": 0, ""control_gaps_identified"": true, ""identified_risks_count"": 0, ""risk_severity_breakdown"": {}, ""overall_compliance_status"": """", ""recommendations_provided"": true, ""report_generated_time"": """", ""reviewed_by"": """", ""review_date"": """", ""created_time"": """", ""last_updated_time"": """"}",cd545de5-0565-447b-89ef-f137d2267a70
80dae67c-6536-4ad7-9ff1-b3487eb30564,POLICY,EV-22,AI Feature Disclosure Documentation — Compliance,Supporting,policy_catalog,,,,False,2026-03-26 16:40:46,2026-03-27 05:49:22,,"{""document_id"": """", ""document_name"": """", ""ai_feature_id"": """", ""ai_feature_name"": """", ""scope_defined"": true, ""capabilities_described"": true, ""data_usage_explained"": true, ""limitations_disclosed"": true, ""published"": true, ""approved_by"": """", ""owner"": """", ""publication_date"": """", ""last_reviewed_date"": """", ""created_time"": """", ""last_updated_time"": """"}",70b4419c-8544-47be-9f13-bc21356bd897
bc0a08bb-acc1-4514-b758-13ff258dd5f2,ITSM_GRC,EV-220,Corrective Action Tickets — ITSM,Required,itsm_catalog,,,,True,2026-03-26 16:40:48,2026-03-27 05:49:22,,"{""ticket_id"": """", ""control_id"": """", ""control_name"": """", ""issue_id"": """", ""issue_description"": """", ""issue_severity"": """", ""identified_date"": """", ""assigned_to"": """", ""control_owner"": """", ""remediation_action"": """", ""priority"": """", ""status"": """", ""sla_due_date"": """", ""remediation_start_time"": """", ""remediation_end_time"": """", ""resolution_summary"": """", ""verification_required"": true, ""verified_remediated"": true, ""verification_date"": """", ""created_time"": """", ""last_updated_time"": """", ""closed_time"": """"}",cd4015e2-8a3f-4f54-a3ee-9dfddb048f84
fbb08008-149f-4093-92d0-2c10010d06a7,ITSM_GRC,EV-221,Corrective Action Tracking Reports — ITSM,Supporting,itsm_catalog,,,,False,2026-03-26 16:40:48,2026-03-27 05:49:22,,"{""report_id"": """", ""report_name"": """", ""reporting_period_start"": """", ""reporting_period_end"": """", ""total_actions_count"": 0, ""open_actions_count"": 0, ""in_progress_actions_count"": 0, ""closed_actions_count"": 0, ""overdue_actions_count"": 0, ""high_severity_actions_count"": 0, ""remediation_progress_tracked"": true, ""average_resolution_time"": """", ""escalations_triggered"": true, ""overall_remediation_status"": """", ""report_generated_time"": """", ""reviewed_by"": """", ""review_date"": """", ""created_time"": """", ""last_updated_time"": """"}",cd4015e2-8a3f-4f54-a3ee-9dfddb048f84
6ea2e376-a584-41d5-8f11-8246f1accb2a,POLICY,EV-222,Terms of Use Document — Compliance,Required,policy_catalog,,,,True,2026-03-26 16:40:48,2026-03-27 05:49:22,,"{""document_id"": """", ""document_name"": """", ""document_version"": """", ""document_status"": """", ""security_commitments_defined"": true, ""confidentiality_terms_defined"": true, ""user_obligations_defined"": true, ""company_obligations_defined"": true, ""acceptable_use_policy_included"": true, ""data_protection_terms_defined"": true, ""liability_clauses_defined"": true, ""termination_conditions_defined"": true, ""applicability_scope"": """", ""approved_by"": """", ""owner"": """", ""effective_date"": """", ""review_date"": """", ""publicly_available"": true, ""compliance_status"": """", ""created_time"": """", ""last_updated_time"": """"}",70b4419c-8544-47be-9f13-bc21356bd897
62e8f0b9-7ef5-4226-bd87-38324aa562aa,MANUAL_EVIDENCE,EV-223,Terms of Use Webpage URL — Compliance,Supporting,manual_evidence_catalog,,,,False,2026-03-26 16:40:48,2026-03-27 05:49:22,,"{""page_id"": """", ""page_name"": """", ""page_url"": """", ""public_accessible"": true, ""authentication_required"": false, ""linked_document_id"": """", ""content_matches_latest_version"": true, ""last_content_update_date"": """", ""ssl_enabled"": true, ""availability_status"": """", ""owner"": """", ""compliance_status"": """", ""created_time"": """", ""last_verified_time"": """", ""last_updated_time"": """"}",70b4419c-8544-47be-9f13-bc21356bd897
fad0792e-baa7-4fce-9891-355caf40d5c7,POLICY,EV-224,Corporate Governance Policy — Compliance,Supporting,policy_catalog,,,,False,2026-03-26 16:40:48,2026-03-27 05:49:22,,"{""policy_id"": """", ""policy_name"": """", ""policy_version"": """", ""policy_status"": """", ""policy_type"": ""corporate_governance"", ""board_oversight_responsibilities_defined"": true, ""governance_structure_defined"": true, ""independent_oversight_required"": true, ""internal_control_oversight_defined"": true, ""roles_and_responsibilities_defined"": true, ""board_composition_requirements_defined"": true, ""meeting_frequency_defined"": true, ""reporting_requirements_defined"": true, ""policy_scope"": """", ""applicable_entities"": [], ""approved_by"": """", ""owner"": """", ""effective_date"": """", ""review_frequency"": """", ""next_review_date"": """", ""compliance_status"": """", ""created_time"": """", ""last_updated_time"": """"}",70b4419c-8544-47be-9f13-bc21356bd897
3ab235af-6c3f-49fb-8c99-3b05c38ffd08,POLICY,EV-225,Board of Directors Charter — Compliance,Required,policy_catalog,,,,True,2026-03-26 16:40:48,2026-03-27 05:49:22,,"{""charter_id"": """", ""charter_name"": """", ""charter_version"": """", ""charter_status"": """", ""board_authority_defined"": true, ""board_responsibilities_defined"": true, ""oversight_duties_defined"": true, ""independence_requirements_defined"": true, ""committee_structure_defined"": true, ""meeting_requirements_defined"": true, ""quorum_requirements_defined"": true, ""reporting_requirements_defined"": true, ""applicability_scope"": """", ""approved_by"": """", ""owner"": """", ""effective_date"": """", ""review_date"": """", ""compliance_status"": """", ""created_time"": """", ""last_updated_time"": """"}",70b4419c-8544-47be-9f13-bc21356bd897
af91b2cc-078f-42f1-9659-61b5e8bca79c,MANUAL_EVIDENCE,EV-226,Board Meeting Minutes — Compliance,Supporting,manual_evidence_catalog,,,,False,2026-03-26 16:40:48,2026-03-27 05:49:22,,"{""meeting_id"": """", ""meeting_date"": """", ""meeting_type"": """", ""board_members_present"": [], ""agenda_items"": [], ""topics_discussed"": [], ""decisions_made"": [], ""internal_control_topics_covered"": true, ""action_items"": [], ""action_item_owners"": [], ""next_meeting_date"": """", ""recorded_by"": """", ""approved_by"": """", ""approval_status"": """", ""compliance_status"": """", ""created_time"": """", ""last_updated_time"": """"}",70b4419c-8544-47be-9f13-bc21356bd897
8213c73f-80f3-47b3-a0d1-230afde336a8,HRMS_GRC,EV-227,Board Composition Records — HR,Supporting,hrms_catalog,,,,False,2026-03-26 16:40:48,2026-03-27 05:49:22,,"{""record_id"": """", ""board_member_id"": """", ""board_member_name"": """", ""role"": """", ""employment_status"": """", ""affiliation"": """", ""independent_director"": true, ""conflict_of_interest_declared"": true, ""tenure_start_date"": """", ""tenure_end_date"": """", ""committee_memberships"": [], ""voting_rights"": """", ""compliance_status"": """", ""created_time"": """", ""last_updated_time"": """"}",465c7082-4a36-4567-b535-e6fe16994eec
c068a05b-98b3-4bb6-9e2f-ea56e64add73,POLICY,EV-228,Risk Treatment Plan — Compliance,Required,policy_catalog,,,,True,2026-03-26 16:40:48,2026-03-27 05:49:22,,"{""treatment_plan_id"": """", ""risk_id"": """", ""risk_title"": """", ""system_id"": """", ""system_name"": """", ""selected_controls"": [], ""control_ids"": [], ""mitigation_actions"": [], ""control_implementation_required"": true, ""implementation_status"": """", ""risk_owner"": """", ""control_owner"": """", ""priority"": """", ""target_completion_date"": """", ""actual_completion_date"": """", ""residual_risk_level"": """", ""risk_acceptance_status"": """", ""approval_status"": """", ""approved_by"": """", ""compliance_status"": """", ""created_time"": """", ""last_updated_time"": """"}",70b4419c-8544-47be-9f13-bc21356bd897
a2fa10c7-5e2e-49e1-9a6c-f3da732e3202,ITSM_GRC,EV-229,Incident Management Tickets — ITSM,Supporting,itsm_catalog,,,,False,2026-03-26 16:40:48,2026-03-27 05:49:22,,"{""ticket_id"": """", ""incident_id"": """", ""incident_title"": """", ""incident_description"": """", ""incident_category"": """", ""incident_severity"": """", ""reported_by"": """", ""assigned_to"": """", ""status"": """", ""impact"": """", ""root_cause_identified"": true, ""investigation_summary"": """", ""remediation_required"": true, ""created_time"": """", ""last_updated_time"": """", ""closed_time"": """"}",cd4015e2-8a3f-4f54-a3ee-9dfddb048f84
557cc2f5-f936-4d46-83e1-4c4dd8a62052,DEVOPS_DEVTOOLS,EV-23,User Consent Capture Configuration — DevOps,Supporting,devtools_catalog,,,,False,2026-03-26 16:40:46,2026-03-27 05:49:22,,"{""configuration_id"": """", ""ai_feature_id"": """", ""ai_feature_name"": """", ""consent_prompt_enabled"": true, ""explicit_consent_required"": true, ""consent_capture_method"": """", ""consent_ui_version"": """", ""logging_enabled"": true, ""enforcement_status"": """", ""last_verified_time"": """", ""created_time"": """", ""last_updated_time"": """", ""owner"": """"}",6874f3ab-44fc-4b3e-a95e-bd01e03bf933
53f73789-c2e2-4236-9c5c-1d2190906ddb,HRMS_GRC,EV-230,Board Member Qualification Records — HR,Supporting,hrms_catalog,,,,False,2026-03-26 16:40:48,2026-03-27 05:49:22,,"{""record_id"": """", ""board_member_id"": """", ""board_member_name"": """", ""role"": """", ""professional_background"": """", ""years_of_experience"": 0, ""industry_experience"": """", ""technology_expertise"": [], ""certifications"": [], ""current_affiliations"": [], ""relevant_experience_summary"": """", ""qualification_verified"": true, ""verification_date"": """", ""compliance_status"": """", ""created_time"": """", ""last_updated_time"": """"}",465c7082-4a36-4567-b535-e6fe16994eec
82d8fe80-4bab-4495-88eb-c3ca1cb8fd55,POLICY,EV-231,Data Retention Policy — Compliance,Supporting,policy_catalog,,,,False,2026-03-26 16:40:48,2026-03-27 05:49:22,,"{""policy_id"": """", ""policy_name"": """", ""policy_version"": """", ""policy_status"": """", ""policy_type"": ""data_retention"", ""retention_requirements_defined"": true, ""regulatory_requirements_mapped"": true, ""contractual_requirements_mapped"": true, ""data_classification_linked"": true, ""data_protection_requirements_defined"": true, ""data_disposal_requirements_defined"": true, ""roles_and_responsibilities_defined"": true, ""review_requirements_defined"": true, ""policy_scope"": """", ""applicable_data_types"": [], ""approved_by"": """", ""owner"": """", ""effective_date"": """", ""review_frequency"": """", ""next_review_date"": """", ""compliance_status"": """", ""created_time"": """", ""last_updated_time"": """"}",70b4419c-8544-47be-9f13-bc21356bd897
22ecc2ef-355f-473e-9d72-09125a77dda2,POLICY,EV-232,Data Retention Procedure — Compliance,Supporting,policy_catalog,,,,False,2026-03-26 16:40:48,2026-03-27 05:49:22,,"{""procedure_id"": """", ""procedure_name"": """", ""procedure_version"": """", ""procedure_status"": """", ""data_categories_defined"": [], ""retention_periods_defined"": true, ""retention_schedule"": [], ""legal_and_regulatory_mapping"": true, ""data_archival_process_defined"": true, ""data_deletion_process_defined"": true, ""exception_handling_defined"": true, ""applicability_scope"": """", ""approved_by"": """", ""owner"": """", ""effective_date"": """", ""review_date"": """", ""compliance_status"": """", ""created_time"": """", ""last_updated_time"": """"}",70b4419c-8544-47be-9f13-bc21356bd897
e15a8ac2-46c5-416a-8572-75f5fa2c025f,DEVOPS_DEVTOOLS,EV-233,Data Retention Configuration Records — DevOps,Required,devtools_catalog,,,,True,2026-03-26 16:40:48,2026-03-27 05:49:22,,"{""configuration_id"": """", ""system_id"": """", ""system_name"": """", ""data_store_type"": """", ""data_category"": """", ""retention_period_days"": 0, ""retention_policy_applied"": true, ""auto_deletion_enabled"": true, ""archival_enabled"": true, ""legal_hold_supported"": true, ""retention_exception_applied"": false, ""enforcement_status"": """", ""policy_compliant"": true, ""last_verified_time"": """", ""created_time"": """", ""last_updated_time"": """", ""owner"": """"}",6874f3ab-44fc-4b3e-a95e-bd01e03bf933
e628e5a5-f1da-4033-a3db-86963148a8bd,POLICY,EV-234,Information Security Procedures — Compliance,Required,policy_catalog,,,,True,2026-03-26 16:40:48,2026-03-27 05:49:22,,"{""procedure_id"": """", ""procedure_name"": """", ""procedure_version"": """", ""procedure_status"": """", ""related_policy_id"": """", ""procedure_type"": """", ""process_steps_defined"": true, ""roles_and_responsibilities_defined"": true, ""controls_implemented"": [], ""applicability_scope"": """", ""exceptions_defined"": true, ""execution_frequency"": """", ""approved_by"": """", ""owner"": """", ""effective_date"": """", ""review_date"": """", ""compliance_status"": """", ""created_time"": """", ""last_updated_time"": """"}",70b4419c-8544-47be-9f13-bc21356bd897
75cee6f0-2b03-483b-baa0-b69669ca71fb,POLICY,EV-235,Procedure Review and Approval Records — Compliance,Supporting,policy_catalog,,,,False,2026-03-26 16:40:48,2026-03-27 05:49:22,,"{""record_id"": """", ""procedure_id"": """", ""procedure_name"": """", ""review_date"": """", ""reviewed_by"": """", ""approval_status"": """", ""approved_by"": """", ""approval_date"": """", ""changes_made"": true, ""change_summary"": """", ""next_review_date"": """", ""compliance_status"": """", ""created_time"": """", ""last_updated_time"": """"}",70b4419c-8544-47be-9f13-bc21356bd897
296ccac5-b00b-4bd6-b4d6-673a6d0443ba,POLICY,EV-236,Infrastructure Architecture Documentation — Compliance,Supporting,policy_catalog,,,,False,2026-03-26 16:40:48,2026-03-27 05:49:22,,"{""document_id"": """", ""document_name"": """", ""document_version"": """", ""document_status"": """", ""fault_tolerance_design_defined"": true, ""high_availability_architecture_defined"": true, ""availability_zones_used"": true, ""auto_scaling_design_defined"": true, ""failover_mechanisms_defined"": true, ""redundancy_mechanisms_defined"": true, ""single_point_of_failure_eliminated"": true, ""data_replication_strategy_defined"": true, ""disaster_recovery_integration_defined"": true, ""applicability_scope"": """", ""systems_covered"": [], ""approved_by"": """", ""owner"": """", ""effective_date"": """", ""review_date"": """", ""compliance_status"": """", ""created_time"": """", ""last_updated_time"": """"}",70b4419c-8544-47be-9f13-bc21356bd897
3695d9bd-cfd3-42e9-a95e-5e262fc24590,DEVOPS_DEVTOOLS,EV-237,Infrastructure Configuration Records — DevOps,Required,devtools_catalog,,,,True,2026-03-26 16:40:48,2026-03-27 05:49:22,,"{""configuration_id"": """", ""system_id"": """", ""system_name"": """", ""environment"": """", ""cloud_provider"": """", ""region"": """", ""availability_zones_configured"": [], ""multi_zone_deployment_enabled"": true, ""auto_scaling_enabled"": true, ""auto_scaling_policy"": """", ""load_balancer_configured"": true, ""failover_configuration_enabled"": true, ""failover_type"": """", ""health_checks_enabled"": true, ""redundancy_configured"": true, ""backup_instances_configured"": true, ""configuration_status"": """", ""policy_compliant"": true, ""last_verified_time"": """", ""created_time"": """", ""last_updated_time"": """", ""owner"": """"}",6874f3ab-44fc-4b3e-a95e-bd01e03bf933
dd9010c7-ca70-4463-b48d-99859f89ab44,SECURITY_VULN_MGMT,EV-238,Infrastructure Monitoring Reports — Security,Supporting,security_catalog,,,,False,2026-03-26 16:40:48,2026-03-27 05:49:22,,"{""report_id"": """", ""system_id"": """", ""system_name"": """", ""monitoring_period_start"": """", ""monitoring_period_end"": """", ""uptime_percentage"": 0, ""availability_status"": """", ""incident_count"": 0, ""failover_events_count"": 0, ""auto_scaling_events_count"": 0, ""performance_metrics"": {}, ""alerts_triggered"": true, ""sla_compliance_status"": """", ""report_generated_time"": """", ""reviewed_by"": """", ""review_date"": """", ""created_time"": """", ""last_updated_time"": """"}",cd545de5-0565-447b-89ef-f137d2267a70
85b437c6-7fe9-4fb3-b9a9-d0efeb0eee43,POLICY,EV-239,Network Architecture Documentation — Compliance,Supporting,policy_catalog,,,,False,2026-03-26 16:40:48,2026-03-27 05:49:22,,"{""document_id"": """", ""document_name"": """", ""document_version"": """", ""document_status"": """", ""production_environment_identified"": true, ""private_network_interfaces_defined"": true, ""network_segmentation_defined"": true, ""vpn_access_paths_defined"": true, ""bastion_host_architecture_defined"": true, ""public_access_restricted"": true, ""secure_access_mechanisms_documented"": true, ""data_flow_documented"": true, ""applicability_scope"": """", ""systems_covered"": [], ""approved_by"": """", ""owner"": """", ""effective_date"": """", ""review_date"": """", ""compliance_status"": """", ""created_time"": """", ""last_updated_time"": """"}",70b4419c-8544-47be-9f13-bc21356bd897
0ad0cb03-6ab1-47ae-8ee2-0c7db4d15486,POLICY,EV-24,Employee Offboarding Policy — Compliance,Supporting,policy_catalog,,,,False,2026-03-26 16:40:46,2026-03-27 05:49:22,,"{""policy_id"": """", ""policy_name"": """", ""policy_version"": """", ""policy_status"": """", ""termination_procedures_defined"": true, ""asset_return_requirements_defined"": true, ""access_revocation_requirements_defined"": true, ""offboarding_timeline_defined"": true, ""approved_by"": """", ""owner"": """", ""effective_date"": """", ""review_date"": """", ""created_time"": """", ""last_updated_time"": """"}",70b4419c-8544-47be-9f13-bc21356bd897
6904289f-6d03-4cc6-84da-d8f42e643f01,DEVOPS_DEVTOOLS,EV-240,VPN Configuration Records — DevOps,Required,devtools_catalog,,,,True,2026-03-26 16:40:48,2026-03-27 05:49:22,,"{""configuration_id"": """", ""system_id"": """", ""system_name"": """", ""environment"": """", ""vpn_enabled"": true, ""vpn_type"": """", ""vpn_endpoint"": """", ""encryption_protocol"": """", ""authentication_method"": """", ""multi_factor_authentication_enabled"": true, ""bastion_host_enabled"": true, ""bastion_host_id"": """", ""access_restricted_to_private_network"": true, ""allowed_users_or_groups"": [], ""session_timeout_configured"": true, ""configuration_status"": """", ""policy_compliant"": true, ""last_verified_time"": """", ""created_time"": """", ""last_updated_time"": """", ""owner"": """"}",6874f3ab-44fc-4b3e-a95e-bd01e03bf933
893ac9bc-d2eb-4489-9781-1767ce8a86e0,SECURITY_VULN_MGMT,EV-241,Network Access Logs — Security,Supporting,security_catalog,,,,False,2026-03-26 16:40:48,2026-03-27 05:49:22,,"{""log_id"": """", ""system_id"": """", ""system_name"": """", ""user_id"": """", ""access_method"": """", ""vpn_session_id"": """", ""bastion_host_id"": """", ""authentication_status"": """", ""source_ip"": """", ""destination_ip"": """", ""access_start_time"": """", ""access_end_time"": """", ""session_duration"": """", ""access_status"": """", ""failed_access_attempt"": false, ""log_timestamp"": """", ""created_time"": """", ""last_updated_time"": """"}",cd545de5-0565-447b-89ef-f137d2267a70
747c20e0-9b33-4fc9-aa6f-b688de2c2f11,POLICY,EV-242,Data Handling Procedure — Compliance,Supporting,policy_catalog,,,,False,2026-03-26 16:40:48,2026-03-27 05:49:22,,"{""procedure_id"": """", ""procedure_name"": """", ""procedure_version"": """", ""procedure_status"": """", ""data_lifecycle_stages_defined"": true, ""data_collection_process_defined"": true, ""data_storage_process_defined"": true, ""data_protection_process_defined"": true, ""data_sharing_process_defined"": true, ""data_disposal_process_defined"": true, ""handling_requirements_by_classification_defined"": true, ""roles_and_responsibilities_defined"": true, ""applicability_scope"": """", ""approved_by"": """", ""owner"": """", ""effective_date"": """", ""review_date"": """", ""compliance_status"": """", ""created_time"": """", ""last_updated_time"": """"}",70b4419c-8544-47be-9f13-bc21356bd897
cf34b73a-7b2c-4413-91af-157c554506bb,CLOUD_INFRA,EV-243,Data Classification Register — Cloud,Required,cloud_catalog,,,,True,2026-03-26 16:40:48,2026-03-27 05:49:22,,"{""data_asset_id"": """", ""data_asset_name"": """", ""data_category"": """", ""data_classification_level"": """", ""data_owner"": """", ""data_steward"": """", ""storage_location"": """", ""access_restrictions_defined"": true, ""encryption_required"": true, ""retention_period_defined"": true, ""sharing_restrictions_defined"": true, ""handling_requirements"": """", ""last_review_date"": """", ""next_review_date"": """", ""compliance_status"": """", ""created_time"": """", ""last_updated_time"": """"}",1721b991-e491-4953-b2bb-ca35d815024f
bf51db2e-f7da-492e-8250-5a40f4a60be5,SECURITY_VULN_MGMT,EV-244,Data Handling Compliance Reports — Security,Supporting,security_catalog,,,,False,2026-03-26 16:40:48,2026-03-27 05:49:22,,"{""report_id"": """", ""report_name"": """", ""reporting_period_start"": """", ""reporting_period_end"": """", ""systems_evaluated"": [], ""data_assets_evaluated"": [], ""compliance_checks_performed"": 0, ""compliant_items_count"": 0, ""non_compliant_items_count"": 0, ""data_handling_violations_identified"": true, ""violation_details"": [], ""remediation_actions_defined"": true, ""overall_compliance_status"": """", ""report_generated_time"": """", ""reviewed_by"": """", ""review_date"": """", ""created_time"": """", ""last_updated_time"": """"}",cd545de5-0565-447b-89ef-f137d2267a70
dd87b295-d4bc-40cf-ad7d-3df7fa956e07,POLICY,EV-245,Consent Management Procedure — Compliance,Supporting,policy_catalog,,,,False,2026-03-26 16:40:48,2026-03-27 05:49:22,,"{""procedure_id"": """", ""procedure_name"": """", ""procedure_version"": """", ""procedure_status"": """", ""consent_collection_process_defined"": true, ""consent_recording_process_defined"": true, ""consent_update_process_defined"": true, ""consent_revocation_process_defined"": true, ""consent_audit_trail_required"": true, ""data_subject_request_handling_defined"": true, ""systems_tracking_consent_defined"": true, ""applicability_scope"": """", ""approved_by"": """", ""owner"": """", ""effective_date"": """", ""review_date"": """", ""compliance_status"": """", ""created_time"": """", ""last_updated_time"": """"}",70b4419c-8544-47be-9f13-bc21356bd897
9f118dc8-530d-4d36-aece-d3418133d626,MANUAL_EVIDENCE,EV-246,Consent Preference Records — Compliance,Required,manual_evidence_catalog,,,,True,2026-03-26 16:40:48,2026-03-27 05:49:22,,"{""record_id"": """", ""user_id"": """", ""user_identifier"": """", ""consent_type"": """", ""data_processing_purpose"": """", ""opt_in"": true, ""opt_out"": false, ""consent_status"": """", ""consent_given_date"": """", ""consent_updated_date"": """", ""consent_revoked"": true, ""consent_revocation_date"": """", ""consent_source"": """", ""consent_version"": """", ""proof_of_consent"": """", ""compliance_status"": """", ""created_time"": """", ""last_updated_time"": """"}",70b4419c-8544-47be-9f13-bc21356bd897
cd910248-3509-4094-b03c-11b563721b06,POLICY,EV-247,Sensor Data Collection Procedure — Compliance,Supporting,policy_catalog,,,,False,2026-03-26 16:40:48,2026-03-27 05:49:22,,"{""procedure_id"": """", ""procedure_name"": """", ""procedure_version"": """", ""procedure_status"": """", ""sensor_types_defined"": [], ""data_collection_process_defined"": true, ""data_processing_process_defined"": true, ""authorized_use_cases_defined"": true, ""data_minimization_controls_defined"": true, ""consent_handling_process_defined"": true, ""data_retention_and_deletion_defined"": true, ""access_control_process_defined"": true, ""applicability_scope"": """", ""approved_by"": """", ""owner"": """", ""effective_date"": """", ""review_date"": """", ""compliance_status"": """", ""created_time"": """", ""last_updated_time"": """"}",70b4419c-8544-47be-9f13-bc21356bd897
f501c3f6-471f-48be-9333-723f6c38fff7,CLOUD_INFRA,EV-248,Sensor System Configuration Records — Cloud,Required,cloud_catalog,,,,True,2026-03-26 16:40:48,2026-03-27 05:49:22,,"{""sensor_id"": """", ""sensor_name"": """", ""sensor_type"": """", ""location"": """", ""system_id"": """", ""system_name"": """", ""data_collected_types"": [], ""collection_enabled"": true, ""authorized_purposes"": [], ""data_minimization_enabled"": true, ""data_retention_period_days"": 0, ""encryption_enabled"": true, ""access_control_enabled"": true, ""configuration_status"": """", ""policy_compliant"": true, ""last_verified_time"": """", ""created_time"": """", ""last_updated_time"": """", ""owner"": """"}",1721b991-e491-4953-b2bb-ca35d815024f
e578a11e-3a21-4620-bdd4-ee78fa6a7955,SECURITY_VULN_MGMT,EV-249,Sensor Data Usage Logs — Security,Supporting,security_catalog,,,,False,2026-03-26 16:40:48,2026-03-27 05:49:22,,"{""log_id"": """", ""sensor_id"": """", ""system_id"": """", ""system_name"": """", ""user_id"": """", ""access_type"": """", ""data_accessed"": """", ""authorized_purpose"": """", ""access_approved"": true, ""processing_action"": """", ""timestamp"": """", ""access_status"": """", ""unauthorized_access_detected"": false, ""created_time"": """", ""last_updated_time"": """"}",cd545de5-0565-447b-89ef-f137d2267a70
2c354fa6-b9d9-4211-8b8a-b8e0a553e551,HRMS_GRC,EV-25,Employee Termination Records — HR,Supporting,hrms_catalog,,,,False,2026-03-26 16:40:46,2026-03-27 05:49:22,,"{""record_id"": """", ""employee_id"": """", ""employee_name"": """", ""employment_type"": """", ""department"": """", ""termination_date"": """", ""termination_reason"": """", ""termination_status"": """", ""last_working_day"": """", ""record_status"": """", ""created_time"": """", ""last_updated_time"": """"}",465c7082-4a36-4567-b535-e6fe16994eec
423faf94-9405-4b4a-91db-8fedde6e0504,POLICY,EV-250,AI Governance Policy — Compliance,Supporting,policy_catalog,,,,False,2026-03-26 16:40:48,2026-03-27 05:49:22,,"{""policy_id"": """", ""policy_name"": """", ""policy_version"": """", ""policy_status"": """", ""policy_type"": ""ai_governance"", ""human_oversight_requirements_defined"": true, ""accountability_structure_defined"": true, ""ai_risk_management_defined"": true, ""model_validation_requirements_defined"": true, ""human_in_the_loop_required"": true, ""override_mechanisms_defined"": true, ""incident_handling_for_ai_defined"": true, ""roles_and_responsibilities_defined"": true, ""policy_scope"": """", ""applicable_ai_systems"": [], ""approved_by"": """", ""owner"": """", ""effective_date"": """", ""review_frequency"": """", ""next_review_date"": """", ""compliance_status"": """", ""created_time"": """", ""last_updated_time"": """"}",70b4419c-8544-47be-9f13-bc21356bd897
814eb5e5-1697-4663-b678-eaef43304ec8,POLICY,EV-251,AI Human Oversight Procedure — Compliance,Supporting,policy_catalog,,,,False,2026-03-26 16:40:48,2026-03-27 05:49:22,,"{""procedure_id"": """", ""procedure_name"": """", ""procedure_version"": """", ""procedure_status"": """", ""ai_systems_covered"": [], ""human_review_process_defined"": true, ""validation_steps_defined"": true, ""intervention_points_defined"": true, ""override_procedures_defined"": true, ""approval_requirements_defined"": true, ""audit_trail_required"": true, ""escalation_process_defined"": true, ""applicability_scope"": """", ""approved_by"": """", ""owner"": """", ""effective_date"": """", ""review_date"": """", ""compliance_status"": """", ""created_time"": """", ""last_updated_time"": """"}",70b4419c-8544-47be-9f13-bc21356bd897
c1fd327e-adb1-4ccf-802e-fc82fbaff436,MANUAL_EVIDENCE,EV-252,AI Oversight Review Records — Compliance,Required,manual_evidence_catalog,,,,True,2026-03-26 16:40:48,2026-03-27 05:49:22,,"{""review_id"": """", ""ai_system_id"": """", ""ai_system_name"": """", ""reviewed_output_id"": """", ""review_type"": """", ""reviewed_by"": """", ""review_date"": """", ""decision_context"": """", ""human_intervention_required"": true, ""intervention_action"": """", ""override_applied"": true, ""final_decision"": """", ""issues_identified"": true, ""issue_description"": """", ""escalation_required"": true, ""approval_status"": """", ""approved_by"": """", ""compliance_status"": """", ""created_time"": """", ""last_updated_time"": """"}",70b4419c-8544-47be-9f13-bc21356bd897
208455bf-9880-462f-afdf-67cb899f4636,POLICY,EV-253,Data Integrity Procedure — Compliance,Supporting,policy_catalog,,,,False,2026-03-26 16:40:48,2026-03-27 05:49:22,,"{""procedure_id"": """", ""procedure_name"": """", ""procedure_version"": """", ""procedure_status"": """", ""data_validation_process_defined"": true, ""data_quality_checks_defined"": true, ""data_accuracy_review_frequency_defined"": true, ""data_cleansing_process_defined"": true, ""data_update_and_correction_process_defined"": true, ""data_relevance_review_defined"": true, ""exception_handling_defined"": true, ""audit_trail_required"": true, ""applicability_scope"": """", ""approved_by"": """", ""owner"": """", ""effective_date"": """", ""review_date"": """", ""compliance_status"": """", ""created_time"": """", ""last_updated_time"": """"}",70b4419c-8544-47be-9f13-bc21356bd897
ee8cc20e-2d5e-4495-888f-68cf81f0962c,SECURITY_VULN_MGMT,EV-254,Data Integrity Validation Logs — Security,Required,security_catalog,,,,True,2026-03-26 16:40:48,2026-03-27 05:49:22,,"{""log_id"": """", ""system_id"": """", ""system_name"": """", ""data_asset_id"": """", ""data_type"": """", ""validation_type"": """", ""validation_rules_applied"": [], ""validation_status"": """", ""errors_detected"": 0, ""error_details"": [], ""correction_applied"": true, ""correction_details"": """", ""validated_by"": """", ""validation_timestamp"": """", ""log_timestamp"": """", ""created_time"": """", ""last_updated_time"": """"}",cd545de5-0565-447b-89ef-f137d2267a70
00076e7e-8bbd-4f29-bab2-ddf3949db21e,POLICY,EV-255,Authorized Agent Verification Procedure — Compliance,Supporting,policy_catalog,,,,False,2026-03-26 16:40:48,2026-03-27 05:49:22,,"{""procedure_id"": """", ""procedure_name"": """", ""procedure_version"": """", ""procedure_status"": """", ""agent_identity_verification_process_defined"": true, ""authorization_validation_process_defined"": true, ""documentation_requirements_defined"": true, ""approval_workflow_defined"": true, ""revocation_process_defined"": true, ""audit_trail_required"": true, ""data_access_controls_defined"": true, ""applicability_scope"": """", ""approved_by"": """", ""owner"": """", ""effective_date"": """", ""review_date"": """", ""compliance_status"": """", ""created_time"": """", ""last_updated_time"": """"}",70b4419c-8544-47be-9f13-bc21356bd897
959c21c7-0a73-4b3a-a06c-20ae0de7bb37,MANUAL_EVIDENCE,EV-256,Authorized Agent Approval Records — Compliance,Required,manual_evidence_catalog,,,,True,2026-03-26 16:40:48,2026-03-27 05:49:22,,"{""record_id"": """", ""agent_id"": """", ""agent_name"": """", ""represented_individual_id"": """", ""represented_individual_name"": """", ""authorization_scope"": """", ""authorization_document_reference"": """", ""identity_verified"": true, ""verification_method"": """", ""approval_status"": """", ""approved_by"": """", ""approval_date"": """", ""authorization_start_date"": """", ""authorization_end_date"": """", ""revoked"": true, ""revocation_date"": """", ""compliance_status"": """", ""created_time"": """", ""last_updated_time"": """"}",70b4419c-8544-47be-9f13-bc21356bd897
686cafc7-721e-4104-9ed3-860c7398ec12,POLICY,EV-257,Data Sale Prevention Procedure — Compliance,Supporting,policy_catalog,,,,False,2026-03-26 16:40:48,2026-03-27 05:49:22,,"{""procedure_id"": """", ""procedure_name"": """", ""procedure_version"": """", ""procedure_status"": """", ""data_sale_prevention_controls_defined"": true, ""opt_out_request_handling_defined"": true, ""consent_management_process_defined"": true, ""third_party_data_sharing_controls_defined"": true, ""data_transfer_restrictions_defined"": true, ""exception_handling_defined"": true, ""audit_trail_required"": true, ""applicability_scope"": """", ""approved_by"": """", ""owner"": """", ""effective_date"": """", ""review_date"": """", ""compliance_status"": """", ""created_time"": """", ""last_updated_time"": """"}",70b4419c-8544-47be-9f13-bc21356bd897
9ae8d001-d00c-49d4-9f3c-f1cf0a484f33,POLICY,EV-258,AI System Override Procedure — Compliance,Supporting,policy_catalog,,,,False,2026-03-26 16:40:48,2026-03-27 05:49:22,,"{""procedure_id"": """", ""procedure_name"": """", ""procedure_version"": """", ""procedure_status"": """", ""ai_systems_covered"": [], ""override_conditions_defined"": true, ""override_execution_steps_defined"": true, ""deactivation_process_defined"": true, ""pause_and_resume_controls_defined"": true, ""authorization_requirements_defined"": true, ""approval_workflow_defined"": true, ""audit_trail_required"": true, ""escalation_process_defined"": true, ""applicability_scope"": """", ""approved_by"": """", ""owner"": """", ""effective_date"": """", ""review_date"": """", ""compliance_status"": """", ""created_time"": """", ""last_updated_time"": """"}",70b4419c-8544-47be-9f13-bc21356bd897
c021076a-d2ca-42f6-9e38-af2aeeee750a,DEVOPS_DEVTOOLS,EV-259,AI System Control Configuration Records — DevOps,Required,devtools_catalog,,,,True,2026-03-26 16:40:48,2026-03-27 05:49:22,,"{""configuration_id"": """", ""ai_system_id"": """", ""ai_system_name"": """", ""environment"": """", ""override_enabled"": true, ""deactivation_capability_enabled"": true, ""pause_resume_enabled"": true, ""manual_override_allowed"": true, ""authorized_roles"": [], ""access_control_enforced"": true, ""monitoring_enabled"": true, ""alerting_enabled"": true, ""configuration_status"": """", ""policy_compliant"": true, ""last_verified_time"": """", ""created_time"": """", ""last_updated_time"": """", ""owner"": """"}",6874f3ab-44fc-4b3e-a95e-bd01e03bf933
91c852ba-8640-4b97-a375-1aa3b03c7a61,HRMS_GRC,EV-26,Employee Offboarding Checklist Records — HR,Required,hrms_catalog,,,,True,2026-03-26 16:40:46,2026-03-27 05:49:22,,"{""checklist_id"": """", ""employee_id"": """", ""employee_name"": """", ""termination_date"": """", ""asset_return_completed"": true, ""access_revocation_completed"": true, ""knowledge_transfer_completed"": true, ""accounts_disabled"": true, ""checklist_status"": """", ""completed_by"": """", ""completion_date"": """", ""verified"": true, ""created_time"": """", ""last_updated_time"": """"}",465c7082-4a36-4567-b535-e6fe16994eec
d3b0df2f-3954-47c8-9de6-a66c10b9b45a,SECURITY_VULN_MGMT,EV-260,AI System Override Execution Logs — Security,Supporting,security_catalog,,,,False,2026-03-26 16:40:48,2026-03-27 05:49:22,,"{""log_id"": """", ""ai_system_id"": """", ""ai_system_name"": """", ""event_type"": """", ""override_triggered"": true, ""trigger_reason"": """", ""triggered_by"": """", ""authorization_status"": """", ""override_action"": """", ""previous_state"": """", ""new_state"": """", ""event_timestamp"": """", ""incident_id"": """", ""execution_status"": """", ""log_timestamp"": """", ""created_time"": """", ""last_updated_time"": """"}",cd545de5-0565-447b-89ef-f137d2267a70
fac408cb-680a-4504-be3a-2425a7ad8a85,MANUAL_EVIDENCE,EV-261,Privacy Notice Display Records — Compliance,Required,manual_evidence_catalog,,,,True,2026-03-26 16:40:48,2026-03-27 05:49:22,,"{""record_id"": """", ""notice_id"": """", ""notice_version"": """", ""notice_content_reference"": """", ""display_channel"": """", ""application_or_website_name"": """", ""displayed_to_user_id"": """", ""display_timestamp"": """", ""pre_data_collection_displayed"": true, ""language"": """", ""geo_region"": """", ""notice_active"": true, ""compliance_status"": """", ""created_time"": """", ""last_updated_time"": """"}",70b4419c-8544-47be-9f13-bc21356bd897
2ebe4e01-fe49-4b10-9931-8510171ece51,SECURITY_VULN_MGMT,EV-262,Consent Capture Logs — Security,Supporting,security_catalog,,,,False,2026-03-26 16:40:48,2026-03-27 05:49:22,,"{""log_id"": """", ""user_id"": """", ""notice_id"": """", ""notice_version"": """", ""consent_action"": """", ""consent_given"": true, ""consent_timestamp"": """", ""consent_source"": """", ""ip_address"": """", ""device_info"": """", ""pre_data_collection"": true, ""log_timestamp"": """", ""created_time"": """", ""last_updated_time"": """"}",cd545de5-0565-447b-89ef-f137d2267a70
27a57c5b-2b4b-46a5-889c-ddbe5f6cef70,MANUAL_EVIDENCE,EV-263,Vendor Data Processing Agreements — Compliance,Required,manual_evidence_catalog,,,,True,2026-03-26 16:40:48,2026-03-27 05:49:22,,"{""agreement_id"": """", ""vendor_id"": """", ""vendor_name"": """", ""agreement_name"": """", ""agreement_version"": """", ""agreement_status"": """", ""data_processing_purposes_defined"": true, ""data_sharing_scope"": """", ""data_protection_obligations_defined"": true, ""confidentiality_clauses_defined"": true, ""subprocessor_terms_defined"": true, ""data_transfer_mechanism"": """", ""security_requirements_defined"": true, ""signed_by_company"": """", ""signed_by_vendor"": """", ""execution_date"": """", ""effective_date"": """", ""expiration_date"": """", ""compliance_status"": """", ""created_time"": """", ""last_updated_time"": """"}",70b4419c-8544-47be-9f13-bc21356bd897
a183d505-52a1-433c-b1da-9e7d4931fc22,MANUAL_EVIDENCE,EV-264,Third-Party Data Sharing Records — Compliance,Supporting,manual_evidence_catalog,,,,False,2026-03-26 16:40:48,2026-03-27 05:49:22,,"{""record_id"": """", ""vendor_id"": """", ""vendor_name"": """", ""data_shared_type"": """", ""data_subject_category"": """", ""sharing_purpose"": """", ""authorized_purpose"": true, ""data_sharing_date"": """", ""sharing_method"": """", ""consent_obtained"": true, ""agreement_id"": """", ""data_transfer_mechanism"": """", ""access_controls_applied"": true, ""record_status"": """", ""compliance_status"": """", ""created_time"": """", ""last_updated_time"": """"}",70b4419c-8544-47be-9f13-bc21356bd897
004d89f3-46bf-40ec-aeb0-67c9448dcf7c,POLICY,EV-265,AI Governance Review Procedure — Compliance,Supporting,policy_catalog,,,,False,2026-03-26 16:40:48,2026-03-27 05:49:22,,"{""procedure_id"": """", ""procedure_name"": """", ""procedure_version"": """", ""procedure_status"": """", ""ai_systems_covered"": [], ""review_frequency_defined"": true, ""compliance_validation_process_defined"": true, ""usage_monitoring_process_defined"": true, ""deviation_detection_defined"": true, ""remediation_process_defined"": true, ""approval_workflow_defined"": true, ""audit_trail_required"": true, ""escalation_process_defined"": true, ""applicability_scope"": """", ""approved_by"": """", ""owner"": """", ""effective_date"": """", ""review_date"": """", ""compliance_status"": """", ""created_time"": """", ""last_updated_time"": """"}",70b4419c-8544-47be-9f13-bc21356bd897
bd71081b-6f51-4de7-a360-49e73aaaa4ea,MANUAL_EVIDENCE,EV-266,AI Governance Review Records — Compliance,Required,manual_evidence_catalog,,,,True,2026-03-26 16:40:48,2026-03-27 05:49:22,,"{""review_id"": """", ""ai_system_id"": """", ""ai_system_name"": """", ""review_period_start"": """", ""review_period_end"": """", ""review_date"": """", ""reviewed_by"": """", ""usage_compliance_verified"": true, ""policy_deviations_identified"": true, ""deviation_details"": """", ""risk_level"": """", ""corrective_actions_defined"": true, ""corrective_action_status"": """", ""approval_status"": """", ""approved_by"": """", ""next_review_date"": """", ""compliance_status"": """", ""created_time"": """", ""last_updated_time"": """"}",70b4419c-8544-47be-9f13-bc21356bd897
13719238-3511-48e3-a759-f1c47ddaa94c,POLICY,EV-267,Parental Consent Procedure — Compliance,Supporting,policy_catalog,,,,False,2026-03-26 16:40:48,2026-03-27 05:49:22,,"{""procedure_id"": """", ""procedure_name"": """", ""procedure_version"": """", ""procedure_status"": """", ""age_verification_process_defined"": true, ""parental_consent_collection_process_defined"": true, ""consent_verification_process_defined"": true, ""identity_verification_required"": true, ""consent_recording_process_defined"": true, ""revocation_process_defined"": true, ""audit_trail_required"": true, ""exception_handling_defined"": true, ""applicability_scope"": """", ""approved_by"": """", ""owner"": """", ""effective_date"": """", ""review_date"": """", ""compliance_status"": """", ""created_time"": """", ""last_updated_time"": """"}",70b4419c-8544-47be-9f13-bc21356bd897
d5b70366-86d3-4164-82b8-33d053b91bc0,MANUAL_EVIDENCE,EV-268,Parental Consent Records — Compliance,Required,manual_evidence_catalog,,,,True,2026-03-26 16:40:48,2026-03-27 05:49:22,,"{""record_id"": """", ""minor_user_id"": """", ""minor_user_identifier"": """", ""parent_guardian_id"": """", ""parent_guardian_name"": """", ""relationship_to_minor"": """", ""age_verified"": true, ""consent_obtained"": true, ""consent_method"": """", ""consent_document_reference"": """", ""consent_given_date"": """", ""consent_verified"": true, ""verification_method"": """", ""consent_status"": """", ""consent_revoked"": true, ""consent_revocation_date"": """", ""compliance_status"": """", ""created_time"": """", ""last_updated_time"": """"}",70b4419c-8544-47be-9f13-bc21356bd897
c81e442d-ec18-40cc-89ec-0e09e1ff6bcb,POLICY,EV-269,Data Subject Rights Procedure — Compliance,Supporting,policy_catalog,,,,False,2026-03-26 16:40:48,2026-03-27 05:49:22,,"{""procedure_id"": """", ""procedure_name"": """", ""procedure_version"": """", ""procedure_status"": """", ""appeal_submission_process_defined"": true, ""identity_verification_process_defined"": true, ""appeal_handling_workflow_defined"": true, ""response_time_requirements_defined"": true, ""decision_review_process_defined"": true, ""escalation_process_defined"": true, ""audit_trail_required"": true, ""communication_requirements_defined"": true, ""applicability_scope"": """", ""approved_by"": """", ""owner"": """", ""effective_date"": """", ""review_date"": """", ""compliance_status"": """", ""created_time"": """", ""last_updated_time"": """"}",70b4419c-8544-47be-9f13-bc21356bd897
82b21426-f1b4-48c8-b14a-3362915cdcb2,ITSM_GRC,EV-27,Access Revocation Tickets — ITSM,Required,itsm_catalog,,,,True,2026-03-26 16:40:46,2026-03-27 05:49:22,,"{""ticket_id"": """", ""employee_id"": """", ""employee_name"": """", ""system_id"": """", ""system_name"": """", ""access_type"": """", ""revocation_requested_time"": """", ""revocation_completed_time"": """", ""revoked"": true, ""status"": """", ""performed_by"": """", ""verified"": true, ""created_time"": """", ""last_updated_time"": """"}",cd4015e2-8a3f-4f54-a3ee-9dfddb048f84
1339ce7f-02a5-44ba-9c81-f33363f9a7be,ITSM_GRC,EV-270,Data Subject Appeal Records — ITSM,Required,itsm_catalog,,,,True,2026-03-26 16:40:48,2026-03-27 05:49:22,,"{""appeal_id"": """", ""data_subject_id"": """", ""data_subject_identifier"": """", ""original_decision_id"": """", ""appeal_reason"": """", ""appeal_submission_date"": """", ""appeal_status"": """", ""assigned_to"": """", ""review_outcome"": """", ""decision_reversed"": true, ""response_provided"": true, ""response_date"": """", ""resolution_summary"": """", ""escalation_required"": true, ""created_time"": """", ""last_updated_time"": """", ""closed_time"": """"}",cd4015e2-8a3f-4f54-a3ee-9dfddb048f84
2ef4f08a-f894-4f69-be5b-6563474d9fa5,POLICY,EV-271,AI Model Monitoring Procedure — Compliance,Supporting,policy_catalog,,,,False,2026-03-26 16:40:48,2026-03-27 05:49:22,,"{""procedure_id"": """", ""procedure_name"": """", ""procedure_version"": """", ""procedure_status"": """", ""ai_models_covered"": [], ""performance_monitoring_process_defined"": true, ""drift_detection_process_defined"": true, ""thresholds_defined"": true, ""alerting_process_defined"": true, ""incident_response_defined"": true, ""review_frequency_defined"": true, ""audit_trail_required"": true, ""applicability_scope"": """", ""approved_by"": """", ""owner"": """", ""effective_date"": """", ""review_date"": """", ""compliance_status"": """", ""created_time"": """", ""last_updated_time"": """"}",70b4419c-8544-47be-9f13-bc21356bd897
ca15916b-c97d-4568-bd31-04c6b13fdf90,SECURITY_VULN_MGMT,EV-272,AI Model Monitoring Logs — Security,Required,security_catalog,,,,True,2026-03-26 16:40:48,2026-03-27 05:49:22,,"{""log_id"": """", ""ai_model_id"": """", ""ai_model_name"": """", ""system_id"": """", ""system_name"": """", ""monitoring_metric"": """", ""metric_value"": """", ""threshold_value"": """", ""threshold_breach"": true, ""drift_detected"": true, ""alert_triggered"": true, ""alert_severity"": """", ""event_timestamp"": """", ""log_timestamp"": """", ""created_time"": """", ""last_updated_time"": """"}",cd545de5-0565-447b-89ef-f137d2267a70
a1a9fc6e-ba7b-41c5-94e9-c53b5f87791b,SECURITY_VULN_MGMT,EV-273,AI Model Monitoring Reports — Security,Supporting,security_catalog,,,,False,2026-03-26 16:40:48,2026-03-27 05:49:22,,"{""report_id"": """", ""ai_model_id"": """", ""ai_model_name"": """", ""reporting_period_start"": """", ""reporting_period_end"": """", ""performance_summary"": """", ""drift_analysis_summary"": """", ""incidents_detected"": 0, ""alerts_generated"": 0, ""model_health_status"": """", ""recommendations_provided"": true, ""report_generated_time"": """", ""reviewed_by"": """", ""review_date"": """", ""created_time"": """", ""last_updated_time"": """"}",cd545de5-0565-447b-89ef-f137d2267a70
52c32289-e73a-4f69-bf24-320fee91d6fc,POLICY,EV-274,Breach Notification Procedure — Compliance,Supporting,policy_catalog,,,,False,2026-03-26 16:40:48,2026-03-27 05:49:22,,"{""procedure_id"": """", ""procedure_name"": """", ""procedure_version"": """", ""procedure_status"": """", ""breach_identification_process_defined"": true, ""notification_workflow_defined"": true, ""affected_party_identification_defined"": true, ""regulatory_notification_process_defined"": true, ""notification_timelines_defined"": true, ""communication_templates_defined"": true, ""approval_workflow_defined"": true, ""audit_trail_required"": true, ""applicability_scope"": """", ""approved_by"": """", ""owner"": """", ""effective_date"": """", ""review_date"": """", ""compliance_status"": """", ""created_time"": """", ""last_updated_time"": """"}",70b4419c-8544-47be-9f13-bc21356bd897
d3189612-679a-4fc1-b67c-e9b6b526000e,MANUAL_EVIDENCE,EV-275,Breach Notification Records — Compliance,Required,manual_evidence_catalog,,,,True,2026-03-26 16:40:48,2026-03-27 05:49:22,,"{""record_id"": """", ""incident_id"": """", ""breach_type"": """", ""affected_parties"": [], ""notification_required"": true, ""notification_sent"": true, ""notification_method"": """", ""notification_date"": """", ""regulatory_notification_sent"": true, ""regulatory_authority"": """", ""notification_content_reference"": """", ""approval_status"": """", ""approved_by"": """", ""compliance_status"": """", ""created_time"": """", ""last_updated_time"": """"}",70b4419c-8544-47be-9f13-bc21356bd897
0b75f3da-ecba-4348-9385-fa216b1a7e22,POLICY,EV-276,Data Subject Access Request Procedure — Compliance,Supporting,policy_catalog,,,,False,2026-03-26 16:40:48,2026-03-27 05:49:22,,"{""procedure_id"": """", ""procedure_name"": """", ""procedure_version"": """", ""procedure_status"": """", ""request_submission_process_defined"": true, ""identity_verification_process_defined"": true, ""request_validation_process_defined"": true, ""data_retrieval_process_defined"": true, ""data_modification_process_defined"": true, ""response_preparation_process_defined"": true, ""response_timeline_defined"": true, ""escalation_process_defined"": true, ""audit_trail_required"": true, ""applicability_scope"": """", ""approved_by"": """", ""owner"": """", ""effective_date"": """", ""review_date"": """", ""compliance_status"": """", ""created_time"": """", ""last_updated_time"": """"}",70b4419c-8544-47be-9f13-bc21356bd897
09a69b13-e00e-4566-9d62-78f435cf2299,ITSM_GRC,EV-277,DSAR Request Tickets — ITSM,Required,itsm_catalog,,,,True,2026-03-26 16:40:48,2026-03-27 05:49:22,,"{""ticket_id"": """", ""data_subject_id"": """", ""data_subject_identifier"": """", ""request_type"": """", ""request_description"": """", ""request_submission_date"": """", ""identity_verified"": true, ""assigned_to"": """", ""priority"": """", ""status"": """", ""sla_due_date"": """", ""processing_start_time"": """", ""processing_end_time"": """", ""escalation_required"": true, ""created_time"": """", ""last_updated_time"": """", ""closed_time"": """"}",cd4015e2-8a3f-4f54-a3ee-9dfddb048f84
a62c7993-e403-4fe2-b663-8085dac2f316,ITSM_GRC,EV-278,DSAR Fulfillment Records — ITSM,Supporting,itsm_catalog,,,,False,2026-03-26 16:40:48,2026-03-27 05:49:22,,"{""record_id"": """", ""ticket_id"": """", ""data_subject_id"": """", ""response_type"": """", ""data_provided"": """", ""modifications_applied"": true, ""response_sent"": true, ""response_date"": """", ""response_method"": """", ""approval_status"": """", ""approved_by"": """", ""compliance_status"": """", ""created_time"": """", ""last_updated_time"": """"}",cd4015e2-8a3f-4f54-a3ee-9dfddb048f84
f707567e-7de3-44a1-acd6-9ca36dc0f902,POLICY,EV-279,AI Risk Assessment Reports — Compliance,Required,policy_catalog,,,,True,2026-03-26 16:40:48,2026-03-27 05:49:22,,"{""report_id"": """", ""ai_system_id"": """", ""ai_system_name"": """", ""assessment_date"": """", ""assessed_by"": """", ""assessment_scope"": """", ""transparency_risks_identified"": true, ""accountability_risks_identified"": true, ""risk_details"": [], ""risk_likelihood"": """", ""risk_impact"": """", ""risk_rating"": """", ""mitigation_actions_defined"": true, ""residual_risk_level"": """", ""approval_status"": """", ""approved_by"": """", ""compliance_status"": """", ""created_time"": """", ""last_updated_time"": """"}",70b4419c-8544-47be-9f13-bc21356bd897
faca53ac-30ec-492d-a686-af719d884351,CLOUD_INFRA,EV-28,Asset Return Records — Cloud,Supporting,cloud_catalog,,,,False,2026-03-26 16:40:46,2026-03-27 05:49:22,,"{""record_id"": """", ""employee_id"": """", ""employee_name"": """", ""asset_id"": """", ""asset_name"": """", ""asset_type"": """", ""asset_returned"": true, ""return_date"": """", ""asset_condition"": """", ""verified_by"": """", ""status"": """", ""created_time"": """", ""last_updated_time"": """"}",1721b991-e491-4953-b2bb-ca35d815024f
5bfac332-af94-4d21-af20-8765777a0516,MANUAL_EVIDENCE,EV-280,External Assessment Reports — Compliance,Required,manual_evidence_catalog,,,,True,2026-03-26 16:40:48,2026-03-27 05:49:22,,"{""report_id"": """", ""assessment_name"": """", ""assessment_type"": """", ""third_party_assessor_name"": """", ""assessor_organization"": """", ""assessment_scope"": """", ""assessment_date"": """", ""controls_evaluated"": [], ""findings_summary"": """", ""non_compliant_controls_count"": 0, ""compliant_controls_count"": 0, ""risk_ratings"": {}, ""recommendations_provided"": true, ""report_status"": """", ""approved_by"": """", ""compliance_status"": """", ""created_time"": """", ""last_updated_time"": """"}",70b4419c-8544-47be-9f13-bc21356bd897
58b98e8b-68e1-4008-bbac-4db231bd2461,MANUAL_EVIDENCE,EV-281,Management Review Records — Compliance,Supporting,manual_evidence_catalog,,,,False,2026-03-26 16:40:48,2026-03-27 05:49:22,,"{""review_id"": """", ""report_id"": """", ""review_date"": """", ""reviewed_by"": """", ""leadership_role"": """", ""findings_reviewed"": true, ""issues_identified"": true, ""remediation_actions_defined"": true, ""remediation_plan_summary"": """", ""risk_acceptance_decisions"": """", ""approval_status"": """", ""approved_by"": """", ""next_review_date"": """", ""compliance_status"": """", ""created_time"": """", ""last_updated_time"": """"}",70b4419c-8544-47be-9f13-bc21356bd897
43ec6845-7b03-4304-a2e7-a066a37a03f4,POLICY,EV-282,Threat Modeling Procedure — Compliance,Supporting,policy_catalog,,,,False,2026-03-26 16:40:48,2026-03-27 05:49:22,,"{""procedure_id"": """", ""procedure_name"": """", ""procedure_version"": """", ""procedure_status"": """", ""ai_systems_covered"": [], ""threat_identification_process_defined"": true, ""attack_vector_analysis_defined"": true, ""risk_evaluation_process_defined"": true, ""threat_modeling_methodology"": """", ""mitigation_planning_defined"": true, ""review_frequency_defined"": true, ""documentation_requirements_defined"": true, ""audit_trail_required"": true, ""applicability_scope"": """", ""approved_by"": """", ""owner"": """", ""effective_date"": """", ""review_date"": """", ""compliance_status"": """", ""created_time"": """", ""last_updated_time"": """"}",70b4419c-8544-47be-9f13-bc21356bd897
79f8eb11-7977-4e75-918e-b07b5dd7aae0,POLICY,EV-283,AI Threat Modeling Reports — Compliance,Required,policy_catalog,,,,True,2026-03-26 16:40:48,2026-03-27 05:49:22,,"{""report_id"": """", ""ai_system_id"": """", ""ai_system_name"": """", ""assessment_date"": """", ""assessed_by"": """", ""threats_identified"": [], ""attack_vectors"": [], ""threat_severity_levels"": {}, ""likelihood_assessment"": """", ""impact_assessment"": """", ""risk_rating"": """", ""mitigation_strategies_defined"": true, ""residual_risk_level"": """", ""approval_status"": """", ""approved_by"": """", ""compliance_status"": """", ""created_time"": """", ""last_updated_time"": """"}",70b4419c-8544-47be-9f13-bc21356bd897
2df661ad-60b7-4952-be85-3393e32c026a,POLICY,EV-284,Privacy Management Policy — Compliance,Supporting,policy_catalog,,,,False,2026-03-26 16:40:48,2026-03-27 05:49:22,,"{""policy_id"": """", ""policy_name"": """", ""policy_version"": """", ""policy_status"": """", ""policy_type"": ""privacy_management"", ""privacy_management_tool_required"": true, ""privacy_compliance_tracking_defined"": true, ""regulatory_requirements_mapping_defined"": true, ""control_testing_requirements_defined"": true, ""data_protection_controls_defined"": true, ""risk_management_for_privacy_defined"": true, ""roles_and_responsibilities_defined"": true, ""monitoring_and_reporting_requirements_defined"": true, ""policy_scope"": """", ""applicable_data_types"": [], ""approved_by"": """", ""owner"": """", ""effective_date"": """", ""review_frequency"": """", ""next_review_date"": """", ""compliance_status"": """", ""created_time"": """", ""last_updated_time"": """"}",70b4419c-8544-47be-9f13-bc21356bd897
e0191f59-c32c-4910-919f-077cba5c3fa3,DEVOPS_DEVTOOLS,EV-285,Privacy Management Tool Configuration Records — DevOps,Required,devtools_catalog,,,,True,2026-03-26 16:40:48,2026-03-27 05:49:22,,"{""configuration_id"": """", ""tool_name"": """", ""system_id"": """", ""system_name"": """", ""data_sources_integrated"": [], ""compliance_frameworks_mapped"": [], ""control_testing_enabled"": true, ""privacy_controls_configured"": true, ""data_inventory_integration_enabled"": true, ""risk_assessment_enabled"": true, ""alerting_enabled"": true, ""reporting_enabled"": true, ""configuration_status"": """", ""policy_compliant"": true, ""last_verified_time"": """", ""created_time"": """", ""last_updated_time"": """", ""owner"": """"}",6874f3ab-44fc-4b3e-a95e-bd01e03bf933
2ad5a698-24a3-4abd-8c3b-2be0bbc0614e,DEVOPS_DEVTOOLS,EV-286,Privacy Compliance Monitoring Reports — DevOps,Supporting,devtools_catalog,,,,False,2026-03-26 16:40:48,2026-03-27 05:49:22,,"{""report_id"": """", ""tool_name"": """", ""report_name"": """", ""reporting_period_start"": """", ""reporting_period_end"": """", ""controls_tested_count"": 0, ""compliant_controls_count"": 0, ""non_compliant_controls_count"": 0, ""privacy_obligations_tracked"": true, ""control_gaps_identified"": true, ""risk_findings"": [], ""remediation_actions_defined"": true, ""overall_compliance_status"": """", ""report_generated_time"": """", ""reviewed_by"": """", ""review_date"": """", ""created_time"": """", ""last_updated_time"": """"}",6874f3ab-44fc-4b3e-a95e-bd01e03bf933
1b939d58-d666-4891-80fe-c2ba0567aed0,POLICY,EV-287,Business Impact Analysis Reports — Compliance,Required,policy_catalog,,,,True,2026-03-26 16:40:48,2026-03-27 05:49:22,,"{""report_id"": """", ""analysis_name"": """", ""analysis_scope"": """", ""analysis_date"": """", ""conducted_by"": """", ""business_functions_evaluated"": [], ""critical_business_functions_identified"": true, ""dependencies_identified"": true, ""impact_assessment_summary"": """", ""financial_impact_estimated"": true, ""operational_impact_assessed"": true, ""recovery_time_objective_defined"": true, ""recovery_point_objective_defined"": true, ""prioritization_of_functions_defined"": true, ""approval_status"": """", ""approved_by"": """", ""compliance_status"": """", ""created_time"": """", ""last_updated_time"": """"}",70b4419c-8544-47be-9f13-bc21356bd897
ddd0664b-ee0c-4546-83a2-018cdffb87a3,POLICY,EV-288,AI Bias and Fairness Evaluation Procedure — Compliance,Supporting,policy_catalog,,,,False,2026-03-26 16:40:48,2026-03-27 05:49:22,,"{""procedure_id"": """", ""procedure_name"": """", ""procedure_version"": """", ""procedure_status"": """", ""ai_models_covered"": [], ""bias_detection_methods_defined"": true, ""fairness_metrics_defined"": true, ""evaluation_frequency_defined"": true, ""data_sampling_methodology_defined"": true, ""thresholds_defined"": true, ""remediation_process_defined"": true, ""audit_trail_required"": true, ""applicability_scope"": """", ""approved_by"": """", ""owner"": """", ""effective_date"": """", ""review_date"": """", ""compliance_status"": """", ""created_time"": """", ""last_updated_time"": """"}",70b4419c-8544-47be-9f13-bc21356bd897
65b9119a-e9c2-4579-a43f-aeaf6e41770e,MANUAL_EVIDENCE,EV-289,AI Bias and Fairness Evaluation Reports — Compliance,Required,manual_evidence_catalog,,,,True,2026-03-26 16:40:48,2026-03-27 05:49:22,,"{""report_id"": """", ""ai_system_id"": """", ""ai_system_name"": """", ""evaluation_date"": """", ""evaluated_by"": """", ""fairness_metrics_results"": {}, ""bias_detected"": true, ""bias_types_identified"": [], ""affected_groups"": [], ""risk_level"": """", ""remediation_actions_defined"": true, ""remediation_status"": """", ""residual_risk_level"": """", ""approval_status"": """", ""approved_by"": """", ""compliance_status"": """", ""created_time"": """", ""last_updated_time"": """"}",70b4419c-8544-47be-9f13-bc21356bd897
4af4d7c0-855b-47dd-8882-49e9027149a0,POLICY,EV-29,Incident Response Policy — Compliance,Required,policy_catalog,,,,True,2026-03-26 16:40:46,2026-03-27 05:49:22,,"{""policy_id"": """", ""policy_name"": """", ""policy_version"": """", ""policy_status"": """", ""incident_management_scope_defined"": true, ""roles_and_responsibilities_defined"": true, ""incident_reporting_requirements_defined"": true, ""communication_requirements_defined"": true, ""approved_by"": """", ""owner"": """", ""effective_date"": """", ""review_date"": """", ""created_time"": """", ""last_updated_time"": """"}",70b4419c-8544-47be-9f13-bc21356bd897
38faf961-7440-49cc-9bc0-a83961181ba5,POLICY,EV-290,Security Awareness and Training Policy — Compliance,Supporting,policy_catalog,,,,False,2026-03-26 16:40:48,2026-03-27 05:49:22,,"{""policy_id"": """", ""policy_name"": """", ""policy_version"": """", ""policy_status"": """", ""policy_type"": ""security_training"", ""role_based_training_required"": true, ""training_program_requirements_defined"": true, ""training_frequency_defined"": true, ""role_mapping_requirements_defined"": true, ""mandatory_training_defined"": true, ""tracking_and_reporting_required"": true, ""non_compliance_handling_defined"": true, ""roles_and_responsibilities_defined"": true, ""policy_scope"": """", ""applicable_roles"": [], ""approved_by"": """", ""owner"": """", ""effective_date"": """", ""review_frequency"": """", ""next_review_date"": """", ""compliance_status"": """", ""created_time"": """", ""last_updated_time"": """"}",70b4419c-8544-47be-9f13-bc21356bd897
76dd91ac-02cc-456a-8c9e-740f1a8d4b61,POLICY,EV-291,Role-based Training Program Documentation — Compliance,Supporting,policy_catalog,,,,False,2026-03-26 16:40:48,2026-03-27 05:49:22,,"{""document_id"": """", ""document_name"": """", ""document_version"": """", ""document_status"": """", ""roles_defined"": [], ""training_courses_mapped"": true, ""course_catalog"": [], ""mandatory_courses_defined"": true, ""training_frequency_defined"": true, ""delivery_method"": """", ""assessment_requirements_defined"": true, ""applicability_scope"": """", ""approved_by"": """", ""owner"": """", ""effective_date"": """", ""review_date"": """", ""compliance_status"": """", ""created_time"": """", ""last_updated_time"": """"}",70b4419c-8544-47be-9f13-bc21356bd897
703e1b2f-131c-4fb2-86ca-486aba2f6fec,HRMS_GRC,EV-292,Employee Training Records — HR,Required,hrms_catalog,,,,True,2026-03-26 16:40:49,2026-03-27 05:49:22,,"{""record_id"": """", ""employee_id"": """", ""employee_name"": """", ""role"": """", ""department"": """", ""training_id"": """", ""training_name"": """", ""mandatory_training"": true, ""assigned_date"": """", ""completion_status"": """", ""completion_date"": """", ""score"": """", ""validity_period"": """", ""expiry_date"": """", ""compliance_status"": """", ""created_time"": """", ""last_updated_time"": """"}",465c7082-4a36-4567-b535-e6fe16994eec
ec741919-5d7c-4ca6-8afd-b1056ce425fc,POLICY,EV-293,Data Governance Policy — Compliance,Supporting,policy_catalog,,,,False,2026-03-26 16:40:49,2026-03-27 05:49:22,,"{""policy_id"": """", ""policy_name"": """", ""policy_version"": """", ""policy_status"": """", ""policy_type"": ""data_governance"", ""data_lifecycle_management_defined"": true, ""data_mapping_required"": true, ""data_ownership_requirements_defined"": true, ""data_classification_required"": true, ""data_flow_tracking_defined"": true, ""regulatory_requirements_mapping_defined"": true, ""roles_and_responsibilities_defined"": true, ""data_inventory_required"": true, ""policy_scope"": """", ""applicable_data_domains"": [], ""approved_by"": """", ""owner"": """", ""effective_date"": """", ""review_frequency"": """", ""next_review_date"": """", ""compliance_status"": """", ""created_time"": """", ""last_updated_time"": """"}",70b4419c-8544-47be-9f13-bc21356bd897
dba26282-024f-4aea-96a9-66590285107c,POLICY,EV-294,Data Mapping Documentation — Compliance,Supporting,policy_catalog,,,,False,2026-03-26 16:40:49,2026-03-27 05:49:22,,"{""document_id"": """", ""document_name"": """", ""document_version"": """", ""document_status"": """", ""data_assets_mapped"": true, ""data_flows_documented"": true, ""source_systems"": [], ""destination_systems"": [], ""data_owners_defined"": true, ""data_classification_mapped"": true, ""endpoints_identified"": true, ""processing_activities_documented"": true, ""applicability_scope"": """", ""approved_by"": """", ""owner"": """", ""effective_date"": """", ""review_date"": """", ""compliance_status"": """", ""created_time"": """", ""last_updated_time"": """"}",70b4419c-8544-47be-9f13-bc21356bd897
8117ce7a-b019-404c-a415-f3e21cf9667f,CLOUD_INFRA,EV-295,Data Asset Register — Cloud,Required,cloud_catalog,,,,True,2026-03-26 16:40:49,2026-03-27 05:49:22,,"{""data_asset_id"": """", ""data_asset_name"": """", ""data_category"": """", ""data_classification_level"": """", ""data_owner"": """", ""data_steward"": """", ""system_id"": """", ""system_name"": """", ""storage_location"": """", ""processing_purpose"": """", ""regulatory_requirements_applicable"": true, ""retention_period_defined"": true, ""access_controls_defined"": true, ""encryption_required"": true, ""last_review_date"": """", ""next_review_date"": """", ""compliance_status"": """", ""created_time"": """", ""last_updated_time"": """"}",1721b991-e491-4953-b2bb-ca35d815024f
85ec4389-57c9-4104-b572-042cd3663967,POLICY,EV-296,AI Security Assessment Procedure — Compliance,Supporting,policy_catalog,,,,False,2026-03-26 16:40:49,2026-03-27 05:49:22,,"{""procedure_id"": """", ""procedure_name"": """", ""procedure_version"": """", ""procedure_status"": """", ""ai_systems_covered"": [], ""security_assessment_process_defined"": true, ""threat_modeling_included"": true, ""input_validation_testing_defined"": true, ""integration_security_testing_defined"": true, ""output_safety_testing_defined"": true, ""risk_evaluation_process_defined"": true, ""remediation_process_defined"": true, ""audit_trail_required"": true, ""applicability_scope"": """", ""approved_by"": """", ""owner"": """", ""effective_date"": """", ""review_date"": """", ""compliance_status"": """", ""created_time"": """", ""last_updated_time"": """"}",70b4419c-8544-47be-9f13-bc21356bd897
bb47e9d9-ef4d-431f-a62c-f7c0de24e1dc,POLICY,EV-297,AI Security Assessment Reports — Compliance,Required,policy_catalog,,,,True,2026-03-26 16:40:49,2026-03-27 05:49:22,,"{""report_id"": """", ""ai_system_id"": """", ""ai_system_name"": """", ""assessment_date"": """", ""assessed_by"": """", ""assessment_scope"": """", ""security_risks_identified"": [], ""malicious_input_risks_identified"": true, ""integration_risks_identified"": true, ""harmful_output_risks_identified"": true, ""risk_severity_levels"": {}, ""risk_rating"": """", ""mitigation_actions_defined"": true, ""remediation_status"": """", ""residual_risk_level"": """", ""approval_status"": """", ""approved_by"": """", ""compliance_status"": """", ""created_time"": """", ""last_updated_time"": """"}",70b4419c-8544-47be-9f13-bc21356bd897
f0a0ee13-9b41-45f5-9f05-a7e7c004852f,POLICY,EV-298,Asset Disposal Procedure — Compliance,Supporting,policy_catalog,,,,False,2026-03-26 16:40:49,2026-03-27 05:49:22,,"{""procedure_id"": """", ""procedure_name"": """", ""procedure_version"": """", ""procedure_status"": """", ""asset_identification_process_defined"": true, ""disposal_approval_process_defined"": true, ""data_sanitization_process_defined"": true, ""disposal_methods_defined"": true, ""third_party_disposal_requirements_defined"": true, ""tracking_and_documentation_required"": true, ""verification_of_disposal_required"": true, ""audit_trail_required"": true, ""applicability_scope"": """", ""approved_by"": """", ""owner"": """", ""effective_date"": """", ""review_date"": """", ""compliance_status"": """", ""created_time"": """", ""last_updated_time"": """"}",70b4419c-8544-47be-9f13-bc21356bd897
8a162a9a-289e-47d6-a073-83268ce8b04f,CLOUD_INFRA,EV-299,Asset Disposal Records — Cloud,Required,cloud_catalog,,,,True,2026-03-26 16:40:49,2026-03-27 05:49:22,,"{""disposal_record_id"": """", ""asset_id"": """", ""asset_name"": """", ""asset_type"": """", ""serial_number"": """", ""owner"": """", ""location"": """", ""disposal_method"": """", ""data_sanitization_performed"": true, ""sanitization_method"": """", ""disposal_vendor"": """", ""disposal_approved_by"": """", ""disposal_date"": """", ""certificate_of_destruction_reference"": """", ""asset_status"": ""disposed"", ""compliance_status"": """", ""created_time"": """", ""last_updated_time"": """"}",1721b991-e491-4953-b2bb-ca35d815024f
6190f9ab-8c0d-4a39-b303-16342b7c1a14,DEVOPS_DEVTOOLS,EV-3,Backup Configuration Records — DevOps,Required,devtools_catalog,,,,True,2026-03-26 16:40:45,2026-03-27 05:49:22,,"{""configuration_id"": """", ""system_id"": """", ""system_name"": """", ""environment"": """", ""backup_enabled"": true, ""backup_frequency"": """", ""backup_schedule"": """", ""backup_type"": """", ""backup_target_location"": """", ""retention_period_days"": 0, ""encryption_enabled"": true, ""access_control_enabled"": true, ""configuration_status"": """", ""last_backup_time"": """", ""last_verified_time"": """", ""created_time"": """", ""last_updated_time"": """", ""owner"": """"}",6874f3ab-44fc-4b3e-a95e-bd01e03bf933
07331812-9037-4d31-9df8-656b21294ea2,POLICY,EV-30,Incident Response Procedure — Compliance,Supporting,policy_catalog,,,,False,2026-03-26 16:40:46,2026-03-27 05:49:22,,"{""procedure_id"": """", ""procedure_name"": """", ""procedure_version"": """", ""procedure_status"": """", ""linked_policy_id"": """", ""incident_detection_defined"": true, ""incident_classification_defined"": true, ""escalation_process_defined"": true, ""response_steps_defined"": true, ""containment_steps_defined"": true, ""eradication_steps_defined"": true, ""recovery_steps_defined"": true, ""approved_by"": """", ""owner"": """", ""effective_date"": """", ""last_reviewed_date"": """", ""created_time"": """", ""last_updated_time"": """"}",70b4419c-8544-47be-9f13-bc21356bd897
03f6626f-b30f-4818-b1ee-4ff71e7e0e27,POLICY,EV-300,AI Safety Risk Assessment Reports — Compliance,Required,policy_catalog,,,,True,2026-03-26 16:40:49,2026-03-27 05:49:22,,"{""report_id"": """", ""ai_system_id"": """", ""ai_system_name"": """", ""assessment_date"": """", ""assessed_by"": """", ""assessment_scope"": """", ""safety_risks_identified"": [], ""model_limitations_evaluated"": true, ""misuse_scenarios_identified"": true, ""risk_likelihood"": """", ""risk_impact"": """", ""risk_rating"": """", ""mitigation_actions_defined"": true, ""remediation_status"": """", ""residual_risk_level"": """", ""approval_status"": """", ""approved_by"": """", ""compliance_status"": """", ""created_time"": """", ""last_updated_time"": """"}",70b4419c-8544-47be-9f13-bc21356bd897
95f113e7-5a00-417d-bac4-a62611b8e146,POLICY,EV-301,Privacy Training Program Documentation — Compliance,Supporting,policy_catalog,,,,False,2026-03-26 16:40:49,2026-03-27 05:49:22,,"{""document_id"": """", ""document_name"": """", ""document_version"": """", ""document_status"": """", ""training_content_defined"": true, ""privacy_topics_covered"": [], ""roles_required_for_training"": [], ""training_frequency_defined"": true, ""delivery_method"": """", ""assessment_requirements_defined"": true, ""mandatory_training_defined"": true, ""applicability_scope"": """", ""approved_by"": """", ""owner"": """", ""effective_date"": """", ""review_date"": """", ""compliance_status"": """", ""created_time"": """", ""last_updated_time"": """"}",70b4419c-8544-47be-9f13-bc21356bd897
11e7208b-1e76-4b5f-a943-008527cc1200,POLICY,EV-302,AI Output Review Procedure — Compliance,Supporting,policy_catalog,,,,False,2026-03-26 16:40:49,2026-03-27 05:49:22,,"{""procedure_id"": """", ""procedure_name"": """", ""procedure_version"": """", ""procedure_status"": """", ""ai_systems_covered"": [], ""review_process_defined"": true, ""review_criteria_defined"": true, ""failure_detection_process_defined"": true, ""escalation_process_defined"": true, ""corrective_action_process_defined"": true, ""approval_requirements_defined"": true, ""audit_trail_required"": true, ""applicability_scope"": """", ""approved_by"": """", ""owner"": """", ""effective_date"": """", ""review_date"": """", ""compliance_status"": """", ""created_time"": """", ""last_updated_time"": """"}",70b4419c-8544-47be-9f13-bc21356bd897
792446bf-4d2a-403e-9cb6-3c9b87fceb46,MANUAL_EVIDENCE,EV-303,AI Output Review Records — Compliance,Required,manual_evidence_catalog,,,,True,2026-03-26 16:40:49,2026-03-27 05:49:22,,"{""review_id"": """", ""ai_system_id"": """", ""ai_system_name"": """", ""output_id"": """", ""reviewed_by"": """", ""review_date"": """", ""review_result"": """", ""issues_identified"": true, ""issue_description"": """", ""severity"": """", ""action_required"": true, ""action_taken"": """", ""approval_status"": """", ""approved_by"": """", ""compliance_status"": """", ""created_time"": """", ""last_updated_time"": """"}",70b4419c-8544-47be-9f13-bc21356bd897
de893121-c5cb-4123-b87f-39505a027b8d,POLICY,EV-304,Privacy Notice — Compliance,Required,policy_catalog,,,,True,2026-03-26 16:40:49,2026-03-27 05:49:22,,"{""notice_id"": """", ""notice_name"": """", ""notice_version"": """", ""notice_status"": """", ""data_collection_purposes"": [], ""data_processing_purposes"": [], ""data_usage_purposes"": [], ""data_sharing_purposes"": [], ""data_categories_covered"": [], ""data_subject_categories"": [], ""legal_basis_defined"": true, ""effective_date"": """", ""review_date"": """", ""approved_by"": """", ""owner"": """", ""publicly_available"": true, ""compliance_status"": """", ""created_time"": """", ""last_updated_time"": """"}",70b4419c-8544-47be-9f13-bc21356bd897
af790459-ad06-430d-ba10-0ccfd75477b8,MANUAL_EVIDENCE,EV-305,Privacy Notice Webpage URL — Compliance,Supporting,manual_evidence_catalog,,,,False,2026-03-26 16:40:49,2026-03-27 05:49:22,,"{""page_id"": """", ""page_name"": """", ""page_url"": """", ""notice_id"": """", ""public_accessible"": true, ""authentication_required"": false, ""content_matches_latest_version"": true, ""last_content_update_date"": """", ""ssl_enabled"": true, ""availability_status"": """", ""owner"": """", ""compliance_status"": """", ""created_time"": """", ""last_verified_time"": """", ""last_updated_time"": """"}",70b4419c-8544-47be-9f13-bc21356bd897
f75a0d3e-7658-40ad-84f2-3e15d2f2844a,POLICY,EV-306,Human Subject Testing Procedure — Compliance,Supporting,policy_catalog,,,,False,2026-03-26 16:40:49,2026-03-27 05:49:22,,"{""procedure_id"": """", ""procedure_name"": """", ""procedure_version"": """", ""procedure_status"": """", ""testing_scope_defined"": true, ""participant_selection_criteria_defined"": true, ""informed_consent_process_defined"": true, ""privacy_protection_measures_defined"": true, ""data_collection_limits_defined"": true, ""risk_mitigation_measures_defined"": true, ""approval_and_ethics_review_required"": true, ""audit_trail_required"": true, ""applicability_scope"": """", ""approved_by"": """", ""owner"": """", ""effective_date"": """", ""review_date"": """", ""compliance_status"": """", ""created_time"": """", ""last_updated_time"": """"}",70b4419c-8544-47be-9f13-bc21356bd897
131d3c5a-41f1-44db-9e6b-9dccdb4172b8,MANUAL_EVIDENCE,EV-307,Human Subject Consent Records — Compliance,Required,manual_evidence_catalog,,,,True,2026-03-26 16:40:49,2026-03-27 05:49:22,,"{""record_id"": """", ""participant_id"": """", ""participant_identifier"": """", ""study_or_test_id"": """", ""ai_system_id"": """", ""consent_obtained"": true, ""consent_document_reference"": """", ""consent_method"": """", ""consent_given_date"": """", ""scope_of_consent"": """", ""participant_informed_of_scope"": true, ""consent_version"": """", ""consent_revoked"": true, ""consent_revocation_date"": """", ""compliance_status"": """", ""created_time"": """", ""last_updated_time"": """"}",70b4419c-8544-47be-9f13-bc21356bd897
a592ffb0-6455-4fae-8771-246d3259ebe2,POLICY,EV-308,Internal Assessment Reports — Compliance,Required,policy_catalog,,,,True,2026-03-26 16:40:49,2026-03-27 05:49:22,,"{""report_id"": """", ""assessment_name"": """", ""assessment_scope"": """", ""assessment_date"": """", ""assessed_by"": """", ""controls_evaluated"": [], ""compliance_results_summary"": """", ""non_compliant_controls_count"": 0, ""compliant_controls_count"": 0, ""control_effectiveness_rating"": """", ""findings_details"": [], ""risk_ratings"": {}, ""recommendations_provided"": true, ""report_status"": """", ""approved_by"": """", ""compliance_status"": """", ""created_time"": """", ""last_updated_time"": """"}",70b4419c-8544-47be-9f13-bc21356bd897
68b8657b-f0e0-48ee-824d-72920d54bf0d,POLICY,EV-309,AI Control Review Procedure — Compliance,Supporting,policy_catalog,,,,False,2026-03-26 16:40:49,2026-03-27 05:49:22,,"{""procedure_id"": """", ""procedure_name"": """", ""procedure_version"": """", ""procedure_status"": """", ""ai_systems_covered"": [], ""metrics_review_process_defined"": true, ""error_analysis_process_defined"": true, ""control_effectiveness_evaluation_defined"": true, ""impact_assessment_process_defined"": true, ""review_frequency_defined"": true, ""update_and_improvement_process_defined"": true, ""audit_trail_required"": true, ""applicability_scope"": """", ""approved_by"": """", ""owner"": """", ""effective_date"": """", ""review_date"": """", ""compliance_status"": """", ""created_time"": """", ""last_updated_time"": """"}",70b4419c-8544-47be-9f13-bc21356bd897
68d28873-a627-447f-9e04-74f404050457,ITSM_GRC,EV-31,Security Incident Register — ITSM,Supporting,itsm_catalog,,,,False,2026-03-26 16:40:46,2026-03-27 05:49:22,,"{""incident_id"": """", ""incident_title"": """", ""incident_category"": """", ""severity"": """", ""reported_time"": """", ""detected_time"": """", ""status"": """", ""impact"": """", ""affected_systems"": """", ""resolution_summary"": """", ""closure_time"": """", ""record_status"": """", ""created_time"": """", ""last_updated_time"": """"}",cd4015e2-8a3f-4f54-a3ee-9dfddb048f84
2a705f32-444e-4c02-be9d-a089fe05cdec,MANUAL_EVIDENCE,EV-310,AI Control Review Reports — Compliance,Required,manual_evidence_catalog,,,,True,2026-03-26 16:40:49,2026-03-27 05:49:22,,"{""report_id"": """", ""ai_system_id"": """", ""ai_system_name"": """", ""review_period_start"": """", ""review_period_end"": """", ""review_date"": """", ""reviewed_by"": """", ""metrics_evaluated"": [], ""performance_summary"": """", ""errors_identified"": true, ""error_details"": [], ""impact_on_users_assessed"": true, ""affected_groups"": [], ""control_gaps_identified"": true, ""recommended_updates"": [], ""remediation_status"": """", ""approval_status"": """", ""approved_by"": """", ""compliance_status"": """", ""created_time"": """", ""last_updated_time"": """"}",70b4419c-8544-47be-9f13-bc21356bd897
e7ba8b49-6b71-4863-ac00-6cc08177d5cf,POLICY,EV-311,Internal Audit Policy — Compliance,Supporting,policy_catalog,,,,False,2026-03-26 16:40:49,2026-03-27 05:49:22,,"{""policy_id"": """", ""policy_name"": """", ""policy_version"": """", ""policy_status"": """", ""policy_type"": ""internal_audit"", ""audit_frequency_defined"": true, ""audit_scope_defined"": true, ""risk_based_audit_required"": true, ""trigger_for_additional_audits_defined"": true, ""reporting_requirements_defined"": true, ""management_review_required"": true, ""remediation_tracking_required"": true, ""roles_and_responsibilities_defined"": true, ""policy_scope"": """", ""applicable_controls"": [], ""approved_by"": """", ""owner"": """", ""effective_date"": """", ""review_frequency"": """", ""next_review_date"": """", ""compliance_status"": """", ""created_time"": """", ""last_updated_time"": """"}",70b4419c-8544-47be-9f13-bc21356bd897
9b841586-9672-4c71-b910-353935dece37,POLICY,EV-312,Internal Audit Procedure — Compliance,Supporting,policy_catalog,,,,False,2026-03-26 16:40:49,2026-03-27 05:49:22,,"{""procedure_id"": """", ""procedure_name"": """", ""procedure_version"": """", ""procedure_status"": """", ""audit_planning_process_defined"": true, ""audit_execution_process_defined"": true, ""evidence_collection_process_defined"": true, ""control_testing_methodology_defined"": true, ""reporting_process_defined"": true, ""remediation_follow_up_process_defined"": true, ""approval_workflow_defined"": true, ""audit_trail_required"": true, ""applicability_scope"": """", ""approved_by"": """", ""owner"": """", ""effective_date"": """", ""review_date"": """", ""compliance_status"": """", ""created_time"": """", ""last_updated_time"": """"}",70b4419c-8544-47be-9f13-bc21356bd897
5527fcc4-ad2b-4a5e-be4b-54df127365f4,POLICY,EV-313,Internal Audit Reports — Compliance,Required,policy_catalog,,,,True,2026-03-26 16:40:49,2026-03-27 05:49:22,,"{""report_id"": """", ""audit_name"": """", ""audit_scope"": """", ""audit_period_start"": """", ""audit_period_end"": """", ""audit_date"": """", ""auditor"": """", ""controls_evaluated"": [], ""findings_summary"": """", ""non_compliant_controls_count"": 0, ""compliant_controls_count"": 0, ""risk_ratings"": {}, ""recommendations_provided"": true, ""report_status"": """", ""approved_by"": """", ""compliance_status"": """", ""created_time"": """", ""last_updated_time"": """"}",70b4419c-8544-47be-9f13-bc21356bd897
7b391fea-24bf-48bc-ba0c-9bd3e16129a0,POLICY,EV-314,Internal Audit Plan — Compliance,Supporting,policy_catalog,,,,False,2026-03-26 16:40:49,2026-03-27 05:49:22,,"{""plan_id"": """", ""audit_cycle_year"": """", ""planned_audits"": [], ""audit_scope_defined"": true, ""audit_schedule"": [], ""risk_based_prioritization_defined"": true, ""resources_assigned"": true, ""approved_by"": """", ""approval_date"": """", ""plan_status"": """", ""compliance_status"": """", ""created_time"": """", ""last_updated_time"": """"}",70b4419c-8544-47be-9f13-bc21356bd897
b7fc34ad-3d5d-4cac-ba15-501b965194ec,MANUAL_EVIDENCE,EV-315,Vendor Audit Reports — Compliance,Supporting,manual_evidence_catalog,,,,False,2026-03-26 16:40:49,2026-03-27 05:49:22,,"{""report_id"": """", ""vendor_id"": """", ""vendor_name"": """", ""audit_type"": """", ""audit_standard"": """", ""audit_period_start"": """", ""audit_period_end"": """", ""audit_date"": """", ""auditor_name"": """", ""auditor_organization"": """", ""compliance_status"": """", ""certification_valid"": true, ""certification_expiry_date"": """", ""findings_summary"": """", ""report_reference"": """", ""created_time"": """", ""last_updated_time"": """"}",70b4419c-8544-47be-9f13-bc21356bd897
fb8cc723-b428-4a98-85e8-77327a775265,POLICY,EV-316,Secure Coding Standard — Compliance,Required,policy_catalog,,,,True,2026-03-26 16:40:49,2026-03-27 05:49:22,,"{""standard_id"": """", ""standard_name"": """", ""standard_version"": """", ""standard_status"": """", ""owasp_alignment"": true, ""secure_coding_guidelines_defined"": true, ""input_validation_rules_defined"": true, ""authentication_and_authorization_controls_defined"": true, ""data_protection_requirements_defined"": true, ""error_handling_guidelines_defined"": true, ""logging_and_monitoring_guidelines_defined"": true, ""applicability_scope"": """", ""programming_languages_covered"": [], ""approved_by"": """", ""owner"": """", ""effective_date"": """", ""review_date"": """", ""compliance_status"": """", ""created_time"": """", ""last_updated_time"": """"}",70b4419c-8544-47be-9f13-bc21356bd897
c04fadce-ac72-48e0-85eb-4d29b1fb98b0,HRMS_GRC,EV-317,Secure Coding Training Records — HR,Supporting,hrms_catalog,,,,False,2026-03-26 16:40:49,2026-03-27 05:49:22,,"{""record_id"": """", ""employee_id"": """", ""employee_name"": """", ""role"": """", ""department"": """", ""training_id"": """", ""training_name"": """", ""secure_coding_training"": true, ""assigned_date"": """", ""completion_status"": """", ""completion_date"": """", ""score"": """", ""validity_period"": """", ""expiry_date"": """", ""compliance_status"": """", ""created_time"": """", ""last_updated_time"": """"}",465c7082-4a36-4567-b535-e6fe16994eec
0c3e72e7-1e96-463e-b549-0794a6f5f4f8,DEVOPS_DEVTOOLS,EV-318,Static Code Analysis Reports — DevOps,Supporting,devtools_catalog,,,,False,2026-03-26 16:40:49,2026-03-27 05:49:22,,"{""report_id"": """", ""repository_id"": """", ""repository_name"": """", ""scan_date"": """", ""tool_name"": """", ""codebase_version"": """", ""vulnerabilities_detected"": 0, ""critical_issues_count"": 0, ""high_issues_count"": 0, ""medium_issues_count"": 0, ""low_issues_count"": 0, ""owasp_categories_detected"": [], ""remediation_required"": true, ""scan_status"": """", ""created_time"": """", ""last_updated_time"": """"}",6874f3ab-44fc-4b3e-a95e-bd01e03bf933
8691bbf6-b98b-4238-a57b-5b086ad8f3d0,POLICY,EV-319,AI System Assessment Procedure — Compliance,Supporting,policy_catalog,,,,False,2026-03-26 16:40:49,2026-03-27 05:49:22,,"{""procedure_id"": """", ""procedure_name"": """", ""procedure_version"": """", ""procedure_status"": """", ""ai_systems_covered"": [], ""due_diligence_process_defined"": true, ""risk_assessment_process_defined"": true, ""vendor_evaluation_process_defined"": true, ""security_and_compliance_checks_defined"": true, ""approval_workflow_defined"": true, ""deployment_readiness_checks_defined"": true, ""audit_trail_required"": true, ""applicability_scope"": """", ""approved_by"": """", ""owner"": """", ""effective_date"": """", ""review_date"": """", ""compliance_status"": """", ""created_time"": """", ""last_updated_time"": """"}",70b4419c-8544-47be-9f13-bc21356bd897
a7970c02-c518-4de6-8b3a-eaf089c269ed,ITSM_GRC,EV-32,Incident Management Ticket Records — ITSM,Required,itsm_catalog,,,,True,2026-03-26 16:40:46,2026-03-27 05:49:22,,"{""ticket_id"": """", ""incident_id"": """", ""incident_title"": """", ""severity"": """", ""status"": """", ""reported_time"": """", ""assigned_to"": """", ""response_actions"": """", ""containment_actions"": """", ""eradication_actions"": """", ""recovery_actions"": """", ""resolution_time"": """", ""resolved"": true, ""closure_time"": """", ""created_time"": """", ""last_updated_time"": """"}",cd4015e2-8a3f-4f54-a3ee-9dfddb048f84
a6d32af6-27d6-4807-b8a8-899ad3d905fc,POLICY,EV-320,AI System Assessment Reports — Compliance,Required,policy_catalog,,,,True,2026-03-26 16:40:49,2026-03-27 05:49:22,,"{""report_id"": """", ""ai_system_id"": """", ""ai_system_name"": """", ""assessment_date"": """", ""assessed_by"": """", ""assessment_scope"": """", ""due_diligence_completed"": true, ""risks_identified"": [], ""security_risks"": [], ""compliance_risks"": [], ""risk_likelihood"": """", ""risk_impact"": """", ""risk_rating"": """", ""mitigation_actions_defined"": true, ""residual_risk_level"": """", ""approval_status"": """", ""approved_by"": """", ""deployment_approved"": true, ""compliance_status"": """", ""created_time"": """", ""last_updated_time"": """"}",70b4419c-8544-47be-9f13-bc21356bd897
e8c5a656-cffd-4404-97de-6f3d705ecd43,DEVOPS_DEVTOOLS,EV-321,CI/CD Pipeline Notification Configuration Records — DevOps,Required,devtools_catalog,,,,True,2026-03-26 16:40:49,2026-03-27 05:49:22,,"{""configuration_id"": """", ""pipeline_id"": """", ""pipeline_name"": """", ""environment"": ""production"", ""notification_enabled"": true, ""trigger_events"": [], ""notification_channels"": [], ""recipients"": [], ""approval_stage_notifications_enabled"": true, ""failure_notifications_enabled"": true, ""success_notifications_enabled"": true, ""configuration_status"": """", ""policy_compliant"": true, ""last_verified_time"": """", ""created_time"": """", ""last_updated_time"": """", ""owner"": """"}",6874f3ab-44fc-4b3e-a95e-bd01e03bf933
4c701036-12cc-49b6-b4a0-6058ae7b4f06,SECURITY_VULN_MGMT,EV-322,Production Change Notification Logs — Security,Supporting,security_catalog,,,,False,2026-03-26 16:40:49,2026-03-27 05:49:22,,"{""log_id"": """", ""pipeline_id"": """", ""pipeline_name"": """", ""deployment_id"": """", ""environment"": ""production"", ""change_event_type"": """", ""notification_sent"": true, ""notification_channel"": """", ""recipients"": [], ""notification_status"": """", ""triggered_by"": """", ""event_timestamp"": """", ""log_timestamp"": """", ""created_time"": """", ""last_updated_time"": """"}",cd545de5-0565-447b-89ef-f137d2267a70
9e46e91f-d904-41dc-8a83-9c91ed071495,POLICY,EV-323,Emergency Change Procedure — Compliance,Supporting,policy_catalog,,,,False,2026-03-26 16:40:49,2026-03-27 05:49:22,,"{""procedure_id"": """", ""procedure_name"": """", ""procedure_version"": """", ""procedure_status"": """", ""emergency_change_definition"": """", ""request_process_defined"": true, ""accelerated_approval_process_defined"": true, ""implementation_steps_defined"": true, ""rollback_plan_required"": true, ""communication_requirements_defined"": true, ""post_implementation_review_process_defined"": true, ""audit_trail_required"": true, ""applicability_scope"": """", ""approved_by"": """", ""owner"": """", ""effective_date"": """", ""review_date"": """", ""compliance_status"": """", ""created_time"": """", ""last_updated_time"": """"}",70b4419c-8544-47be-9f13-bc21356bd897
2972a578-4ac2-4d4e-be4e-5a59d50b8f2a,ITSM_GRC,EV-324,Emergency Change Tickets — ITSM,Required,itsm_catalog,,,,True,2026-03-26 16:40:49,2026-03-27 05:49:22,,"{""ticket_id"": """", ""change_id"": """", ""change_title"": """", ""change_description"": """", ""change_type"": ""emergency"", ""system_id"": """", ""system_name"": """", ""requested_by"": """", ""approval_status"": """", ""approved_by"": """", ""approval_time"": """", ""implementation_start_time"": """", ""implementation_end_time"": """", ""change_status"": """", ""rollback_executed"": true, ""created_time"": """", ""last_updated_time"": """", ""closed_time"": """"}",cd4015e2-8a3f-4f54-a3ee-9dfddb048f84
ce2f8f5f-22bf-4dc2-85f1-7ed33074e7ab,ITSM_GRC,EV-325,Emergency Change Review Records — ITSM,Supporting,itsm_catalog,,,,False,2026-03-26 16:40:49,2026-03-27 05:49:22,,"{""review_id"": """", ""change_id"": """", ""ticket_id"": """", ""review_date"": """", ""reviewed_by"": """", ""change_outcome"": """", ""issues_identified"": true, ""issue_details"": """", ""compliance_with_process"": true, ""corrective_actions_defined"": true, ""approval_status"": """", ""approved_by"": """", ""next_review_date"": """", ""created_time"": """", ""last_updated_time"": """"}",cd4015e2-8a3f-4f54-a3ee-9dfddb048f84
4301880e-55eb-4cee-b247-603d4c1cf427,CLOUD_INFRA,EV-326,AI System Inventory — Cloud,Supporting,cloud_catalog,,,,False,2026-03-26 16:40:49,2026-03-27 05:49:22,,"{""ai_system_id"": """", ""ai_system_name"": """", ""system_description"": """", ""business_use_case"": """", ""owner"": """", ""department"": """", ""deployment_status"": """", ""environment"": """", ""data_sources"": [], ""model_type"": """", ""risk_level"": """", ""last_review_date"": """", ""next_review_date"": """", ""compliance_status"": """", ""created_time"": """", ""last_updated_time"": """"}",1721b991-e491-4953-b2bb-ca35d815024f
2b49633b-2297-46c2-999a-341f43e86d9c,POLICY,EV-327,AI Business Value Assessment Reports — Compliance,Required,policy_catalog,,,,True,2026-03-26 16:40:49,2026-03-27 05:49:22,,"{""report_id"": """", ""ai_system_id"": """", ""ai_system_name"": """", ""assessment_date"": """", ""assessed_by"": """", ""assessment_period_start"": """", ""assessment_period_end"": """", ""business_objectives_defined"": true, ""use_case_validated"": true, ""performance_metrics"": {}, ""value_generated_summary"": """", ""roi_estimated"": true, ""cost_vs_benefit_analysis"": """", ""impact_on_business_processes"": """", ""issues_identified"": true, ""recommendations_provided"": true, ""approval_status"": """", ""approved_by"": """", ""compliance_status"": """", ""created_time"": """", ""last_updated_time"": """"}",70b4419c-8544-47be-9f13-bc21356bd897
c20f37aa-9f73-4f6a-8f06-20b3a92f97c1,POLICY,EV-328,Complaint Handling Procedure — Compliance,Supporting,policy_catalog,,,,False,2026-03-26 16:40:49,2026-03-27 05:49:22,,"{""procedure_id"": """", ""procedure_name"": """", ""procedure_version"": """", ""procedure_status"": """", ""complaint_intake_process_defined"": true, ""investigation_process_defined"": true, ""resolution_process_defined"": true, ""response_timeline_defined"": true, ""escalation_process_defined"": true, ""customer_communication_defined"": true, ""closure_criteria_defined"": true, ""audit_trail_required"": true, ""applicability_scope"": """", ""approved_by"": """", ""owner"": """", ""effective_date"": """", ""review_date"": """", ""compliance_status"": """", ""created_time"": """", ""last_updated_time"": """"}",70b4419c-8544-47be-9f13-bc21356bd897
7920c2fc-86fd-4547-b033-691775a90b98,ITSM_GRC,EV-329,Customer Complaint Tickets — ITSM,Required,itsm_catalog,,,,True,2026-03-26 16:40:49,2026-03-27 05:49:22,,"{""ticket_id"": """", ""customer_id"": """", ""customer_identifier"": """", ""complaint_category"": """", ""complaint_description"": """", ""submission_date"": """", ""reported_by"": """", ""assigned_to"": """", ""priority"": """", ""status"": """", ""investigation_started"": true, ""sla_due_date"": """", ""resolution_status"": """", ""created_time"": """", ""last_updated_time"": """", ""closed_time"": """"}",cd4015e2-8a3f-4f54-a3ee-9dfddb048f84
9e39738f-02f6-49d4-986e-3c9aec744414,MANUAL_EVIDENCE,EV-33,Security Incident Post-Incident Review Reports — Compliance,Supporting,manual_evidence_catalog,,,,False,2026-03-26 16:40:46,2026-03-27 05:49:22,,"{""report_id"": """", ""incident_id"": """", ""incident_title"": """", ""root_cause_identified"": true, ""root_cause"": """", ""lessons_learned"": """", ""corrective_actions_defined"": true, ""action_items"": """", ""reviewed_by"": """", ""review_date"": """", ""report_status"": """", ""created_time"": """", ""last_updated_time"": """"}",70b4419c-8544-47be-9f13-bc21356bd897
0c93bbcf-e2b8-43f7-b051-37453dc64c74,ITSM_GRC,EV-330,Complaint Resolution Records — ITSM,Supporting,itsm_catalog,,,,False,2026-03-26 16:40:49,2026-03-27 05:49:22,,"{""record_id"": """", ""ticket_id"": """", ""investigation_summary"": """", ""root_cause_identified"": true, ""resolution_action"": """", ""resolution_date"": """", ""customer_notified"": true, ""customer_notification_date"": """", ""customer_satisfaction_status"": """", ""escalation_required"": true, ""approval_status"": """", ""approved_by"": """", ""compliance_status"": """", ""created_time"": """", ""last_updated_time"": """"}",cd4015e2-8a3f-4f54-a3ee-9dfddb048f84
eb6732f4-82b0-44cf-8848-4384f415798f,DEVOPS_DEVTOOLS,EV-331,CI/CD Pipeline Access Control Configuration Records — DevOps,Required,devtools_catalog,,,,True,2026-03-26 16:40:49,2026-03-27 05:49:22,,"{""configuration_id"": """", ""pipeline_id"": """", ""pipeline_name"": """", ""environment"": ""production"", ""access_control_enabled"": true, ""authorized_roles"": [], ""authorized_users"": [], ""multi_factor_authentication_enabled"": true, ""approval_required_for_deployment"": true, ""segregation_of_duties_enforced"": true, ""least_privilege_enforced"": true, ""access_review_enabled"": true, ""configuration_status"": """", ""policy_compliant"": true, ""last_verified_time"": """", ""created_time"": """", ""last_updated_time"": """", ""owner"": """"}",6874f3ab-44fc-4b3e-a95e-bd01e03bf933
6f352ffe-a58c-4c61-b7ed-5d81aff9104a,SECURITY_VULN_MGMT,EV-332,Production Deployment Activity Logs — Security,Supporting,security_catalog,,,,False,2026-03-26 16:40:49,2026-03-27 05:49:22,,"{""log_id"": """", ""pipeline_id"": """", ""pipeline_name"": """", ""deployment_id"": """", ""environment"": ""production"", ""deployed_by"": """", ""user_id"": """", ""user_role"": """", ""deployment_status"": """", ""approval_status"": """", ""approved_by"": """", ""deployment_start_time"": """", ""deployment_end_time"": """", ""change_reference"": """", ""log_timestamp"": """", ""created_time"": """", ""last_updated_time"": """"}",cd545de5-0565-447b-89ef-f137d2267a70
83b6c3d3-ec6b-4094-b989-03436a0df32e,MANUAL_EVIDENCE,EV-333,Human Subject Testing Records — Compliance,Required,manual_evidence_catalog,,,,True,2026-03-26 16:40:49,2026-03-27 05:49:22,,"{""record_id"": """", ""study_id"": """", ""ai_system_id"": """", ""ai_system_name"": """", ""participant_id"": """", ""participant_group"": """", ""demographic_attributes"": {}, ""population_segment"": """", ""sample_size"": 0, ""representation_criteria_met"": true, ""selection_method"": """", ""consent_obtained"": true, ""test_date"": """", ""compliance_status"": """", ""created_time"": """", ""last_updated_time"": """"}",70b4419c-8544-47be-9f13-bc21356bd897
876e9ef9-7e47-4d90-a46a-dcd719377d05,POLICY,EV-334,Personal Data Update Notification Procedure — Compliance,Supporting,policy_catalog,,,,False,2026-03-26 16:40:49,2026-03-27 05:49:22,,"{""procedure_id"": """", ""procedure_name"": """", ""procedure_version"": """", ""procedure_status"": """", ""update_event_detection_defined"": true, ""notification_trigger_conditions_defined"": true, ""notification_content_requirements_defined"": true, ""notification_channels_defined"": true, ""notification_timeline_defined"": true, ""exception_handling_defined"": true, ""audit_trail_required"": true, ""applicability_scope"": """", ""approved_by"": """", ""owner"": """", ""effective_date"": """", ""review_date"": """", ""compliance_status"": """", ""created_time"": """", ""last_updated_time"": """"}",70b4419c-8544-47be-9f13-bc21356bd897
3f8551fe-a44a-4943-ba89-e5779f1324eb,MANUAL_EVIDENCE,EV-335,Personal Data Update Notification Logs — Compliance,Required,manual_evidence_catalog,,,,True,2026-03-26 16:40:49,2026-03-27 05:49:22,,"{""log_id"": """", ""user_id"": """", ""user_identifier"": """", ""data_record_id"": """", ""update_type"": """", ""update_timestamp"": """", ""notification_sent"": true, ""notification_method"": """", ""notification_content_reference"": """", ""notification_status"": """", ""delivery_status"": """", ""sent_timestamp"": """", ""created_time"": """", ""last_updated_time"": """"}",70b4419c-8544-47be-9f13-bc21356bd897
ab0a6da8-f7cd-4df5-9f6b-f3c4626a90df,POLICY,EV-336,Organizational Structure Documentation — Compliance,Supporting,policy_catalog,,,,False,2026-03-26 16:40:49,2026-03-27 05:49:22,,"{""document_id"": """", ""document_name"": """", ""document_version"": """", ""document_status"": """", ""roles_defined"": [], ""privacy_officer_role_defined"": true, ""dpo_role_defined"": true, ""reporting_lines_defined"": true, ""responsibilities_documented"": true, ""organizational_units_covered"": [], ""approved_by"": """", ""owner"": """", ""effective_date"": """", ""review_date"": """", ""compliance_status"": """", ""created_time"": """", ""last_updated_time"": """"}",70b4419c-8544-47be-9f13-bc21356bd897
826e7b12-4a14-4729-9b1b-8fbaa1235146,HRMS_GRC,EV-337,Privacy Officer Appointment Records — HR,Required,hrms_catalog,,,,True,2026-03-26 16:40:49,2026-03-27 05:49:22,,"{""record_id"": """", ""employee_id"": """", ""employee_name"": """", ""role_title"": """", ""role_type"": ""privacy_officer_or_dpo"", ""department"": """", ""appointment_status"": """", ""appointed_by"": """", ""appointment_date"": """", ""responsibilities_assigned"": true, ""reporting_manager"": """", ""tenure_start_date"": """", ""tenure_end_date"": """", ""compliance_status"": """", ""created_time"": """", ""last_updated_time"": """"}",465c7082-4a36-4567-b535-e6fe16994eec
e68a57f3-cb23-49c1-886b-de60fb634c9f,ITSM_GRC,EV-338,Customer Feedback / Complaint Tickets — ITSM,Supporting,itsm_catalog,,,,False,2026-03-26 16:40:49,2026-03-27 05:49:22,,"{""ticket_id"": """", ""customer_id"": """", ""customer_identifier"": """", ""feedback_type"": """", ""feedback_category"": """", ""feedback_description"": """", ""submission_channel"": """", ""submission_date"": """", ""assigned_to"": """", ""priority"": """", ""status"": """", ""response_provided"": true, ""response_date"": """", ""resolution_status"": """", ""escalation_required"": true, ""created_time"": """", ""last_updated_time"": """", ""closed_time"": """"}",cd4015e2-8a3f-4f54-a3ee-9dfddb048f84
566ec52a-b627-4f94-9ef0-c58b87a5b4e2,MANUAL_EVIDENCE,EV-339,Customer Satisfaction Survey Results — Compliance,Supporting,manual_evidence_catalog,,,,False,2026-03-26 16:40:49,2026-03-27 05:49:22,,"{""report_id"": """", ""survey_name"": """", ""survey_period_start"": """", ""survey_period_end"": """", ""total_responses"": 0, ""response_rate"": """", ""average_satisfaction_score"": """", ""net_promoter_score"": """", ""key_feedback_themes"": [], ""complaints_identified"": 0, ""improvement_actions_defined"": true, ""report_generated_time"": """", ""reviewed_by"": """", ""review_date"": """", ""created_time"": """", ""last_updated_time"": """"}",70b4419c-8544-47be-9f13-bc21356bd897
3f2874bc-240b-412c-a133-167163d38aff,POLICY,EV-34,Access Control Policy — Compliance,Supporting,policy_catalog,,,,False,2026-03-26 16:40:46,2026-03-27 05:49:22,,"{""policy_id"": """", ""policy_name"": """", ""policy_version"": """", ""policy_status"": """", ""access_request_process_defined"": true, ""approval_workflow_defined"": true, ""least_privilege_principle_enforced"": true, ""access_provisioning_requirements_defined"": true, ""approved_by"": """", ""owner"": """", ""effective_date"": """", ""review_date"": """", ""created_time"": """", ""last_updated_time"": """"}",70b4419c-8544-47be-9f13-bc21356bd897
018cc24a-2b8a-46ae-ad23-44f135fa1d22,POLICY,EV-340,AI System Validation Procedure — Compliance,Supporting,policy_catalog,,,,False,2026-03-26 16:40:49,2026-03-27 05:49:22,,"{""procedure_id"": """", ""procedure_name"": """", ""procedure_version"": """", ""procedure_status"": """", ""ai_systems_covered"": [], ""independent_reviewer_requirements_defined"": true, ""validation_methodology_defined"": true, ""test_and_evaluation_process_defined"": true, ""bias_and_performance_checks_defined"": true, ""approval_workflow_defined"": true, ""review_frequency_defined"": true, ""audit_trail_required"": true, ""applicability_scope"": """", ""approved_by"": """", ""owner"": """", ""effective_date"": """", ""review_date"": """", ""compliance_status"": """", ""created_time"": """", ""last_updated_time"": """"}",70b4419c-8544-47be-9f13-bc21356bd897
53edb2f7-9ec5-4860-8493-8c2c2dfc7bef,MANUAL_EVIDENCE,EV-341,AI Validation Review Reports — Compliance,Required,manual_evidence_catalog,,,,True,2026-03-26 16:40:49,2026-03-27 05:49:22,,"{""report_id"": """", ""ai_system_id"": """", ""ai_system_name"": """", ""validation_date"": """", ""validated_by"": """", ""reviewer_independence_confirmed"": true, ""validation_scope"": """", ""validation_methods_used"": [], ""performance_results"": {}, ""issues_identified"": true, ""issue_details"": [], ""risk_assessment_summary"": """", ""recommendations_provided"": true, ""approval_status"": """", ""approved_by"": """", ""compliance_status"": """", ""created_time"": """", ""last_updated_time"": """"}",70b4419c-8544-47be-9f13-bc21356bd897
7441a4eb-81b3-4675-8b4b-82da0e23a95e,POLICY,EV-342,Data Protection Impact Assessment Procedure — Compliance,Supporting,policy_catalog,,,,False,2026-03-26 16:40:49,2026-03-27 05:49:22,,"{""procedure_id"": """", ""procedure_name"": """", ""procedure_version"": """", ""procedure_status"": """", ""dpia_trigger_conditions_defined"": true, ""risk_assessment_methodology_defined"": true, ""data_processing_scope_definition_required"": true, ""impact_analysis_process_defined"": true, ""mitigation_planning_defined"": true, ""approval_workflow_defined"": true, ""review_frequency_defined"": true, ""audit_trail_required"": true, ""applicability_scope"": """", ""approved_by"": """", ""owner"": """", ""effective_date"": """", ""review_date"": """", ""compliance_status"": """", ""created_time"": """", ""last_updated_time"": """"}",70b4419c-8544-47be-9f13-bc21356bd897
a719cc23-6f80-44bb-bc60-8efa35319eeb,POLICY,EV-343,Data Protection Impact Assessment Reports — Compliance,Required,policy_catalog,,,,True,2026-03-26 16:40:49,2026-03-27 05:49:22,,"{""report_id"": """", ""project_id"": """", ""project_name"": """", ""assessment_date"": """", ""assessed_by"": """", ""data_processing_description"": """", ""data_categories"": [], ""data_subject_categories"": [], ""privacy_risks_identified"": [], ""risk_likelihood"": """", ""risk_impact"": """", ""risk_rating"": """", ""mitigation_actions_defined"": true, ""residual_risk_level"": """", ""approval_status"": """", ""approved_by"": """", ""dpia_required"": true, ""compliance_status"": """", ""created_time"": """", ""last_updated_time"": """"}",70b4419c-8544-47be-9f13-bc21356bd897
188dca9a-d717-4061-952d-9d5f14a3beb9,MANUAL_EVIDENCE,EV-344,Company Meeting Agenda and Presentation Records — Compliance,Supporting,manual_evidence_catalog,,,,False,2026-03-26 16:40:49,2026-03-27 05:49:22,,"{""record_id"": """", ""meeting_id"": """", ""meeting_title"": """", ""meeting_date"": """", ""meeting_type"": ""company_wide"", ""organized_by"": """", ""leadership_present"": [], ""agenda_defined"": true, ""presentation_materials_reference"": """", ""business_strategy_presented"": true, ""performance_goals_discussed"": true, ""alignment_with_objectives_defined"": true, ""attendees_count"": 0, ""departments_represented"": [], ""communication_channels_used"": [], ""approval_status"": """", ""approved_by"": """", ""created_time"": """", ""last_updated_time"": """"}",70b4419c-8544-47be-9f13-bc21356bd897
e5a7e9c1-7b4d-430c-bf30-d458e1bb25f1,POLICY,EV-345,AI Data Preparation Procedure — Compliance,Supporting,policy_catalog,,,,False,2026-03-26 16:40:49,2026-03-27 05:49:22,,"{""procedure_id"": """", ""procedure_name"": """", ""procedure_version"": """", ""procedure_status"": """", ""data_selection_criteria_defined"": true, ""data_cleaning_methods_defined"": true, ""data_transformation_methods_defined"": true, ""feature_engineering_guidelines_defined"": true, ""data_validation_process_defined"": true, ""bias_detection_and_mitigation_defined"": true, ""data_quality_checks_defined"": true, ""audit_trail_required"": true, ""applicability_scope"": """", ""approved_by"": """", ""owner"": """", ""effective_date"": """", ""review_date"": """", ""compliance_status"": """", ""created_time"": """", ""last_updated_time"": """"}",70b4419c-8544-47be-9f13-bc21356bd897
b2d5a5ae-289e-4525-b01e-df40dd7c19bf,DEVOPS_DEVTOOLS,EV-346,AI Data Preparation Configuration Records — DevOps,Required,devtools_catalog,,,,True,2026-03-26 16:40:49,2026-03-27 05:49:22,,"{""configuration_id"": """", ""ai_pipeline_id"": """", ""ai_pipeline_name"": """", ""dataset_id"": """", ""dataset_name"": """", ""data_source"": """", ""data_preparation_methods_applied"": [], ""data_cleaning_applied"": true, ""data_transformation_applied"": true, ""feature_engineering_applied"": true, ""data_validation_passed"": true, ""bias_mitigation_applied"": true, ""configuration_status"": """", ""policy_compliant"": true, ""execution_timestamp"": """", ""created_time"": """", ""last_updated_time"": """", ""owner"": """"}",6874f3ab-44fc-4b3e-a95e-bd01e03bf933
b3fe043e-f621-4ae1-a387-afa783791f43,ITSM_GRC,EV-347,Internal Support Tickets — ITSM,Required,itsm_catalog,,,,True,2026-03-26 16:40:49,2026-03-27 05:49:22,,"{""ticket_id"": """", ""employee_id"": """", ""employee_name"": """", ""department"": """", ""issue_type"": """", ""issue_category"": """", ""issue_description"": """", ""reported_date"": """", ""reported_channel"": """", ""assigned_to"": """", ""priority"": """", ""status"": """", ""investigation_started"": true, ""resolution_status"": """", ""resolution_details"": """", ""escalation_required"": true, ""created_time"": """", ""last_updated_time"": """", ""closed_time"": """"}",cd4015e2-8a3f-4f54-a3ee-9dfddb048f84
5137e4f0-89cd-49cf-9e79-21c7f9d06ebc,POLICY,EV-348,Organizational Strategy Document — Compliance,Required,policy_catalog,,,,True,2026-03-26 16:40:49,2026-03-27 05:49:22,,"{""document_id"": """", ""document_name"": """", ""document_version"": """", ""document_status"": """", ""strategic_objectives_defined"": true, ""business_goals_aligned"": true, ""key_priorities"": [], ""performance_goals_defined"": true, ""responsibilities_assigned"": true, ""time_horizon"": """", ""approved_by"": """", ""approval_date"": """", ""review_frequency"": """", ""next_review_date"": """", ""compliance_status"": """", ""created_time"": """", ""last_updated_time"": """"}",70b4419c-8544-47be-9f13-bc21356bd897
bceb20a3-ebec-4104-ab38-e1424dcdc90b,MANUAL_EVIDENCE,EV-349,Strategy Review Records — Compliance,Supporting,manual_evidence_catalog,,,,False,2026-03-26 16:40:49,2026-03-27 05:49:22,,"{""review_id"": """", ""document_id"": """", ""review_date"": """", ""reviewed_by"": """", ""changes_made"": true, ""change_summary"": """", ""performance_alignment_evaluated"": true, ""objectives_updated"": true, ""approval_status"": """", ""approved_by"": """", ""next_review_date"": """", ""compliance_status"": """", ""created_time"": """", ""last_updated_time"": """"}",70b4419c-8544-47be-9f13-bc21356bd897
79ae5fef-80fd-44bf-911e-25828e01a452,ITSM_GRC,EV-35,Access Request Tickets — ITSM,Required,itsm_catalog,,,,True,2026-03-26 16:40:46,2026-03-27 05:49:22,,"{""ticket_id"": """", ""request_id"": """", ""user_id"": """", ""user_name"": """", ""system_id"": """", ""system_name"": """", ""access_type"": """", ""requested_role"": """", ""justification"": """", ""request_status"": """", ""requested_time"": """", ""created_time"": """", ""last_updated_time"": """"}",cd4015e2-8a3f-4f54-a3ee-9dfddb048f84
57110f2b-d5db-44f9-94fc-7db57556d7b1,POLICY,EV-350,AI Training Program Documentation — Compliance,Supporting,policy_catalog,,,,False,2026-03-26 16:40:49,2026-03-27 05:49:22,,"{""document_id"": """", ""document_name"": """", ""document_version"": """", ""document_status"": """", ""training_content_defined"": true, ""ai_topics_covered"": [], ""risk_management_topics_included"": true, ""target_audience"": [], ""training_frequency_defined"": true, ""delivery_method"": """", ""assessment_requirements_defined"": true, ""applicability_scope"": """", ""approved_by"": """", ""owner"": """", ""effective_date"": """", ""review_date"": """", ""compliance_status"": """", ""created_time"": """", ""last_updated_time"": """"}",70b4419c-8544-47be-9f13-bc21356bd897
b66f5c7f-479f-4dc5-a316-37c588fcec3d,ITSM_GRC,EV-351,AI Incident Management Tickets — ITSM,Required,itsm_catalog,,,,True,2026-03-26 16:40:49,2026-03-27 05:49:22,,"{""ticket_id"": """", ""incident_id"": """", ""ai_system_id"": """", ""ai_system_name"": """", ""incident_type"": """", ""incident_description"": """", ""incident_severity"": """", ""reported_by"": """", ""reported_time"": """", ""assigned_to"": """", ""status"": """", ""investigation_started"": true, ""root_cause_identified"": true, ""remediation_action"": """", ""remediation_status"": """", ""resolution_time"": """", ""created_time"": """", ""last_updated_time"": """", ""closed_time"": """"}",cd4015e2-8a3f-4f54-a3ee-9dfddb048f84
470e1bb7-d636-42be-807c-45f8bc637c35,MANUAL_EVIDENCE,EV-352,AI Incident Postmortem Reports — Compliance,Supporting,manual_evidence_catalog,,,,False,2026-03-26 16:40:49,2026-03-27 05:49:22,,"{""report_id"": """", ""incident_id"": """", ""ai_system_id"": """", ""ai_system_name"": """", ""incident_date"": """", ""analysis_date"": """", ""analyzed_by"": """", ""incident_summary"": """", ""root_cause_analysis"": """", ""impact_assessment"": """", ""corrective_actions_defined"": true, ""preventive_measures_defined"": true, ""lessons_learned"": """", ""approval_status"": """", ""approved_by"": """", ""created_time"": """", ""last_updated_time"": """"}",70b4419c-8544-47be-9f13-bc21356bd897
35ed2f5c-f901-44a1-8f8d-f6bf8302b9e9,POLICY,EV-353,Security Awareness Training Program Documentation — Compliance,Supporting,policy_catalog,,,,False,2026-03-26 16:40:49,2026-03-27 05:49:22,,"{""document_id"": """", ""document_name"": """", ""document_version"": """", ""document_status"": """", ""training_content_defined"": true, ""phishing_simulation_included"": true, ""compliance_topics_covered"": [], ""training_schedule_defined"": true, ""target_audience"": [], ""delivery_method"": """", ""assessment_requirements_defined"": true, ""applicability_scope"": """", ""approved_by"": """", ""owner"": """", ""effective_date"": """", ""review_date"": """", ""compliance_status"": """", ""created_time"": """", ""last_updated_time"": """"}",70b4419c-8544-47be-9f13-bc21356bd897
e1e41869-fdd0-4767-883d-76ee9720e8d5,MANUAL_EVIDENCE,EV-354,Network Architecture Diagram — Compliance,Required,manual_evidence_catalog,,,,True,2026-03-26 16:40:49,2026-03-27 05:49:22,,"{""diagram_id"": """", ""diagram_name"": """", ""diagram_version"": """", ""diagram_status"": """", ""network_components_identified"": true, ""systems_included"": [], ""network_segments_defined"": true, ""communication_paths_defined"": true, ""security_controls_marked"": true, ""environment"": """", ""last_updated_date"": """", ""reviewed_by"": """", ""approval_status"": """", ""approved_by"": """", ""compliance_status"": """", ""created_time"": """", ""last_updated_time"": """"}",70b4419c-8544-47be-9f13-bc21356bd897
32efd770-8c38-42a3-8a4b-35c293d60942,MANUAL_EVIDENCE,EV-355,Data Flow Diagram — Compliance,Supporting,manual_evidence_catalog,,,,False,2026-03-26 16:40:49,2026-03-27 05:49:22,,"{""diagram_id"": """", ""diagram_name"": """", ""diagram_version"": """", ""diagram_status"": """", ""data_sources_identified"": true, ""data_destinations_identified"": true, ""data_flows_defined"": true, ""processing_points_defined"": true, ""network_segments_included"": true, ""sensitive_data_flows_marked"": true, ""last_updated_date"": """", ""reviewed_by"": """", ""approval_status"": """", ""approved_by"": """", ""compliance_status"": """", ""created_time"": """", ""last_updated_time"": """"}",70b4419c-8544-47be-9f13-bc21356bd897
4ff83d37-2288-4049-8232-cc4efea149bb,DEVOPS_DEVTOOLS,EV-356,API Logging Configuration Records — DevOps,Required,devtools_catalog,,,,True,2026-03-26 16:40:49,2026-03-27 05:49:22,,"{""configuration_id"": """", ""service_id"": """", ""service_name"": """", ""api_gateway_or_service"": """", ""logging_enabled"": true, ""request_logging_enabled"": true, ""response_logging_enabled"": true, ""error_logging_enabled"": true, ""validation_error_logging_enabled"": true, ""log_destination"": """", ""log_retention_period"": """", ""monitoring_integration_enabled"": true, ""configuration_status"": """", ""policy_compliant"": true, ""last_verified_time"": """", ""created_time"": """", ""last_updated_time"": """", ""owner"": """"}",6874f3ab-44fc-4b3e-a95e-bd01e03bf933
dc048ef7-0571-4db4-b584-ce54b7db1bbf,SECURITY_VULN_MGMT,EV-357,API Request Logs — Security,Supporting,security_catalog,,,,False,2026-03-26 16:40:49,2026-03-27 05:49:22,,"{""log_id"": """", ""request_id"": """", ""service_id"": """", ""service_name"": """", ""endpoint"": """", ""http_method"": """", ""request_timestamp"": """", ""response_status_code"": """", ""response_time"": """", ""user_id"": """", ""source_ip"": """", ""validation_error_occurred"": true, ""error_details"": """", ""log_timestamp"": """", ""created_time"": """", ""last_updated_time"": """"}",cd545de5-0565-447b-89ef-f137d2267a70
62339cfe-4313-4549-9c9a-54aabed679b4,SECURITY_VULN_MGMT,EV-358,Security Event Monitoring Alerts — Security,Supporting,security_catalog,,,,False,2026-03-26 16:40:49,2026-03-27 05:49:22,,"{""alert_id"": """", ""service_id"": """", ""service_name"": """", ""alert_type"": """", ""alert_description"": """", ""trigger_condition"": """", ""severity"": """", ""alert_status"": """", ""triggered_time"": """", ""acknowledged_by"": """", ""acknowledgement_time"": """", ""resolved_time"": """", ""created_time"": """", ""last_updated_time"": """"}",cd545de5-0565-447b-89ef-f137d2267a70
bc75f2c3-096c-4de5-8004-9c93692f4680,POLICY,EV-359,Data Anonymization and De-identification Procedure — Compliance,Supporting,policy_catalog,,,,False,2026-03-26 16:40:49,2026-03-27 05:49:22,,"{""procedure_id"": """", ""procedure_name"": """", ""procedure_version"": """", ""procedure_status"": """", ""anonymization_methods_defined"": true, ""pseudonymization_methods_defined"": true, ""data_masking_rules_defined"": true, ""reidentification_risk_assessment_defined"": true, ""data_selection_criteria_defined"": true, ""validation_of_anonymization_defined"": true, ""approval_workflow_defined"": true, ""audit_trail_required"": true, ""applicability_scope"": """", ""approved_by"": """", ""owner"": """", ""effective_date"": """", ""review_date"": """", ""compliance_status"": """", ""created_time"": """", ""last_updated_time"": """"}",70b4419c-8544-47be-9f13-bc21356bd897
383f75e3-f12a-494c-acce-ecfd18b64b40,ITSM_GRC,EV-36,Access Approval Records — ITSM,Required,itsm_catalog,,,,True,2026-03-26 16:40:46,2026-03-27 05:49:22,,"{""approval_id"": """", ""ticket_id"": """", ""request_id"": """", ""user_id"": """", ""system_id"": """", ""approved"": true, ""approver_id"": """", ""approver_role"": """", ""approval_time"": """", ""approval_status"": """", ""comments"": """", ""created_time"": """", ""last_updated_time"": """"}",cd4015e2-8a3f-4f54-a3ee-9dfddb048f84
e643720f-aca2-4528-9c2d-84b8e114a7c1,SECURITY_VULN_MGMT,EV-360,Data Anonymization Execution Logs — Security,Required,security_catalog,,,,True,2026-03-26 16:40:50,2026-03-27 05:49:22,,"{""log_id"": """", ""job_id"": """", ""dataset_id"": """", ""dataset_name"": """", ""data_category"": """", ""anonymization_method"": """", ""pseudonymization_applied"": true, ""data_masking_applied"": true, ""execution_status"": """", ""records_processed"": 0, ""validation_passed"": true, ""executed_by"": """", ""execution_start_time"": """", ""execution_end_time"": """", ""log_timestamp"": """", ""created_time"": """", ""last_updated_time"": """"}",cd545de5-0565-447b-89ef-f137d2267a70
57fb0628-e4f4-4c59-aef1-3950d1c66ee3,DEVOPS_DEVTOOLS,EV-361,Schema Validation Configuration Records — DevOps,Required,devtools_catalog,,,,True,2026-03-26 16:40:50,2026-03-27 05:49:22,,"{""configuration_id"": """", ""service_id"": """", ""service_name"": """", ""api_endpoint"": """", ""schema_definition_id"": """", ""schema_format"": """", ""validation_rules_defined"": true, ""data_types_enforced"": true, ""required_fields_defined"": true, ""validation_enabled"": true, ""error_handling_defined"": true, ""configuration_status"": """", ""policy_compliant"": true, ""last_verified_time"": """", ""created_time"": """", ""last_updated_time"": """", ""owner"": """"}",6874f3ab-44fc-4b3e-a95e-bd01e03bf933
d00119c6-9e42-4385-b23c-289ac0ceaafd,SECURITY_VULN_MGMT,EV-362,API Validation Error Logs — Security,Supporting,security_catalog,,,,False,2026-03-26 16:40:50,2026-03-27 05:49:22,,"{""log_id"": """", ""request_id"": """", ""service_id"": """", ""service_name"": """", ""api_endpoint"": """", ""validation_error_occurred"": true, ""error_type"": """", ""error_details"": """", ""invalid_fields"": [], ""request_payload_reference"": """", ""user_id"": """", ""source_ip"": """", ""error_timestamp"": """", ""log_timestamp"": """", ""created_time"": """", ""last_updated_time"": """"}",cd545de5-0565-447b-89ef-f137d2267a70
88a2b561-1fd3-465c-a77a-17246f468d0d,MANUAL_EVIDENCE,EV-363,Security Team Meeting Agenda — Compliance,Supporting,manual_evidence_catalog,,,,False,2026-03-26 16:40:50,2026-03-27 05:49:22,,"{""agenda_id"": """", ""meeting_id"": """", ""meeting_date"": """", ""meeting_frequency"": """", ""topics_defined"": true, ""security_goals_discussed"": true, ""risk_mitigation_topics_included"": true, ""incident_review_topics_included"": true, ""planned_actions"": [], ""prepared_by"": """", ""approved_by"": """", ""created_time"": """", ""last_updated_time"": """"}",70b4419c-8544-47be-9f13-bc21356bd897
1fcab5b6-c3b9-4804-9ec8-a52d53e0d81c,MANUAL_EVIDENCE,EV-364,Security Team Meeting Minutes — Compliance,Supporting,manual_evidence_catalog,,,,False,2026-03-26 16:40:50,2026-03-27 05:49:22,,"{""minutes_id"": """", ""meeting_id"": """", ""meeting_date"": """", ""attendees"": [], ""discussions_summary"": """", ""security_risks_discussed"": true, ""incidents_reviewed"": true, ""decisions_made"": [], ""action_items"": [], ""assigned_to"": [], ""due_dates"": [], ""approved_by"": """", ""approval_date"": """", ""created_time"": """", ""last_updated_time"": """"}",70b4419c-8544-47be-9f13-bc21356bd897
413fbf41-0824-4932-973f-1177a2b38d78,DEVOPS_DEVTOOLS,EV-365,API Documentation Site — DevOps,Supporting,devtools_catalog,,,,False,2026-03-26 16:40:50,2026-03-27 05:49:22,,"{""documentation_id"": """", ""documentation_name"": """", ""repository_or_url"": """", ""version"": """", ""endpoints_documented"": true, ""request_parameters_defined"": true, ""response_formats_defined"": true, ""authentication_requirements_documented"": true, ""error_codes_documented"": true, ""schema_definitions_included"": true, ""public_or_internal"": """", ""last_updated_date"": """", ""owner"": """", ""availability_status"": """", ""compliance_status"": """", ""created_time"": """", ""last_updated_time"": """"}",6874f3ab-44fc-4b3e-a95e-bd01e03bf933
4b8d8bb4-0660-4cbf-9e91-ce6cdcf45337,DEVOPS_DEVTOOLS,EV-366,API Specification Files — DevOps,Required,devtools_catalog,,,,True,2026-03-26 16:40:50,2026-03-27 05:49:22,,"{""spec_id"": """", ""spec_name"": """", ""spec_version"": """", ""format"": """", ""repository_id"": """", ""repository_name"": """", ""endpoints_defined"": true, ""request_schemas_defined"": true, ""response_schemas_defined"": true, ""validation_rules_defined"": true, ""authentication_methods_defined"": true, ""error_responses_defined"": true, ""schema_compliance_validated"": true, ""last_updated_time"": """", ""created_time"": """", ""owner"": """"}",6874f3ab-44fc-4b3e-a95e-bd01e03bf933
b07e2eb9-d541-4308-9608-f1a6b7205a2f,POLICY,EV-367,Incident Response Team Register — Compliance,Required,policy_catalog,,,,True,2026-03-26 16:40:50,2026-03-27 05:49:22,,"{""team_id"": """", ""team_name"": """", ""team_members"": [], ""member_id"": """", ""member_name"": """", ""role"": """", ""responsibilities"": [], ""department"": """", ""contact_information"": """", ""availability_status"": """", ""last_review_date"": """", ""next_review_date"": """", ""approved_by"": """", ""compliance_status"": """", ""created_time"": """", ""last_updated_time"": """"}",70b4419c-8544-47be-9f13-bc21356bd897
a520f749-6380-4e41-8141-823f0c1273fd,MANUAL_EVIDENCE,EV-368,Cyber Attack Simulation Reports — Compliance,Supporting,manual_evidence_catalog,,,,False,2026-03-26 16:40:50,2026-03-27 05:49:22,,"{""report_id"": """", ""simulation_name"": """", ""simulation_type"": """", ""simulation_date"": """", ""conducted_by"": """", ""scope"": """", ""participants_count"": 0, ""attack_scenarios_used"": [], ""success_rate"": """", ""failure_rate"": """", ""employee_response_evaluated"": true, ""vulnerabilities_identified"": true, ""improvement_actions_defined"": true, ""report_generated_time"": """", ""reviewed_by"": """", ""created_time"": """", ""last_updated_time"": """"}",70b4419c-8544-47be-9f13-bc21356bd897
2381af29-4eda-4a50-9573-c14f6bcd9343,POLICY,EV-369,Data Collection and Usage Procedure — Compliance,Supporting,policy_catalog,,,,False,2026-03-26 16:40:50,2026-03-27 05:49:22,,"{""procedure_id"": """", ""procedure_name"": """", ""procedure_version"": """", ""procedure_status"": """", ""data_collection_controls_defined"": true, ""purpose_mapping_defined"": true, ""data_minimization_controls_defined"": true, ""data_usage_tracking_defined"": true, ""access_controls_defined"": true, ""monitoring_and_audit_defined"": true, ""exception_handling_defined"": true, ""audit_trail_required"": true, ""applicability_scope"": """", ""approved_by"": """", ""owner"": """", ""effective_date"": """", ""review_date"": """", ""compliance_status"": """", ""created_time"": """", ""last_updated_time"": """"}",70b4419c-8544-47be-9f13-bc21356bd897
fcaace13-226f-4a5c-a11c-b714cb760563,IAM_COMPLIANCE,EV-37,User Access Provisioning Records — IAM,Supporting,iam_catalog,,,,False,2026-03-26 16:40:46,2026-03-27 05:49:22,,"{""provisioning_id"": """", ""user_id"": """", ""user_name"": """", ""system_id"": """", ""system_name"": """", ""access_role"": """", ""access_granted"": true, ""granted_by"": """", ""provisioning_time"": """", ""access_expiry_time"": """", ""least_privilege_validated"": true, ""status"": """", ""created_time"": """", ""last_updated_time"": """"}",311fd3a8-255b-4bc8-b6a0-0fe625d81341
d934af4a-382b-4251-a9c4-7cc26c57fb8b,MANUAL_EVIDENCE,EV-370,Personal Data Processing Records — Compliance,Required,manual_evidence_catalog,,,,True,2026-03-26 16:40:50,2026-03-27 05:49:22,,"{""record_id"": """", ""data_asset_id"": """", ""data_asset_name"": """", ""data_categories"": [], ""data_subject_categories"": [], ""collection_purpose"": """", ""processing_purpose"": """", ""legal_basis"": """", ""source_of_data"": """", ""systems_used"": [], ""data_minimization_applied"": true, ""usage_tracking_enabled"": true, ""data_retention_period"": """", ""last_review_date"": """", ""next_review_date"": """", ""compliance_status"": """", ""created_time"": """", ""last_updated_time"": """"}",70b4419c-8544-47be-9f13-bc21356bd897
2aa64742-09a6-46c7-9e2d-84ea38be4ee1,SECURITY_VULN_MGMT,EV-371,User Behavior Analytics Configuration Records — Security,Required,security_catalog,,,,True,2026-03-26 16:40:50,2026-03-27 05:49:22,,"{""configuration_id"": """", ""tool_name"": """", ""system_id"": """", ""system_name"": """", ""uba_enabled"": true, ""data_sources_integrated"": [], ""behavioral_models_configured"": true, ""baseline_behavior_defined"": true, ""anomaly_detection_rules_defined"": true, ""alerting_enabled"": true, ""risk_scoring_enabled"": true, ""configuration_status"": """", ""policy_compliant"": true, ""last_verified_time"": """", ""created_time"": """", ""last_updated_time"": """", ""owner"": """"}",cd545de5-0565-447b-89ef-f137d2267a70
f7adb790-19cd-4999-9824-8b579b5a307f,SECURITY_VULN_MGMT,EV-372,User Behavior Analytics Alerts — Security,Supporting,security_catalog,,,,False,2026-03-26 16:40:50,2026-03-27 05:49:22,,"{""alert_id"": """", ""user_id"": """", ""user_identifier"": """", ""system_id"": """", ""system_name"": """", ""anomaly_type"": """", ""behavior_deviation_detected"": true, ""risk_score"": """", ""severity"": """", ""alert_description"": """", ""triggered_time"": """", ""alert_status"": """", ""acknowledged_by"": """", ""acknowledgement_time"": """", ""resolved_time"": """", ""created_time"": """", ""last_updated_time"": """"}",cd545de5-0565-447b-89ef-f137d2267a70
eff4dfb2-53e2-4ff6-bd24-44fb9bf13357,ITSM_GRC,EV-373,User Behavior Investigation Tickets — ITSM,Supporting,itsm_catalog,,,,False,2026-03-26 16:40:50,2026-03-27 05:49:22,,"{""ticket_id"": """", ""alert_id"": """", ""user_id"": """", ""user_identifier"": """", ""incident_description"": """", ""incident_severity"": """", ""reported_time"": """", ""assigned_to"": """", ""status"": """", ""investigation_started"": true, ""root_cause_identified"": true, ""remediation_action"": """", ""remediation_status"": """", ""resolution_time"": """", ""created_time"": """", ""last_updated_time"": """", ""closed_time"": """"}",cd4015e2-8a3f-4f54-a3ee-9dfddb048f84
cda73f7b-8d4d-47e7-ae61-4045175e510a,POLICY,EV-374,Data Residency and Location Procedure — Compliance,Supporting,policy_catalog,,,,False,2026-03-26 16:40:50,2026-03-27 05:49:22,,"{""procedure_id"": """", ""procedure_name"": """", ""procedure_version"": """", ""procedure_status"": """", ""geographic_restrictions_defined"": true, ""data_classification_based_location_rules_defined"": true, ""region_selection_criteria_defined"": true, ""cross_border_transfer_controls_defined"": true, ""enforcement_mechanisms_defined"": true, ""monitoring_and_validation_defined"": true, ""exception_handling_defined"": true, ""audit_trail_required"": true, ""applicability_scope"": """", ""approved_by"": """", ""owner"": """", ""effective_date"": """", ""review_date"": """", ""compliance_status"": """", ""created_time"": """", ""last_updated_time"": """"}",70b4419c-8544-47be-9f13-bc21356bd897
eba6bf0f-a43d-40dc-98e1-02a82c05c7d1,DEVOPS_DEVTOOLS,EV-375,Data Storage Location Configuration Records — DevOps,Required,devtools_catalog,,,,True,2026-03-26 16:40:50,2026-03-27 05:49:22,,"{""configuration_id"": """", ""system_id"": """", ""system_name"": """", ""data_asset_id"": """", ""data_asset_name"": """", ""storage_region"": """", ""processing_region"": """", ""data_residency_enforced"": true, ""cross_region_replication_enabled"": true, ""replication_regions"": [], ""encryption_enabled"": true, ""access_controls_defined"": true, ""configuration_status"": """", ""policy_compliant"": true, ""last_verified_time"": """", ""created_time"": """", ""last_updated_time"": """", ""owner"": """"}",6874f3ab-44fc-4b3e-a95e-bd01e03bf933
7f9cca13-ff91-4458-a45d-c027f0a885c7,POLICY,EV-376,Asset Maintenance Procedure — Compliance,Supporting,policy_catalog,,,,False,2026-03-26 16:40:50,2026-03-27 05:49:22,,"{""procedure_id"": """", ""procedure_name"": """", ""procedure_version"": """", ""procedure_status"": """", ""maintenance_schedule_defined"": true, ""repair_process_defined"": true, ""service_tracking_defined"": true, ""responsibility_assignment_defined"": true, ""vendor_maintenance_handling_defined"": true, ""documentation_requirements_defined"": true, ""exception_handling_defined"": true, ""audit_trail_required"": true, ""applicability_scope"": """", ""approved_by"": """", ""owner"": """", ""effective_date"": """", ""review_date"": """", ""compliance_status"": """", ""created_time"": """", ""last_updated_time"": """"}",70b4419c-8544-47be-9f13-bc21356bd897
45fc8df1-c7c7-41a9-81b4-0ad771d8dd4d,CLOUD_INFRA,EV-377,Asset Maintenance Log — Cloud,Required,cloud_catalog,,,,True,2026-03-26 16:40:50,2026-03-27 05:49:22,,"{""log_id"": """", ""asset_id"": """", ""asset_name"": """", ""asset_type"": """", ""maintenance_type"": """", ""maintenance_description"": """", ""service_provider"": """", ""performed_by"": """", ""maintenance_date"": """", ""next_due_date"": """", ""status"": """", ""issues_identified"": true, ""resolution_details"": """", ""cost"": """", ""approval_status"": """", ""approved_by"": """", ""created_time"": """", ""last_updated_time"": """"}",1721b991-e491-4953-b2bb-ca35d815024f
e574d1ff-c0fc-4dbb-bb83-79f85c93fe18,POLICY,EV-378,Data Masking Procedure — Compliance,Supporting,policy_catalog,,,,False,2026-03-26 16:40:50,2026-03-27 05:49:22,,"{""procedure_id"": """", ""procedure_name"": """", ""procedure_version"": """", ""procedure_status"": """", ""masking_methods_defined"": true, ""data_fields_to_mask_defined"": true, ""masking_rules_defined"": true, ""context_based_masking_defined"": true, ""dynamic_and_static_masking_defined"": true, ""validation_of_masking_defined"": true, ""exception_handling_defined"": true, ""audit_trail_required"": true, ""applicability_scope"": """", ""approved_by"": """", ""owner"": """", ""effective_date"": """", ""review_date"": """", ""compliance_status"": """", ""created_time"": """", ""last_updated_time"": """"}",70b4419c-8544-47be-9f13-bc21356bd897
50f01a6d-2c91-4aa8-9726-f22a56410fbf,DEVOPS_DEVTOOLS,EV-379,Data Masking Configuration Records — DevOps,Required,devtools_catalog,,,,True,2026-03-26 16:40:50,2026-03-27 05:49:22,,"{""configuration_id"": """", ""system_id"": """", ""system_name"": """", ""data_asset_id"": """", ""data_asset_name"": """", ""masked_fields"": [], ""masking_method"": """", ""masking_rules_applied"": true, ""dynamic_masking_enabled"": true, ""static_masking_enabled"": true, ""environment"": """", ""configuration_status"": """", ""policy_compliant"": true, ""last_verified_time"": """", ""created_time"": """", ""last_updated_time"": """", ""owner"": """"}",6874f3ab-44fc-4b3e-a95e-bd01e03bf933
606f5d83-e994-4a88-bca7-76711cf52b4f,ITSM_GRC,EV-38,Corrective Action Tracking Tickets — ITSM,Supporting,itsm_catalog,,,,False,2026-03-26 16:40:46,2026-03-27 05:49:22,,"{""ticket_id"": """", ""incident_id"": """", ""action_id"": """", ""action_description"": """", ""priority"": """", ""assigned_to"": """", ""status"": """", ""due_date"": """", ""completion_date"": """", ""completed"": true, ""verification_status"": """", ""created_time"": """", ""last_updated_time"": """"}",cd4015e2-8a3f-4f54-a3ee-9dfddb048f84
57b06854-e72c-4346-949b-4c46a12b2c6b,SECURITY_VULN_MGMT,EV-380,Data Masking Validation Logs — Security,Supporting,security_catalog,,,,False,2026-03-26 16:40:50,2026-03-27 05:49:22,,"{""log_id"": """", ""system_id"": """", ""system_name"": """", ""data_asset_id"": """", ""data_asset_name"": """", ""masking_applied"": true, ""validation_status"": """", ""validation_method"": """", ""records_checked"": 0, ""issues_detected"": true, ""issue_details"": """", ""validated_by"": """", ""validation_timestamp"": """", ""log_timestamp"": """", ""created_time"": """", ""last_updated_time"": """"}",cd545de5-0565-447b-89ef-f137d2267a70
11332a9b-5890-4de7-8bbd-4bcfe753607f,ITSM_GRC,EV-381,Personal Data Correction Requests — ITSM,Required,itsm_catalog,,,,True,2026-03-26 16:40:50,2026-03-27 05:49:22,,"{""request_id"": """", ""ticket_id"": """", ""data_subject_id"": """", ""data_subject_identifier"": """", ""request_type"": ""correction"", ""requested_fields"": [], ""request_description"": """", ""submitted_date"": """", ""verification_status"": """", ""verified_by"": """", ""assigned_to"": """", ""status"": """", ""resolution_status"": """", ""resolution_date"": """", ""sla_due_date"": """", ""created_time"": """", ""last_updated_time"": """", ""closed_time"": """"}",cd4015e2-8a3f-4f54-a3ee-9dfddb048f84
0c053b32-fc41-4722-b3af-e27c08f94a0d,SECURITY_VULN_MGMT,EV-382,Personal Data Update Logs — Security,Supporting,security_catalog,,,,False,2026-03-26 16:40:50,2026-03-27 05:49:22,,"{""log_id"": """", ""data_record_id"": """", ""data_subject_id"": """", ""updated_fields"": [], ""previous_values_reference"": """", ""new_values_reference"": """", ""update_reason"": ""correction_request"", ""updated_by"": """", ""update_timestamp"": """", ""verification_status"": """", ""log_timestamp"": """", ""created_time"": """", ""last_updated_time"": """"}",cd545de5-0565-447b-89ef-f137d2267a70
bab0e056-3a19-47e2-bd05-3e8f8d9da294,POLICY,EV-383,Incident Communication Roles Register — Compliance,Required,policy_catalog,,,,True,2026-03-26 16:40:50,2026-03-27 05:49:22,,"{""register_id"": """", ""incident_type"": """", ""role_id"": """", ""role_name"": """", ""personnel_name"": """", ""employee_id"": """", ""department"": """", ""responsibilities"": [], ""communication_scope"": """", ""primary_contact"": true, ""backup_contact"": """", ""contact_information"": """", ""availability_status"": """", ""last_review_date"": """", ""next_review_date"": """", ""approved_by"": """", ""compliance_status"": """", ""created_time"": """", ""last_updated_time"": """"}",70b4419c-8544-47be-9f13-bc21356bd897
58f1fc37-44ea-41f7-b404-5ad2916303f7,POLICY,EV-384,Privacy Governance Program Documentation — Compliance,Required,policy_catalog,,,,True,2026-03-26 16:40:50,2026-03-27 05:49:22,,"{""document_id"": """", ""document_name"": """", ""document_version"": """", ""document_status"": """", ""governance_structure_defined"": true, ""privacy_roles_defined"": true, ""responsibilities_defined"": true, ""processes_defined"": true, ""control_framework_defined"": true, ""risk_management_integration_defined"": true, ""training_and_awareness_defined"": true, ""approved_by"": """", ""approval_date"": """", ""review_frequency"": """", ""next_review_date"": """", ""compliance_status"": """", ""created_time"": """", ""last_updated_time"": """"}",70b4419c-8544-47be-9f13-bc21356bd897
5367e6f8-220d-47d4-ace9-7fb251d4720a,POLICY,EV-385,Privacy Governance Review Records — Compliance,Supporting,policy_catalog,,,,False,2026-03-26 16:40:50,2026-03-27 05:49:22,,"{""review_id"": """", ""document_id"": """", ""review_date"": """", ""reviewed_by"": """", ""controls_evaluated"": true, ""issues_identified"": true, ""improvement_actions_defined"": true, ""change_summary"": """", ""approval_status"": """", ""approved_by"": """", ""next_review_date"": """", ""compliance_status"": """", ""created_time"": """", ""last_updated_time"": """"}",70b4419c-8544-47be-9f13-bc21356bd897
ddd0ffd8-68be-4ec6-8dda-9448dd67bf29,POLICY,EV-386,Public Content Review Procedure — Compliance,Required,policy_catalog,,,,True,2026-03-26 16:40:50,2026-03-27 05:49:22,,"{""procedure_id"": """", ""procedure_name"": """", ""procedure_version"": """", ""procedure_status"": """", ""content_review_workflow_defined"": true, ""confidentiality_checks_defined"": true, ""data_classification_checks_defined"": true, ""approval_workflow_defined"": true, ""review_roles_defined"": true, ""publication_controls_defined"": true, ""exception_handling_defined"": true, ""audit_trail_required"": true, ""applicability_scope"": """", ""approved_by"": """", ""owner"": """", ""effective_date"": """", ""review_date"": """", ""compliance_status"": """", ""created_time"": """", ""last_updated_time"": """"}",70b4419c-8544-47be-9f13-bc21356bd897
c2266c07-a59c-4569-a6af-d83878a528f1,ITSM_GRC,EV-387,Public Content Approval Records — ITSM,Supporting,itsm_catalog,,,,False,2026-03-26 16:40:50,2026-03-27 05:49:22,,"{""record_id"": """", ""content_id"": """", ""content_title"": """", ""content_type"": """", ""submitted_by"": """", ""reviewed_by"": """", ""review_date"": """", ""confidentiality_check_passed"": true, ""approval_status"": """", ""approved_by"": """", ""approval_date"": """", ""publication_date"": """", ""comments"": """", ""created_time"": """", ""last_updated_time"": """"}",cd4015e2-8a3f-4f54-a3ee-9dfddb048f84
3c8b8cab-73f1-4e98-a557-af8cdaae38b9,POLICY,EV-388,Threat Intelligence Monitoring Procedure — Compliance,Required,policy_catalog,,,,True,2026-03-26 16:40:50,2026-03-27 05:49:22,,"{""procedure_id"": """", ""procedure_name"": """", ""procedure_version"": """", ""procedure_status"": """", ""information_sources_defined"": true, ""threat_feed_sources"": [], ""regulatory_update_sources"": [], ""monitoring_frequency_defined"": true, ""impact_assessment_process_defined"": true, ""escalation_process_defined"": true, ""documentation_requirements_defined"": true, ""security_officer_review_required"": true, ""audit_trail_required"": true, ""applicability_scope"": """", ""approved_by"": """", ""owner"": """", ""effective_date"": """", ""review_date"": """", ""compliance_status"": """", ""created_time"": """", ""last_updated_time"": """"}",70b4419c-8544-47be-9f13-bc21356bd897
3b9ebee4-390d-4baf-8980-7209a258907c,POLICY,EV-389,Security Threat Intelligence Review Records — Compliance,Supporting,policy_catalog,,,,False,2026-03-26 16:40:50,2026-03-27 05:49:22,,"{""record_id"": """", ""review_date"": """", ""reviewed_by"": """", ""source_type"": """", ""source_name"": """", ""threat_or_update_summary"": """", ""impact_assessment_performed"": true, ""impact_summary"": """", ""actions_required"": true, ""actions_taken"": """", ""escalation_required"": true, ""approval_status"": """", ""approved_by"": """", ""next_review_date"": """", ""compliance_status"": """", ""created_time"": """", ""last_updated_time"": """"}",70b4419c-8544-47be-9f13-bc21356bd897
a7eac05d-03bc-4e92-849b-9350e03f536d,IAM_COMPLIANCE,EV-39,Privileged Access Register — IAM,Supporting,iam_catalog,,,,False,2026-03-26 16:40:46,2026-03-27 05:49:22,,"{""record_id"": """", ""user_id"": """", ""user_name"": """", ""user_role"": """", ""system_id"": """", ""system_name"": """", ""privileged_access"": true, ""access_scope"": """", ""password_manager_enforced"": true, ""access_status"": """", ""assigned_date"": """", ""last_reviewed_time"": """", ""created_time"": """", ""last_updated_time"": """"}",311fd3a8-255b-4bc8-b6a0-0fe625d81341
557ebe8b-e625-4e2c-918e-dffee042d864,CLOUD_INFRA,EV-390,User Account Register — Cloud,Supporting,cloud_catalog,,,,False,2026-03-26 16:40:50,2026-03-27 05:49:22,,"{""record_id"": """", ""user_id"": """", ""username"": """", ""unique_identifier"": """", ""employee_id"": """", ""department"": """", ""role"": """", ""assigned_systems"": [], ""account_status"": """", ""creation_date"": """", ""last_login_date"": """", ""access_level"": """", ""review_status"": """", ""last_review_date"": """", ""created_time"": """", ""last_updated_time"": """"}",1721b991-e491-4953-b2bb-ca35d815024f
0abb4b83-2d48-4090-addc-1e8efe6a9f35,DEVOPS_DEVTOOLS,EV-391,Authentication System Configuration Records — DevOps,Required,devtools_catalog,,,,True,2026-03-26 16:40:50,2026-03-27 05:49:22,,"{""configuration_id"": """", ""system_id"": """", ""system_name"": """", ""authentication_method"": """", ""unique_identifier_enforced"": true, ""username_format_rules_defined"": true, ""duplicate_account_prevention_enabled"": true, ""multi_factor_authentication_enabled"": true, ""password_policy_enforced"": true, ""identity_provider_integration"": """", ""configuration_status"": """", ""policy_compliant"": true, ""last_verified_time"": """", ""created_time"": """", ""last_updated_time"": """", ""owner"": """"}",6874f3ab-44fc-4b3e-a95e-bd01e03bf933
7c572079-3cbe-4076-b4e9-129abd8e1212,POLICY,EV-392,Regulatory Authorities Register — Compliance,Required,policy_catalog,,,,True,2026-03-26 16:40:50,2026-03-27 05:49:22,,"{""register_id"": """", ""authority_name"": """", ""jurisdiction"": """", ""regulatory_domain"": """", ""contact_name"": """", ""contact_email"": """", ""contact_phone"": """", ""official_website"": """", ""applicable_regulations"": [], ""last_contacted_date"": """", ""last_review_date"": """", ""next_review_date"": """", ""responsible_owner"": """", ""compliance_status"": """", ""created_time"": """", ""last_updated_time"": """"}",70b4419c-8544-47be-9f13-bc21356bd897
1e2ba605-6122-4856-95de-12ef90ba55b8,POLICY,EV-393,Insider Threat Management Procedure — Compliance,Required,policy_catalog,,,,True,2026-03-26 16:40:50,2026-03-27 05:49:22,,"{""procedure_id"": """", ""procedure_name"": """", ""procedure_version"": """", ""procedure_status"": """", ""insider_threat_definition"": """", ""detection_mechanisms_defined"": true, ""monitoring_controls_defined"": true, ""risk_scoring_defined"": true, ""investigation_process_defined"": true, ""mitigation_actions_defined"": true, ""escalation_process_defined"": true, ""integration_with_uba_defined"": true, ""audit_trail_required"": true, ""applicability_scope"": """", ""approved_by"": """", ""owner"": """", ""effective_date"": """", ""review_date"": """", ""compliance_status"": """", ""created_time"": """", ""last_updated_time"": """"}",70b4419c-8544-47be-9f13-bc21356bd897
07206fca-cfd3-4b60-be90-ad98f7c881c7,ITSM_GRC,EV-394,Insider Threat Investigation Tickets — ITSM,Supporting,itsm_catalog,,,,False,2026-03-26 16:40:50,2026-03-27 05:49:22,,"{""ticket_id"": """", ""alert_id"": """", ""user_id"": """", ""user_identifier"": """", ""ai_system_id"": """", ""ai_system_name"": """", ""incident_description"": """", ""incident_severity"": """", ""reported_time"": """", ""assigned_to"": """", ""status"": """", ""investigation_started"": true, ""root_cause_identified"": true, ""misuse_confirmed"": true, ""remediation_action"": """", ""remediation_status"": """", ""resolution_time"": """", ""created_time"": """", ""last_updated_time"": """", ""closed_time"": """"}",cd4015e2-8a3f-4f54-a3ee-9dfddb048f84
6b6d57cf-31fd-4179-bbe8-ba6d54ca4617,POLICY,EV-395,Simulated Phishing Campaign Procedure — Compliance,Required,policy_catalog,,,,True,2026-03-26 16:40:50,2026-03-27 05:49:22,,"{""procedure_id"": """", ""procedure_name"": """", ""procedure_version"": """", ""procedure_status"": """", ""campaign_planning_defined"": true, ""attack_scenarios_defined"": true, ""target_groups_defined"": true, ""execution_process_defined"": true, ""monitoring_and_tracking_defined"": true, ""evaluation_metrics_defined"": true, ""reporting_requirements_defined"": true, ""remediation_and_training_followup_defined"": true, ""audit_trail_required"": true, ""applicability_scope"": """", ""approved_by"": """", ""owner"": """", ""effective_date"": """", ""review_date"": """", ""compliance_status"": """", ""created_time"": """", ""last_updated_time"": """"}",70b4419c-8544-47be-9f13-bc21356bd897
03b41750-f088-4cbf-a74e-e6f6f664daca,POLICY,EV-396,Mobile Device Policy — Compliance,Supporting,policy_catalog,,,,False,2026-03-26 16:40:50,2026-03-27 05:49:22,,"{""policy_id"": """", ""policy_name"": """", ""policy_version"": """", ""policy_status"": """", ""policy_type"": ""mobile_device"", ""acceptable_use_defined"": true, ""security_requirements_defined"": true, ""device_encryption_required"": true, ""authentication_requirements_defined"": true, ""remote_wipe_capability_required"": true, ""application_control_defined"": true, ""monitoring_and_compliance_defined"": true, ""roles_and_responsibilities_defined"": true, ""policy_scope"": """", ""applicable_device_types"": [], ""approved_by"": """", ""owner"": """", ""effective_date"": """", ""review_frequency"": """", ""next_review_date"": """", ""compliance_status"": """", ""created_time"": """", ""last_updated_time"": """"}",70b4419c-8544-47be-9f13-bc21356bd897
465e7e5d-95ef-4771-8c2f-e326841f0789,POLICY,EV-397,Mobile Device Management Procedure — Compliance,Required,policy_catalog,,,,True,2026-03-26 16:40:50,2026-03-27 05:49:22,,"{""procedure_id"": """", ""procedure_name"": """", ""procedure_version"": """", ""procedure_status"": """", ""device_enrollment_process_defined"": true, ""security_configuration_requirements_defined"": true, ""compliance_checks_defined"": true, ""access_control_defined"": true, ""incident_handling_defined"": true, ""device_decommissioning_process_defined"": true, ""monitoring_and_enforcement_defined"": true, ""audit_trail_required"": true, ""applicability_scope"": """", ""approved_by"": """", ""owner"": """", ""effective_date"": """", ""review_date"": """", ""compliance_status"": """", ""created_time"": """", ""last_updated_time"": """"}",70b4419c-8544-47be-9f13-bc21356bd897
15385211-7052-4086-aaa7-9da1ba318efc,POLICY,EV-398,AI Project Team Structure Documentation — Compliance,Required,policy_catalog,,,,True,2026-03-26 16:40:50,2026-03-27 05:49:22,,"{""document_id"": """", ""document_name"": """", ""document_version"": """", ""document_status"": """", ""ai_project_id"": """", ""ai_project_name"": """", ""team_members"": [], ""roles_defined"": true, ""expertise_areas"": [], ""departments_involved"": [], ""interdisciplinary_composition_defined"": true, ""diversity_considerations_included"": true, ""responsibilities_assigned"": true, ""approved_by"": """", ""approval_date"": """", ""review_frequency"": """", ""next_review_date"": """", ""compliance_status"": """", ""created_time"": """", ""last_updated_time"": """"}",70b4419c-8544-47be-9f13-bc21356bd897
0e4cd149-8ba6-41c9-9396-a7ab7a3d269b,POLICY,EV-399,Customer Risk Register — Compliance,Required,policy_catalog,,,,True,2026-03-26 16:40:50,2026-03-27 05:49:22,,"{""risk_id"": """", ""customer_id"": """", ""customer_name"": """", ""risk_title"": """", ""risk_description"": """", ""risk_category"": ""customer"", ""risk_owner"": """", ""likelihood"": """", ""impact"": """", ""risk_rating"": """", ""risk_status"": """", ""treatment_plan_defined"": true, ""treatment_actions"": [], ""mitigation_status"": """", ""residual_risk_level"": """", ""last_review_date"": """", ""next_review_date"": """", ""compliance_status"": """", ""created_time"": """", ""last_updated_time"": """"}",70b4419c-8544-47be-9f13-bc21356bd897
4b3a658b-9142-4829-b3c9-fcf93bc5b92c,DEVOPS_DEVTOOLS,EV-4,Automated Backup Job Logs — DevOps,Supporting,devtools_catalog,,,,False,2026-03-26 16:40:45,2026-03-27 05:49:22,,"{""job_id"": """", ""system_id"": """", ""system_name"": """", ""backup_type"": """", ""trigger_type"": """", ""start_time"": """", ""end_time"": """", ""status"": """", ""success"": true, ""error_message"": """", ""data_size"": """", ""execution_duration"": """", ""created_time"": """"}",6874f3ab-44fc-4b3e-a95e-bd01e03bf933
5d3da336-d374-4f89-a120-8477ff4f8e17,IAM_COMPLIANCE,EV-40,Password Manager User Access Reports — IAM,Required,iam_catalog,,,,True,2026-03-26 16:40:46,2026-03-27 05:49:22,,"{""report_id"": """", ""user_id"": """", ""user_name"": """", ""vault_id"": """", ""vault_name"": """", ""access_role"": """", ""privileged_credentials_access"": true, ""mfa_enabled"": true, ""access_status"": """", ""last_login_time"": """", ""report_generated_time"": """", ""created_time"": """"}",311fd3a8-255b-4bc8-b6a0-0fe625d81341
9a4f16b0-f714-4acd-b3ee-6ba6b2b2746d,POLICY,EV-400,Customer Risk Review Records — Compliance,Supporting,policy_catalog,,,,False,2026-03-26 16:40:50,2026-03-27 05:49:22,,"{""review_id"": """", ""review_date"": """", ""reviewed_by"": """", ""risks_reviewed"": [], ""updates_made"": true, ""treatment_plan_updates"": """", ""risk_status_changes"": true, ""escalations_identified"": true, ""approval_status"": """", ""approved_by"": """", ""next_review_date"": """", ""compliance_status"": """", ""created_time"": """", ""last_updated_time"": """"}",70b4419c-8544-47be-9f13-bc21356bd897
3128608f-4353-4f22-8f61-d1a8bbd44e73,POLICY,EV-401,AI Risk Management Roles and Responsibilities Document — Compliance,Required,policy_catalog,,,,True,2026-03-26 16:40:50,2026-03-27 05:49:22,,"{""document_id"": """", ""document_name"": """", ""document_version"": """", ""document_status"": """", ""roles_defined"": true, ""responsibilities_defined"": true, ""ai_risk_management_functions"": [], ""decision_authority_defined"": true, ""segregation_of_duties_defined"": true, ""cross_functional_roles_included"": true, ""diversity_considerations_included"": true, ""approved_by"": """", ""approval_date"": """", ""review_frequency"": """", ""next_review_date"": """", ""compliance_status"": """", ""created_time"": """", ""last_updated_time"": """"}",70b4419c-8544-47be-9f13-bc21356bd897
89b36f8c-9ffc-4315-999d-32dd60286801,HRMS_GRC,EV-402,Team Role Assignment Records — HR,Supporting,hrms_catalog,,,,False,2026-03-26 16:40:50,2026-03-27 05:49:22,,"{""record_id"": """", ""employee_id"": """", ""employee_name"": """", ""role_id"": """", ""role_name"": """", ""ai_risk_management_role"": true, ""department"": """", ""assigned_date"": """", ""responsibilities"": [], ""reporting_manager"": """", ""assignment_status"": """", ""last_review_date"": """", ""created_time"": """", ""last_updated_time"": """"}",465c7082-4a36-4567-b535-e6fe16994eec
7c6018ce-bdbf-4010-840f-5712ee38f6ba,POLICY,EV-403,Customer Support SLA Document — Compliance,Required,policy_catalog,,,,True,2026-03-26 16:40:50,2026-03-27 05:49:22,,"{""document_id"": """", ""document_name"": """", ""document_version"": """", ""document_status"": """", ""service_scope_defined"": true, ""response_time_targets_defined"": true, ""resolution_time_targets_defined"": true, ""priority_levels_defined"": true, ""escalation_criteria_defined"": true, ""measurement_metrics_defined"": true, ""reporting_requirements_defined"": true, ""approved_by"": """", ""approval_date"": """", ""review_frequency"": """", ""next_review_date"": """", ""compliance_status"": """", ""created_time"": """", ""last_updated_time"": """"}",70b4419c-8544-47be-9f13-bc21356bd897
1df6d522-53ff-4225-b047-b4edb785b7dc,POLICY,EV-404,AI Quality Assurance Procedure — Compliance,Required,policy_catalog,,,,True,2026-03-26 16:40:50,2026-03-27 05:49:22,,"{""procedure_id"": """", ""procedure_name"": """", ""procedure_version"": """", ""procedure_status"": """", ""validation_methodology_defined"": true, ""performance_testing_defined"": true, ""reliability_testing_defined"": true, ""generalizability_assessment_defined"": true, ""limitations_documentation_required"": true, ""acceptance_criteria_defined"": true, ""approval_workflow_defined"": true, ""audit_trail_required"": true, ""applicability_scope"": """", ""approved_by"": """", ""owner"": """", ""effective_date"": """", ""review_date"": """", ""compliance_status"": """", ""created_time"": """", ""last_updated_time"": """"}",70b4419c-8544-47be-9f13-bc21356bd897
d60425a7-f467-4768-9791-882803aa6295,DEVOPS_DEVTOOLS,EV-405,AI Model Validation Reports — DevOps,Supporting,devtools_catalog,,,,False,2026-03-26 16:40:50,2026-03-27 05:49:22,,"{""report_id"": """", ""ai_system_id"": """", ""ai_system_name"": """", ""model_version"": """", ""validation_date"": """", ""validated_by"": """", ""test_datasets_used"": [], ""performance_metrics"": {}, ""reliability_metrics"": {}, ""limitations_identified"": true, ""generalizability_constraints"": """", ""issues_identified"": true, ""recommendations_provided"": true, ""approval_status"": """", ""approved_by"": """", ""created_time"": """", ""last_updated_time"": """"}",6874f3ab-44fc-4b3e-a95e-bd01e03bf933
87f402cc-ca3e-4970-be64-63c40aceb777,POLICY,EV-406,Customer Engagement Policy — Compliance,Supporting,policy_catalog,,,,False,2026-03-26 16:40:50,2026-03-27 05:49:22,,"{""policy_id"": """", ""policy_name"": """", ""policy_version"": """", ""policy_status"": """", ""policy_type"": ""customer_engagement"", ""regular_engagement_required"": true, ""monthly_engagement_frequency_defined"": true, ""communication_channels_defined"": true, ""customer_success_responsibilities_defined"": true, ""engagement_tracking_required"": true, ""performance_monitoring_defined"": true, ""roles_and_responsibilities_defined"": true, ""audit_trail_required"": true, ""policy_scope"": """", ""applicable_customer_segments"": [], ""approved_by"": """", ""owner"": """", ""effective_date"": """", ""review_frequency"": """", ""next_review_date"": """", ""compliance_status"": """", ""created_time"": """", ""last_updated_time"": """"}",70b4419c-8544-47be-9f13-bc21356bd897
76216003-3bf9-4721-b52e-dde6d3026b6d,POLICY,EV-407,Customer Communication Procedure — Compliance,Required,policy_catalog,,,,True,2026-03-26 16:40:50,2026-03-27 05:49:22,,"{""procedure_id"": """", ""procedure_name"": """", ""procedure_version"": """", ""procedure_status"": """", ""engagement_methods_defined"": true, ""communication_channels"": [], ""engagement_frequency_defined"": true, ""tracking_and_logging_defined"": true, ""customer_feedback_collection_defined"": true, ""escalation_process_defined"": true, ""performance_metrics_defined"": true, ""audit_trail_required"": true, ""applicability_scope"": """", ""approved_by"": """", ""owner"": """", ""effective_date"": """", ""review_date"": """", ""compliance_status"": """", ""created_time"": """", ""last_updated_time"": """"}",70b4419c-8544-47be-9f13-bc21356bd897
bc5ae308-aa29-4e0f-8712-bf3433392ab9,ITSM_GRC,EV-408,Customer Engagement Activity Records — ITSM,Supporting,itsm_catalog,,,,False,2026-03-26 16:40:50,2026-03-27 05:49:22,,"{""record_id"": """", ""customer_id"": """", ""customer_name"": """", ""engagement_type"": """", ""communication_channel"": """", ""engagement_date"": """", ""conducted_by"": """", ""summary"": """", ""follow_up_required"": true, ""next_engagement_date"": """", ""status"": """", ""created_time"": """", ""last_updated_time"": """"}",cd4015e2-8a3f-4f54-a3ee-9dfddb048f84
4222a561-1a97-41fd-b3ab-cdb83cd27b2c,DEVOPS_DEVTOOLS,EV-409,Privileged Access Management Configuration Records — DevOps,Required,devtools_catalog,,,,True,2026-03-26 16:40:50,2026-03-27 05:49:22,,"{""configuration_id"": """", ""pam_tool_name"": """", ""system_id"": """", ""system_name"": """", ""environment"": ""production"", ""privileged_access_controls_enabled"": true, ""role_based_access_defined"": true, ""just_in_time_access_enabled"": true, ""multi_factor_authentication_enabled"": true, ""session_recording_enabled"": true, ""approval_workflow_defined"": true, ""access_expiry_enforced"": true, ""configuration_status"": """", ""policy_compliant"": true, ""last_verified_time"": """", ""created_time"": """", ""last_updated_time"": """", ""owner"": """"}",6874f3ab-44fc-4b3e-a95e-bd01e03bf933
745c1c07-f6ac-40f2-a5d7-59a4fb5254b5,SECURITY_VULN_MGMT,EV-41,Password Vault Access Logs — Security,Supporting,security_catalog,,,,False,2026-03-26 16:40:46,2026-03-27 05:49:22,,"{""log_id"": """", ""user_id"": """", ""user_name"": """", ""vault_id"": """", ""credential_id"": """", ""access_type"": """", ""access_granted"": true, ""access_time"": """", ""source_ip"": """", ""action_performed"": """", ""anomaly_detected"": true, ""created_time"": """"}",cd545de5-0565-447b-89ef-f137d2267a70
ff8a52f2-9527-43b9-906e-f982ff67c384,DEVOPS_DEVTOOLS,EV-410,Privileged Access Activity Logs — DevOps,Supporting,devtools_catalog,,,,False,2026-03-26 16:40:50,2026-03-27 05:49:22,,"{""log_id"": """", ""user_id"": """", ""user_identifier"": """", ""system_id"": """", ""system_name"": """", ""environment"": ""production"", ""action_performed"": """", ""privileged_access_used"": true, ""session_id"": """", ""session_recording_reference"": """", ""approval_reference"": """", ""access_start_time"": """", ""access_end_time"": """", ""log_timestamp"": """", ""created_time"": """", ""last_updated_time"": """"}",6874f3ab-44fc-4b3e-a95e-bd01e03bf933
db690e98-2767-4987-8aaf-dd8893e60848,POLICY,EV-411,AI Legal and Regulatory Requirements Register — Compliance,Required,policy_catalog,,,,True,2026-03-26 16:40:50,2026-03-27 05:49:22,,"{""register_id"": """", ""ai_system_id"": """", ""ai_system_name"": """", ""regulation_name"": """", ""jurisdiction"": """", ""regulatory_domain"": """", ""requirement_description"": """", ""compliance_status"": """", ""compliance_owner"": """", ""applicable_controls"": [], ""last_review_date"": """", ""next_review_date"": """", ""contractual_obligations"": [], ""evidence_reference"": """", ""created_time"": """", ""last_updated_time"": """"}",70b4419c-8544-47be-9f13-bc21356bd897
01f04172-5b75-4421-be3d-427861866a21,POLICY,EV-412,System Status Communication Procedure — Compliance,Required,policy_catalog,,,,True,2026-03-26 16:40:50,2026-03-27 05:49:22,,"{""procedure_id"": """", ""procedure_name"": """", ""procedure_version"": """", ""procedure_status"": """", ""communication_channels_defined"": true, ""incident_notification_process_defined"": true, ""uptime_reporting_defined"": true, ""performance_issue_reporting_defined"": true, ""security_issue_reporting_defined"": true, ""notification_timelines_defined"": true, ""approval_workflow_defined"": true, ""audit_trail_required"": true, ""applicability_scope"": """", ""approved_by"": """", ""owner"": """", ""effective_date"": """", ""review_date"": """", ""compliance_status"": """", ""created_time"": """", ""last_updated_time"": """"}",70b4419c-8544-47be-9f13-bc21356bd897
ede27e07-fcf5-42ef-8f0a-52e120925b4a,SECURITY_VULN_MGMT,EV-413,System Status Page — Security,Supporting,security_catalog,,,,False,2026-03-26 16:40:50,2026-03-27 05:49:22,,"{""page_id"": """", ""service_name"": """", ""service_components"": [], ""uptime_metrics_displayed"": true, ""incident_history_available"": true, ""current_status"": """", ""performance_metrics_displayed"": true, ""last_updated_time"": """", ""public_accessible"": true, ""created_time"": """", ""owner"": """"}",cd545de5-0565-447b-89ef-f137d2267a70
c8b31a56-bd0c-4102-97a6-a9733da873d9,ITSM_GRC,EV-414,Incident Notification Records — ITSM,Supporting,itsm_catalog,,,,False,2026-03-26 16:40:50,2026-03-27 05:49:22,,"{""record_id"": """", ""incident_id"": """", ""service_name"": """", ""incident_type"": """", ""notification_type"": """", ""communication_channel"": """", ""message_summary"": """", ""sent_to"": [], ""sent_time"": """", ""acknowledgement_status"": """", ""follow_up_required"": true, ""created_time"": """", ""last_updated_time"": """"}",cd4015e2-8a3f-4f54-a3ee-9dfddb048f84
a778a5b9-ca54-4ff9-b0ff-8d52d76d282a,DEVOPS_DEVTOOLS,EV-415,GitHub Pull Request Review Records — DevOps,Required,devtools_catalog,,,,True,2026-03-26 16:40:50,2026-03-27 05:49:22,,"{""pr_id"": """", ""repository_name"": """", ""branch_name"": """", ""feature_name"": """", ""submitted_by"": """", ""reviewers"": [], ""ux_review_required"": true, ""ux_approval_status"": """", ""review_comments"": """", ""review_status"": """", ""merge_status"": """", ""merged_by"": """", ""merge_date"": """", ""created_time"": """", ""last_updated_time"": """"}",6874f3ab-44fc-4b3e-a95e-bd01e03bf933
244f4944-e377-4542-8d6f-c45a680dc411,DEVOPS_DEVTOOLS,EV-416,Release Approval Records — DevOps,Supporting,devtools_catalog,,,,False,2026-03-26 16:40:50,2026-03-27 05:49:22,,"{""release_id"": """", ""feature_name"": """", ""version"": """", ""ux_validation_completed"": true, ""qa_validation_completed"": true, ""approval_status"": """", ""approved_by"": """", ""approval_date"": """", ""deployment_environment"": """", ""release_notes_reference"": """", ""created_time"": """", ""last_updated_time"": """"}",6874f3ab-44fc-4b3e-a95e-bd01e03bf933
5b64d0ef-a178-4941-8bdd-99d0c3ce5459,HRMS_GRC,EV-417,AI Development Training Records — HR,Supporting,hrms_catalog,,,,False,2026-03-26 16:40:50,2026-03-27 05:49:22,,"{""record_id"": """", ""employee_id"": """", ""employee_name"": """", ""role"": """", ""department"": """", ""training_id"": """", ""training_name"": """", ""ai_safety_training"": true, ""assigned_date"": """", ""completion_status"": """", ""completion_date"": """", ""score"": """", ""validity_period"": """", ""expiry_date"": """", ""compliance_status"": """", ""created_time"": """", ""last_updated_time"": """"}",465c7082-4a36-4567-b535-e6fe16994eec
78bdc1c8-ee0c-424f-88a1-e3dc55eb7f8e,POLICY,EV-418,Management Review Procedure — Compliance,Required,policy_catalog,,,,True,2026-03-26 16:40:50,2026-03-27 05:49:22,,"{""procedure_id"": """", ""procedure_name"": """", ""procedure_version"": """", ""procedure_status"": """", ""review_frequency_defined"": true, ""review_scope_defined"": true, ""performance_metrics_review_defined"": true, ""risk_and_control_review_defined"": true, ""action_item_tracking_defined"": true, ""participant_roles_defined"": true, ""documentation_requirements_defined"": true, ""audit_trail_required"": true, ""applicability_scope"": """", ""approved_by"": """", ""owner"": """", ""effective_date"": """", ""review_date"": """", ""compliance_status"": """", ""created_time"": """", ""last_updated_time"": """"}",70b4419c-8544-47be-9f13-bc21356bd897
61ef1323-7a9f-4a7d-a793-e3c570b54980,MANUAL_EVIDENCE,EV-419,Management Review Meeting Minutes — Compliance,Supporting,manual_evidence_catalog,,,,False,2026-03-26 16:40:50,2026-03-27 05:49:22,,"{""minutes_id"": """", ""meeting_id"": """", ""meeting_date"": """", ""attendees"": [], ""agenda_items"": [], ""discussions_summary"": """", ""security_performance_reviewed"": true, ""risks_and_controls_reviewed"": true, ""decisions_made"": [], ""action_items"": [], ""assigned_to"": [], ""due_dates"": [], ""approved_by"": """", ""approval_date"": """", ""created_time"": """", ""last_updated_time"": """"}",70b4419c-8544-47be-9f13-bc21356bd897
0177be47-01ba-4658-acad-ee70d5f85281,POLICY,EV-42,Security Incident Testing Plan — Compliance,Supporting,policy_catalog,,,,False,2026-03-26 16:40:46,2026-03-27 05:49:22,,"{""plan_id"": """", ""plan_name"": """", ""plan_version"": """", ""plan_status"": """", ""testing_scope_defined"": true, ""testing_schedule"": """", ""testing_frequency"": """", ""participants_defined"": true, ""scenarios_defined"": true, ""approved_by"": """", ""owner"": """", ""planned_date"": """", ""created_time"": """", ""last_updated_time"": """"}",70b4419c-8544-47be-9f13-bc21356bd897
3892872d-3be4-4b69-9a4b-710764f5058e,POLICY,EV-420,ISMS Scope Document — Compliance,Required,policy_catalog,,,,True,2026-03-26 16:40:50,2026-03-27 05:49:22,,"{""document_id"": """", ""document_name"": """", ""document_version"": """", ""document_status"": """", ""isms_scope_defined"": true, ""included_assets"": [], ""excluded_assets"": [], ""organizational_boundaries_defined"": true, ""system_boundaries_defined"": true, ""applicable_locations"": [], ""dependencies_identified"": true, ""approved_by"": """", ""approval_date"": """", ""review_frequency"": """", ""next_review_date"": """", ""compliance_status"": """", ""created_time"": """", ""last_updated_time"": """"}",70b4419c-8544-47be-9f13-bc21356bd897
29cd95b5-f570-447c-8804-2fda20b16d92,POLICY,EV-421,Statement of Applicability — Compliance,Required,policy_catalog,,,,True,2026-03-26 16:40:50,2026-03-27 05:49:22,,"{""document_id"": """", ""document_name"": """", ""document_version"": """", ""document_status"": """", ""iso_standard"": ""ISO 27001"", ""annex_controls_listed"": true, ""control_applicability_defined"": true, ""controls_included"": [], ""controls_excluded"": [], ""justification_for_inclusion_exclusion"": """", ""implementation_status"": """", ""linked_policies_and_controls"": [], ""approved_by"": """", ""approval_date"": """", ""review_frequency"": """", ""next_review_date"": """", ""compliance_status"": """", ""created_time"": """", ""last_updated_time"": """"}",70b4419c-8544-47be-9f13-bc21356bd897
6240d512-857f-47f9-83fe-165f682ad399,POLICY,EV-422,Privacy Impact Assessment Procedure — Compliance,Required,policy_catalog,,,,True,2026-03-26 16:40:50,2026-03-27 05:49:22,,"{""procedure_id"": """", ""procedure_name"": """", ""procedure_version"": """", ""procedure_status"": """", ""assessment_scope_defined"": true, ""data_flow_analysis_required"": true, ""privacy_risk_identification_defined"": true, ""impact_evaluation_defined"": true, ""mitigation_measures_defined"": true, ""approval_workflow_defined"": true, ""integration_with_sdlc_defined"": true, ""audit_trail_required"": true, ""applicability_scope"": """", ""approved_by"": """", ""owner"": """", ""effective_date"": """", ""review_date"": """", ""compliance_status"": """", ""created_time"": """", ""last_updated_time"": """"}",70b4419c-8544-47be-9f13-bc21356bd897
adf85a7d-7b71-4bce-a3dd-7d4c14ad0d1e,DEVOPS_DEVTOOLS,EV-423,System Design Review Records — DevOps,Supporting,devtools_catalog,,,,False,2026-03-26 16:40:50,2026-03-27 05:49:22,,"{""review_id"": """", ""project_id"": """", ""project_name"": """", ""review_type"": ""design_architecture"", ""review_date"": """", ""reviewed_by"": [], ""architecture_components_reviewed"": true, ""data_flows_reviewed"": true, ""privacy_impact_considered"": true, ""issues_identified"": true, ""recommendations"": [], ""approval_status"": """", ""approved_by"": """", ""created_time"": """", ""last_updated_time"": """"}",6874f3ab-44fc-4b3e-a95e-bd01e03bf933
243f9ad6-4cd9-4485-8313-4625ae416a13,POLICY,EV-424,AI Impact Assessment Procedure — Compliance,Required,policy_catalog,,,,True,2026-03-26 16:40:50,2026-03-27 05:49:22,,"{""procedure_id"": """", ""procedure_name"": """", ""procedure_version"": """", ""procedure_status"": """", ""assessment_scope_defined"": true, ""risk_and_benefit_analysis_defined"": true, ""impact_categories_defined"": true, ""evaluation_methodology_defined"": true, ""mitigation_planning_defined"": true, ""periodic_update_requirements_defined"": true, ""approval_workflow_defined"": true, ""audit_trail_required"": true, ""applicability_scope"": """", ""approved_by"": """", ""owner"": """", ""effective_date"": """", ""review_date"": """", ""compliance_status"": """", ""created_time"": """", ""last_updated_time"": """"}",70b4419c-8544-47be-9f13-bc21356bd897
9c19db75-0eee-4e13-968b-ed1faa2cef72,MANUAL_EVIDENCE,EV-425,AI Impact Assessment Reports — Compliance,Required,manual_evidence_catalog,,,,True,2026-03-26 16:40:50,2026-03-27 05:49:22,,"{""report_id"": """", ""ai_system_id"": """", ""ai_system_name"": """", ""assessment_date"": """", ""assessed_by"": """", ""impact_categories"": [], ""benefits_identified"": true, ""risks_identified"": true, ""impact_description"": """", ""mitigation_actions_defined"": true, ""residual_risk_level"": """", ""review_frequency"": """", ""approval_status"": """", ""approved_by"": """", ""created_time"": """", ""last_updated_time"": """"}",70b4419c-8544-47be-9f13-bc21356bd897
b5587d52-3c97-4795-9862-a75e14eb8e19,DEVOPS_DEVTOOLS,EV-426,AI System Logging Configuration Records — DevOps,Required,devtools_catalog,,,,True,2026-03-26 16:40:50,2026-03-27 05:49:22,,"{""configuration_id"": """", ""ai_system_id"": """", ""ai_system_name"": """", ""logging_enabled"": true, ""usage_logging_enabled"": true, ""event_logging_enabled"": true, ""error_logging_enabled"": true, ""log_destination"": """", ""log_retention_period"": """", ""monitoring_integration_enabled"": true, ""alerting_enabled"": true, ""configuration_status"": """", ""policy_compliant"": true, ""last_verified_time"": """", ""created_time"": """", ""last_updated_time"": """", ""owner"": """"}",6874f3ab-44fc-4b3e-a95e-bd01e03bf933
d153a1c6-02d2-437f-bf38-97022934b16f,SECURITY_VULN_MGMT,EV-427,AI System Usage Logs — Security,Supporting,security_catalog,,,,False,2026-03-26 16:40:50,2026-03-27 05:49:22,,"{""log_id"": """", ""ai_system_id"": """", ""ai_system_name"": """", ""user_id"": """", ""user_identifier"": """", ""action_performed"": """", ""usage_type"": """", ""event_type"": """", ""event_details"": """", ""source_ip"": """", ""timestamp"": """", ""log_timestamp"": """", ""created_time"": """", ""last_updated_time"": """"}",cd545de5-0565-447b-89ef-f137d2267a70
52494384-f782-4560-b26d-b2d61822fafa,POLICY,EV-428,AI Data Acquisition and Selection Procedure — Compliance,Required,policy_catalog,,,,True,2026-03-26 16:40:50,2026-03-27 05:49:22,,"{""procedure_id"": """", ""procedure_name"": """", ""procedure_version"": """", ""procedure_status"": """", ""data_source_identification_defined"": true, ""data_quality_evaluation_defined"": true, ""data_selection_criteria_defined"": true, ""legal_and_ethics_checks_defined"": true, ""approval_workflow_defined"": true, ""dataset_validation_defined"": true, ""usage_restrictions_defined"": true, ""audit_trail_required"": true, ""applicability_scope"": """", ""approved_by"": """", ""owner"": """", ""effective_date"": """", ""review_date"": """", ""compliance_status"": """", ""created_time"": """", ""last_updated_time"": """"}",70b4419c-8544-47be-9f13-bc21356bd897
5af9644f-e2d7-4e06-bd2b-5d54160aa1e1,CLOUD_INFRA,EV-429,AI Dataset Inventory — Cloud,Supporting,cloud_catalog,,,,False,2026-03-26 16:40:50,2026-03-27 05:49:22,,"{""dataset_id"": """", ""dataset_name"": """", ""data_source"": """", ""data_type"": """", ""purpose"": """", ""ai_system_id"": """", ""ai_system_name"": """", ""approval_status"": """", ""approved_by"": """", ""approval_date"": """", ""data_quality_rating"": """", ""usage_restrictions"": """", ""last_review_date"": """", ""next_review_date"": """", ""created_time"": """", ""last_updated_time"": """"}",1721b991-e491-4953-b2bb-ca35d815024f
e1fba10f-06ab-49a0-a7a5-be164ddac23e,MANUAL_EVIDENCE,EV-43,Security Incident Test Reports — Compliance,Required,manual_evidence_catalog,,,,True,2026-03-26 16:40:46,2026-03-27 05:49:22,,"{""report_id"": """", ""test_id"": """", ""test_type"": """", ""scenario"": """", ""execution_date"": """", ""participants"": """", ""test_completed"": true, ""observations"": """", ""issues_identified"": """", ""test_result"": """", ""reviewed_by"": """", ""report_status"": """", ""created_time"": """", ""last_updated_time"": """"}",70b4419c-8544-47be-9f13-bc21356bd897
f8903a85-db20-4603-bd4f-27aa29d1eed2,POLICY,EV-430,AI Data Chain of Custody Procedure — Compliance,Required,policy_catalog,,,,True,2026-03-26 16:40:50,2026-03-27 05:49:22,,"{""procedure_id"": """", ""procedure_name"": """", ""procedure_version"": """", ""procedure_status"": """", ""data_lineage_tracking_defined"": true, ""data_provenance_tracking_defined"": true, ""data_transfer_logging_defined"": true, ""access_history_tracking_defined"": true, ""data_integrity_validation_defined"": true, ""retention_requirements_defined"": true, ""audit_trail_required"": true, ""applicability_scope"": """", ""approved_by"": """", ""owner"": """", ""effective_date"": """", ""review_date"": """", ""compliance_status"": """", ""created_time"": """", ""last_updated_time"": """"}",70b4419c-8544-47be-9f13-bc21356bd897
87d342b3-ac3f-4db9-b96d-a3baf1d6ee06,MANUAL_EVIDENCE,EV-431,AI Dataset Lineage Records — Compliance,Supporting,manual_evidence_catalog,,,,False,2026-03-26 16:40:50,2026-03-27 05:49:22,,"{""record_id"": """", ""dataset_id"": """", ""dataset_name"": """", ""data_source"": """", ""collection_date"": """", ""transformations_applied"": [], ""processing_steps"": [], ""access_history"": [], ""usage_purpose"": """", ""ai_model_reference"": """", ""integrity_verification_status"": """", ""last_review_date"": """", ""next_review_date"": """", ""created_time"": """", ""last_updated_time"": """"}",70b4419c-8544-47be-9f13-bc21356bd897
35fdacaf-5c4b-4f2a-8b39-70664cc59283,MANUAL_EVIDENCE,EV-432,AI System Inventory Review Records — Compliance,Supporting,manual_evidence_catalog,,,,False,2026-03-26 16:40:50,2026-03-27 05:49:22,,"{""review_id"": """", ""inventory_id"": """", ""review_date"": """", ""reviewed_by"": """", ""review_scope"": """", ""changes_identified"": true, ""updates_applied"": true, ""review_outcome"": """", ""next_review_due_date"": """", ""created_time"": """", ""last_updated_time"": """"}",70b4419c-8544-47be-9f13-bc21356bd897
792342ba-b860-4cd3-8166-ab45ce1ddaa2,CLOUD_INFRA,EV-433,AI Model Inventory — Cloud,Required,cloud_catalog,,,,True,2026-03-26 16:40:50,2026-03-27 05:49:22,,"{""model_id"": """", ""model_name"": """", ""model_purpose"": """", ""model_methodology"": """", ""validation_status"": """", ""associated_system_id"": """", ""associated_system_name"": """", ""model_owner"": """", ""environment"": """", ""inventory_status"": """", ""last_validated_time"": """", ""created_time"": """", ""last_updated_time"": """"}",1721b991-e491-4953-b2bb-ca35d815024f
eb9fb705-24ea-4dcd-9e2a-e4f99747cb56,POLICY,EV-434,AI Incident Response Procedure — Compliance,Required,policy_catalog,,,,True,2026-03-26 16:40:50,2026-03-27 05:49:22,,"{""procedure_id"": """", ""procedure_name"": """", ""procedure_version"": """", ""procedure_status"": """", ""incident_handling_steps_defined"": true, ""incident_classification_defined"": true, ""communication_process_defined"": true, ""internal_notification_process_defined"": true, ""external_notification_process_defined"": true, ""stakeholder_identification_defined"": true, ""roles_and_responsibilities_defined"": true, ""approved_by"": """", ""owner"": """", ""effective_date"": """", ""review_date"": """", ""created_time"": """", ""last_updated_time"": """"}",70b4419c-8544-47be-9f13-bc21356bd897
9db8713e-1ec6-4e7c-ba9b-233dbeb3b855,POLICY,EV-435,AI Incident Communication Roles Register — Compliance,Supporting,policy_catalog,,,,False,2026-03-26 16:40:50,2026-03-27 05:49:22,,"{""register_id"": """", ""person_id"": """", ""person_name"": """", ""role"": """", ""communication_responsibility"": """", ""communication_scope"": """", ""internal_or_external"": """", ""contact_information"": """", ""authorization_status"": """", ""assigned_date"": """", ""last_reviewed_time"": """", ""created_time"": """", ""last_updated_time"": """"}",70b4419c-8544-47be-9f13-bc21356bd897
7cde002c-389e-4b2e-98c3-b212c543a183,POLICY,EV-436,AI Governance Policy Review Records — Compliance,Required,policy_catalog,,,,True,2026-03-26 16:40:50,2026-03-27 05:49:22,,"{""review_id"": """", ""policy_id"": """", ""policy_version"": """", ""review_date"": """", ""reviewed_by"": """", ""customer_feedback_considered"": true, ""responsible_ai_updates_made"": true, ""changes_summary"": """", ""review_outcome"": """", ""next_review_due_date"": """", ""created_time"": """", ""last_updated_time"": """"}",70b4419c-8544-47be-9f13-bc21356bd897
d80d6f3e-6b13-425a-a2c6-8a1bc2134ca5,ITSM_GRC,EV-437,Customer Feedback Records — ITSM,Supporting,itsm_catalog,,,,False,2026-03-26 16:40:50,2026-03-27 05:49:22,,"{""ticket_id"": """", ""customer_id"": """", ""feedback_type"": """", ""feedback_description"": """", ""ai_system_reference"": """", ""feedback_category"": """", ""reported_time"": """", ""status"": """", ""resolution_action"": """", ""resolved_time"": """", ""created_time"": """", ""last_updated_time"": """"}",cd4015e2-8a3f-4f54-a3ee-9dfddb048f84
76d088eb-dd5b-421f-81f3-0f69a4d8eedc,POLICY,EV-438,AI Performance Metrics Definition Document — Compliance,Required,policy_catalog,,,,True,2026-03-26 16:40:50,2026-03-27 05:49:22,,"{""document_id"": """", ""document_name"": """", ""document_version"": """", ""document_status"": """", ""metrics_defined"": true, ""qualitative_metrics_defined"": true, ""quantitative_metrics_defined"": true, ""trustworthiness_metrics_defined"": true, ""reliability_metrics_defined"": true, ""metrics_description"": """", ""domain_expert_involvement"": true, ""approved_by"": """", ""owner"": """", ""effective_date"": """", ""review_date"": """", ""created_time"": """", ""last_updated_time"": """"}",70b4419c-8544-47be-9f13-bc21356bd897
44f3ad6c-8f89-4aaa-99d2-ebc002a502c7,DEVOPS_DEVTOOLS,EV-439,AI Model Evaluation Reports — DevOps,Supporting,devtools_catalog,,,,False,2026-03-26 16:40:50,2026-03-27 05:49:22,,"{""report_id"": """", ""model_id"": """", ""model_name"": """", ""evaluation_id"": """", ""metrics_used"": """", ""evaluation_results"": """", ""trustworthiness_score"": """", ""reliability_score"": """", ""evaluation_status"": """", ""evaluation_passed"": true, ""evaluated_by"": """", ""evaluation_date"": """", ""created_time"": """", ""last_updated_time"": """"}",6874f3ab-44fc-4b3e-a95e-bd01e03bf933
62ef7d11-b477-4879-8279-b5b55b4be08e,POLICY,EV-44,Vendor Management & Third-Party Risk Policy — Compliance,Supporting,policy_catalog,,,,False,2026-03-26 16:40:46,2026-03-27 05:49:22,,"{""policy_id"": """", ""policy_name"": """", ""policy_version"": """", ""policy_status"": """", ""vendor_selection_requirements_defined"": true, ""vendor_onboarding_requirements_defined"": true, ""vendor_monitoring_requirements_defined"": true, ""third_party_risk_management_defined"": true, ""approved_by"": """", ""owner"": """", ""effective_date"": """", ""review_date"": """", ""created_time"": """", ""last_updated_time"": """"}",70b4419c-8544-47be-9f13-bc21356bd897
47f60445-7f0f-41aa-9787-e7e610a0764e,POLICY,EV-440,AI Data Quality Standard — Compliance,Required,policy_catalog,,,,True,2026-03-26 16:40:50,2026-03-27 05:49:22,,"{""document_id"": """", ""document_name"": """", ""document_version"": """", ""document_status"": """", ""completeness_criteria_defined"": true, ""accuracy_criteria_defined"": true, ""consistency_criteria_defined"": true, ""integrity_criteria_defined"": true, ""data_quality_thresholds_defined"": true, ""applicable_dataset_scope"": """", ""approved_by"": """", ""owner"": """", ""effective_date"": """", ""review_date"": """", ""created_time"": """", ""last_updated_time"": """"}",70b4419c-8544-47be-9f13-bc21356bd897
06a09371-a9d3-4f45-8b59-6197dd422c9a,POLICY,EV-441,AI Data Quality Assessment Procedure — Compliance,Supporting,policy_catalog,,,,False,2026-03-26 16:40:50,2026-03-27 05:49:22,,"{""procedure_id"": """", ""procedure_name"": """", ""procedure_version"": """", ""procedure_status"": """", ""assessment_steps_defined"": true, ""quality_criteria_reference_defined"": true, ""evaluation_methods_defined"": true, ""sampling_method_defined"": true, ""roles_and_responsibilities_defined"": true, ""approved_by"": """", ""owner"": """", ""effective_date"": """", ""review_date"": """", ""created_time"": """", ""last_updated_time"": """"}",70b4419c-8544-47be-9f13-bc21356bd897
8007fac4-bd37-4b06-b12e-0bb50eee6e9c,MANUAL_EVIDENCE,EV-442,AI Data Quality Assessment Reports — Compliance,Supporting,manual_evidence_catalog,,,,False,2026-03-26 16:40:50,2026-03-27 05:49:22,,"{""report_id"": """", ""dataset_id"": """", ""dataset_name"": """", ""assessment_date"": """", ""assessed_by"": """", ""completeness_score"": """", ""accuracy_score"": """", ""consistency_score"": """", ""integrity_score"": """", ""quality_threshold_met"": true, ""assessment_result"": """", ""issues_identified"": """", ""remediation_actions"": """", ""created_time"": """", ""last_updated_time"": """"}",70b4419c-8544-47be-9f13-bc21356bd897
c5b9697f-aaf8-4083-ba43-d179866eb6d9,POLICY,EV-443,AI Concern Reporting Procedure — Compliance,Required,policy_catalog,,,,True,2026-03-26 16:40:51,2026-03-27 05:49:22,,"{""procedure_id"": """", ""procedure_name"": """", ""procedure_version"": """", ""procedure_status"": """", ""reporting_process_defined"": true, ""reporting_channels_defined"": true, ""concern_categories_defined"": true, ""submission_steps_defined"": true, ""triage_process_defined"": true, ""resolution_process_defined"": true, ""roles_and_responsibilities_defined"": true, ""approved_by"": """", ""owner"": """", ""effective_date"": """", ""review_date"": """", ""created_time"": """", ""last_updated_time"": """"}",70b4419c-8544-47be-9f13-bc21356bd897
ac3ee029-51bb-4808-bbaa-94c7b93fb3d2,ITSM_GRC,EV-444,AI Concern Reporting Tickets — ITSM,Supporting,itsm_catalog,,,,False,2026-03-26 16:40:51,2026-03-27 05:49:22,,"{""ticket_id"": """", ""reported_by"": """", ""reporter_type"": """", ""ai_system_reference"": """", ""concern_category"": """", ""concern_description"": """", ""reported_time"": """", ""priority"": """", ""status"": """", ""assigned_to"": """", ""resolution_action"": """", ""resolution_status"": """", ""resolved_time"": """", ""created_time"": """", ""last_updated_time"": """"}",cd4015e2-8a3f-4f54-a3ee-9dfddb048f84
4311e456-23b8-4999-9e09-aab5baa4b699,POLICY,EV-445,Risk Assessment Procedure — Compliance,Supporting,policy_catalog,,,,False,2026-03-26 16:40:51,2026-03-27 05:49:22,,"{""procedure_id"": """", ""procedure_name"": """", ""procedure_version"": """", ""procedure_status"": """", ""risk_evaluation_steps_defined"": true, ""ai_risk_assessment_process_defined"": true, ""impact_analysis_method_defined"": true, ""likelihood_assessment_method_defined"": true, ""risk_scoring_method_defined"": true, ""roles_and_responsibilities_defined"": true, ""approved_by"": """", ""owner"": """", ""effective_date"": """", ""review_date"": """", ""created_time"": """", ""last_updated_time"": """"}",70b4419c-8544-47be-9f13-bc21356bd897
4f792369-ed47-4d50-ab9e-f6bad8df8106,POLICY,EV-446,AI External Assessment Procedure — Compliance,Required,policy_catalog,,,,True,2026-03-26 16:40:51,2026-03-27 05:49:22,,"{""procedure_id"": """", ""procedure_name"": """", ""procedure_version"": """", ""procedure_status"": """", ""assessment_planning_defined"": true, ""assessor_selection_criteria_defined"": true, ""assessment_scope_definition_defined"": true, ""assessment_frequency_defined"": true, ""assessment_execution_steps_defined"": true, ""reporting_requirements_defined"": true, ""roles_and_responsibilities_defined"": true, ""approved_by"": """", ""owner"": """", ""effective_date"": """", ""review_date"": """", ""created_time"": """", ""last_updated_time"": """"}",70b4419c-8544-47be-9f13-bc21356bd897
5d89910d-2f1c-4f26-bb16-2ddf459d135d,POLICY,EV-447,AI External Assessment Reports — Compliance,Supporting,policy_catalog,,,,False,2026-03-26 16:40:51,2026-03-27 05:49:22,,"{""report_id"": """", ""assessment_id"": """", ""ai_system_id"": """", ""ai_system_name"": """", ""assessor_name"": """", ""assessor_organization"": """", ""assessment_scope"": """", ""assessment_date"": """", ""risks_identified"": """", ""impact_analysis"": """", ""findings"": """", ""recommendations"": """", ""assessment_outcome"": """", ""approved_by"": """", ""created_time"": """", ""last_updated_time"": """"}",70b4419c-8544-47be-9f13-bc21356bd897
f1764ed9-39b8-4047-9fbd-c48239b89db8,POLICY,EV-448,Interested Parties Register — Compliance,Required,policy_catalog,,,,True,2026-03-26 16:40:51,2026-03-27 05:49:22,,"{""register_id"": """", ""party_id"": """", ""party_name"": """", ""party_type"": """", ""ai_system_reference"": """", ""interests"": """", ""expectations"": """", ""influence_level"": """", ""impact_level"": """", ""engagement_strategy"": """", ""owner"": """", ""status"": """", ""last_reviewed_time"": """", ""created_time"": """", ""last_updated_time"": """"}",70b4419c-8544-47be-9f13-bc21356bd897
3e6089a3-45d4-4afa-974f-ee9e6c628375,MANUAL_EVIDENCE,EV-449,Interested Parties Review Records — Compliance,Supporting,manual_evidence_catalog,,,,False,2026-03-26 16:40:51,2026-03-27 05:49:22,,"{""review_id"": """", ""register_id"": """", ""review_date"": """", ""reviewed_by"": """", ""changes_identified"": true, ""stakeholder_updates_made"": true, ""updated_parties_count"": 0, ""review_outcome"": """", ""next_review_due_date"": """", ""created_time"": """", ""last_updated_time"": """"}",70b4419c-8544-47be-9f13-bc21356bd897
5e837430-79ec-4723-bd68-43c49101e436,POLICY,EV-45,Cloud Security Policy — Compliance,Supporting,policy_catalog,,,,False,2026-03-26 16:40:46,2026-03-27 05:49:22,,"{""policy_id"": """", ""policy_name"": """", ""policy_version"": """", ""policy_status"": """", ""cloud_security_requirements_defined"": true, ""shared_responsibility_model_defined"": true, ""customer_responsibilities_defined"": true, ""provider_responsibilities_defined"": true, ""approved_by"": """", ""owner"": """", ""effective_date"": """", ""review_date"": """", ""created_time"": """", ""last_updated_time"": """"}",70b4419c-8544-47be-9f13-bc21356bd897
86c87d98-aabf-42e7-bb79-44fd84242a96,POLICY,EV-450,Penetration Testing Procedure — Compliance,Required,policy_catalog,,,,True,2026-03-26 16:40:51,2026-03-27 05:49:22,,"{""procedure_id"": """", ""procedure_name"": """", ""procedure_version"": """", ""procedure_status"": """", ""testing_planning_defined"": true, ""testing_scope_definition_defined"": true, ""testing_methodology_defined"": true, ""execution_steps_defined"": true, ""reporting_requirements_defined"": true, ""review_process_defined"": true, ""roles_and_responsibilities_defined"": true, ""approved_by"": """", ""owner"": """", ""effective_date"": """", ""review_date"": """", ""created_time"": """", ""last_updated_time"": """"}",70b4419c-8544-47be-9f13-bc21356bd897
5225146c-df0f-4489-ba24-33ae8a578e5f,POLICY,EV-451,Secure Development Lifecycle Procedure — Compliance,Required,policy_catalog,,,,True,2026-03-26 16:40:51,2026-03-27 05:49:22,,"{""procedure_id"": """", ""procedure_name"": """", ""procedure_version"": """", ""procedure_status"": """", ""sdlc_stages_defined"": true, ""responsible_ai_practices_integrated"": true, ""security_controls_integration_defined"": true, ""code_review_process_defined"": true, ""testing_and_validation_steps_defined"": true, ""deployment_controls_defined"": true, ""roles_and_responsibilities_defined"": true, ""approved_by"": """", ""owner"": """", ""effective_date"": """", ""review_date"": """", ""created_time"": """", ""last_updated_time"": """"}",70b4419c-8544-47be-9f13-bc21356bd897
fc3b79c4-b5b6-498d-83a0-b01a88378023,POLICY,EV-452,AI Testing Procedure — Compliance,Required,policy_catalog,,,,True,2026-03-26 16:40:51,2026-03-27 05:49:22,,"{""procedure_id"": """", ""procedure_name"": """", ""procedure_version"": """", ""procedure_status"": """", ""test_set_definition_process_defined"": true, ""test_execution_process_defined"": true, ""automated_and_manual_testing_defined"": true, ""testing_frequency_defined"": true, ""test_result_validation_process_defined"": true, ""roles_and_responsibilities_defined"": true, ""approved_by"": """", ""owner"": """", ""effective_date"": """", ""review_date"": """", ""created_time"": """", ""last_updated_time"": """"}",70b4419c-8544-47be-9f13-bc21356bd897
5bf8569a-1969-4a86-98a5-1ce6102d6eff,DEVOPS_DEVTOOLS,EV-453,AI Test Set Definitions — DevOps,Supporting,devtools_catalog,,,,False,2026-03-26 16:40:51,2026-03-27 05:49:22,,"{""test_set_id"": """", ""ai_system_id"": """", ""ai_system_name"": """", ""test_type"": """", ""test_dataset_reference"": """", ""test_cases_defined"": true, ""automated_tests_included"": true, ""manual_tests_included"": true, ""validation_criteria_defined"": true, ""created_time"": """", ""last_updated_time"": """", ""owner"": """"}",6874f3ab-44fc-4b3e-a95e-bd01e03bf933
b4bf2acb-c9b3-49f7-98fa-f98de53e7f36,DEVOPS_DEVTOOLS,EV-454,AI Test Execution Reports — DevOps,Supporting,devtools_catalog,,,,False,2026-03-26 16:40:51,2026-03-27 05:49:22,,"{""report_id"": """", ""test_set_id"": """", ""ai_system_id"": """", ""execution_id"": """", ""test_type"": """", ""execution_date"": """", ""tests_executed_count"": 0, ""tests_passed_count"": 0, ""tests_failed_count"": 0, ""execution_status"": """", ""issues_identified"": """", ""overall_result"": """", ""created_time"": """", ""last_updated_time"": """"}",6874f3ab-44fc-4b3e-a95e-bd01e03bf933
8567aa35-fc9d-4d7b-b8a5-92f4dc9635ef,POLICY,EV-455,AI Resource Documentation — Compliance,Required,policy_catalog,,,,True,2026-03-26 16:40:51,2026-03-27 05:49:22,,"{""document_id"": """", ""document_name"": """", ""document_version"": """", ""document_status"": """", ""ai_system_id"": """", ""data_resources_defined"": true, ""tooling_resources_defined"": true, ""infrastructure_resources_defined"": true, ""human_resources_defined"": true, ""resource_descriptions"": """", ""resource_owner"": """", ""lifecycle_stage_coverage"": """", ""approved_by"": """", ""effective_date"": """", ""review_date"": """", ""created_time"": """", ""last_updated_time"": """"}",70b4419c-8544-47be-9f13-bc21356bd897
9a7f8336-420f-4e55-ad4b-eac49d8fffea,POLICY,EV-456,Infrastructure Security Policy — Compliance,Supporting,policy_catalog,,,,False,2026-03-26 16:40:51,2026-03-27 05:49:22,,"{""policy_id"": """", ""policy_name"": """", ""policy_version"": """", ""policy_status"": """", ""time_synchronization_requirements_defined"": true, ""ntp_usage_requirements_defined"": true, ""infrastructure_time_configuration_defined"": true, ""monitoring_requirements_defined"": true, ""approved_by"": """", ""owner"": """", ""effective_date"": """", ""review_date"": """", ""created_time"": """", ""last_updated_time"": """"}",70b4419c-8544-47be-9f13-bc21356bd897
b0273859-603b-4292-b1a7-2ab1573eb860,POLICY,EV-457,System Time Synchronization Procedure — Compliance,Required,policy_catalog,,,,True,2026-03-26 16:40:51,2026-03-27 05:49:22,,"{""procedure_id"": """", ""procedure_name"": """", ""procedure_version"": """", ""procedure_status"": """", ""ntp_configuration_steps_defined"": true, ""time_sync_scope_defined"": true, ""ntp_server_configuration_defined"": true, ""synchronization_frequency_defined"": true, ""verification_process_defined"": true, ""roles_and_responsibilities_defined"": true, ""approved_by"": """", ""owner"": """", ""effective_date"": """", ""review_date"": """", ""created_time"": """", ""last_updated_time"": """"}",70b4419c-8544-47be-9f13-bc21356bd897
b366563d-18fd-4dad-8539-7328376ceb24,DEVOPS_DEVTOOLS,EV-458,NTP Configuration Records — DevOps,Supporting,devtools_catalog,,,,False,2026-03-26 16:40:51,2026-03-27 05:49:22,,"{""configuration_id"": """", ""system_id"": """", ""system_name"": """", ""ntp_enabled"": true, ""ntp_server_address"": """", ""time_sync_interval"": """", ""configuration_status"": """", ""last_verified_time"": """", ""created_time"": """", ""last_updated_time"": """", ""owner"": """"}",6874f3ab-44fc-4b3e-a95e-bd01e03bf933
718472e2-f71b-4ee4-926e-88118eb8bdb5,SECURITY_VULN_MGMT,EV-459,Time Synchronization Monitoring Logs — Security,Supporting,security_catalog,,,,False,2026-03-26 16:40:51,2026-03-27 05:49:22,,"{""log_id"": """", ""system_id"": """", ""system_name"": """", ""ntp_server_address"": """", ""sync_event_time"": """", ""synchronization_status"": """", ""time_offset"": """", ""alert_generated"": true, ""log_source"": """", ""created_time"": """", ""last_updated_time"": """"}",cd545de5-0565-447b-89ef-f137d2267a70
c6692e70-8aab-4981-9cbd-78752d83e734,MANUAL_EVIDENCE,EV-46,Cloud Vendor Security Compliance Reports — Compliance,Required,manual_evidence_catalog,,,,True,2026-03-26 16:40:46,2026-03-27 05:49:22,,"{""report_id"": """", ""vendor_id"": """", ""vendor_name"": """", ""report_type"": """", ""certification_standard"": """", ""compliance_status"": """", ""report_period_start"": """", ""report_period_end"": """", ""issued_date"": """", ""expiration_date"": """", ""validated"": true, ""reviewed_by"": """", ""review_date"": """", ""created_time"": """", ""last_updated_time"": """"}",70b4419c-8544-47be-9f13-bc21356bd897
1eb0bfbc-6dd2-4a6c-b95b-64b8b22b12b3,POLICY,EV-460,Session Management Procedure — Compliance,Required,policy_catalog,,,,True,2026-03-26 16:40:51,2026-03-27 05:49:22,,"{""procedure_id"": """", ""procedure_name"": """", ""procedure_version"": """", ""procedure_status"": """", ""session_timeout_configuration_steps_defined"": true, ""automatic_logoff_configuration_defined"": true, ""system_scope_defined"": true, ""enforcement_mechanism_defined"": true, ""verification_process_defined"": true, ""roles_and_responsibilities_defined"": true, ""approved_by"": """", ""owner"": """", ""effective_date"": """", ""review_date"": """", ""created_time"": """", ""last_updated_time"": """"}",70b4419c-8544-47be-9f13-bc21356bd897
b11cdd6f-27bd-466e-a338-4fc246b398f6,IAM_COMPLIANCE,EV-461,Session Timeout Configuration Records — IAM,Supporting,iam_catalog,,,,False,2026-03-26 16:40:51,2026-03-27 05:49:22,,"{""configuration_id"": """", ""system_id"": """", ""system_name"": """", ""session_timeout_minutes"": 0, ""automatic_logoff_enabled"": true, ""inactivity_threshold_defined"": true, ""configuration_status"": """", ""policy_compliant"": true, ""last_verified_time"": """", ""created_time"": """", ""last_updated_time"": """", ""owner"": """"}",311fd3a8-255b-4bc8-b6a0-0fe625d81341
03b33613-c649-4bd6-812e-ce2fa0052a02,POLICY,EV-462,Remote Access Procedure — Compliance,Required,policy_catalog,,,,True,2026-03-26 16:40:51,2026-03-27 05:49:22,,"{""procedure_id"": """", ""procedure_name"": """", ""procedure_version"": """", ""procedure_status"": """", ""secure_remote_access_setup_defined"": true, ""encryption_configuration_steps_defined"": true, ""authentication_mechanism_defined"": true, ""access_control_enforcement_defined"": true, ""monitoring_and_logging_defined"": true, ""roles_and_responsibilities_defined"": true, ""approved_by"": """", ""owner"": """", ""effective_date"": """", ""review_date"": """", ""created_time"": """", ""last_updated_time"": """"}",70b4419c-8544-47be-9f13-bc21356bd897
280209c0-53f3-43e3-944d-82107c0271f5,IAM_COMPLIANCE,EV-463,Remote Access Configuration Records — IAM,Supporting,iam_catalog,,,,False,2026-03-26 16:40:51,2026-03-27 05:49:22,,"{""configuration_id"": """", ""system_id"": """", ""system_name"": """", ""remote_access_enabled"": true, ""encryption_enabled"": true, ""encryption_protocol"": """", ""strong_authentication_enabled"": true, ""mfa_enabled"": true, ""access_control_policy_applied"": true, ""configuration_status"": """", ""last_verified_time"": """", ""created_time"": """", ""last_updated_time"": """", ""owner"": """"}",311fd3a8-255b-4bc8-b6a0-0fe625d81341
d2fdc384-6a60-42c6-b4df-2b33ac74a8b2,SECURITY_VULN_MGMT,EV-464,Remote Access Authentication Logs — Security,Supporting,security_catalog,,,,False,2026-03-26 16:40:51,2026-03-27 05:49:22,,"{""log_id"": """", ""user_id"": """", ""system_id"": """", ""authentication_time"": """", ""authentication_method"": """", ""authentication_status"": """", ""mfa_used"": true, ""source_ip"": """", ""device_identifier"": """", ""session_id"": """", ""log_source"": """", ""created_time"": """", ""last_updated_time"": """"}",cd545de5-0565-447b-89ef-f137d2267a70
ce7c54df-58e6-4b94-b7bc-5a88805074ca,POLICY,EV-465,Information Security Program Documentation — Compliance,Supporting,policy_catalog,,,,False,2026-03-26 16:40:51,2026-03-27 05:49:22,,"{""document_id"": """", ""document_name"": """", ""document_version"": """", ""document_status"": """", ""program_objectives_defined"": true, ""program_structure_defined"": true, ""security_control_framework_defined"": true, ""roles_and_responsibilities_defined"": true, ""risk_management_integration_defined"": true, ""continuous_improvement_process_defined"": true, ""approved_by"": """", ""owner"": """", ""effective_date"": """", ""review_date"": """", ""created_time"": """", ""last_updated_time"": """"}",70b4419c-8544-47be-9f13-bc21356bd897
149902d6-8910-4624-ab41-796c3e1005eb,POLICY,EV-466,System Impact Assessment Procedure — Compliance,Required,policy_catalog,,,,True,2026-03-26 16:40:51,2026-03-27 05:49:22,,"{""procedure_id"": """", ""procedure_name"": """", ""procedure_version"": """", ""procedure_status"": """", ""impact_assessment_steps_defined"": true, ""pre_deployment_assessment_required"": true, ""security_review_process_defined"": true, ""utility_program_review_defined"": true, ""risk_evaluation_method_defined"": true, ""approval_process_defined"": true, ""roles_and_responsibilities_defined"": true, ""approved_by"": """", ""owner"": """", ""effective_date"": """", ""review_date"": """", ""created_time"": """", ""last_updated_time"": """"}",70b4419c-8544-47be-9f13-bc21356bd897
d2207ecd-2ec3-4557-8d0c-57af9a394241,POLICY,EV-467,System Impact Assessment Reports — Compliance,Supporting,policy_catalog,,,,False,2026-03-26 16:40:51,2026-03-27 05:49:22,,"{""report_id"": """", ""system_id"": """", ""system_name"": """", ""assessment_date"": """", ""assessed_by"": """", ""security_impact_evaluated"": true, ""utility_programs_reviewed"": true, ""identified_risks"": """", ""risk_level"": """", ""recommendations"": """", ""approval_status"": """", ""approved_by"": """", ""created_time"": """", ""last_updated_time"": """"}",70b4419c-8544-47be-9f13-bc21356bd897
5a66b185-ab78-4bdf-a9f6-f7d3d58f9a5a,POLICY,EV-468,File Integrity Monitoring Procedure — Compliance,Required,policy_catalog,,,,True,2026-03-26 16:40:51,2026-03-27 05:49:22,,"{""procedure_id"": """", ""procedure_name"": """", ""procedure_version"": """", ""procedure_status"": """", ""fim_tool_configuration_defined"": true, ""monitored_files_scope_defined"": true, ""baseline_creation_process_defined"": true, ""change_detection_process_defined"": true, ""alert_handling_process_defined"": true, ""maintenance_and_review_defined"": true, ""roles_and_responsibilities_defined"": true, ""approved_by"": """", ""owner"": """", ""effective_date"": """", ""review_date"": """", ""created_time"": """", ""last_updated_time"": """"}",70b4419c-8544-47be-9f13-bc21356bd897
1e888758-59bf-4a21-ab30-511765824364,SECURITY_VULN_MGMT,EV-469,File Integrity Monitoring Configuration Records — Security,Supporting,security_catalog,,,,False,2026-03-26 16:40:51,2026-03-27 05:49:22,,"{""configuration_id"": """", ""system_id"": """", ""system_name"": """", ""fim_enabled"": true, ""monitored_files_defined"": true, ""baseline_established"": true, ""change_detection_enabled"": true, ""alerting_enabled"": true, ""configuration_status"": """", ""last_verified_time"": """", ""created_time"": """", ""last_updated_time"": """", ""owner"": """"}",cd545de5-0565-447b-89ef-f137d2267a70
2436f49f-d8b1-44d7-9e6b-9fa8a2c2ac4a,DEVOPS_DEVTOOLS,EV-47,Cloud Infrastructure Configuration Records — DevOps,Supporting,devtools_catalog,,,,False,2026-03-26 16:40:46,2026-03-27 05:49:22,,"{""configuration_id"": """", ""resource_id"": """", ""resource_name"": """", ""resource_type"": """", ""cloud_provider"": """", ""account_id"": """", ""region"": """", ""environment"": """", ""approved_provider"": true, ""provisioned_in_cloud"": true, ""configuration_status"": """", ""last_verified_time"": """", ""created_time"": """", ""last_updated_time"": """", ""owner"": """"}",6874f3ab-44fc-4b3e-a95e-bd01e03bf933
95f195cc-c605-408d-a4cb-78765c55bf9c,SECURITY_VULN_MGMT,EV-470,File Integrity Monitoring Alerts — Security,Supporting,security_catalog,,,,False,2026-03-26 16:40:51,2026-03-27 05:49:22,,"{""alert_id"": """", ""system_id"": """", ""file_path"": """", ""change_type"": """", ""change_detected_time"": """", ""alert_severity"": """", ""unauthorized_change_detected"": true, ""alert_status"": """", ""response_action"": """", ""resolved_time"": """", ""created_time"": """", ""last_updated_time"": """"}",cd545de5-0565-447b-89ef-f137d2267a70
5f956c6b-3885-4b93-b8d0-e3ce11a6da89,POLICY,EV-471,Threat Intelligence Procedure — Compliance,Required,policy_catalog,,,,True,2026-03-26 16:40:51,2026-03-27 05:49:22,,"{""procedure_id"": """", ""procedure_name"": """", ""procedure_version"": """", ""procedure_status"": """", ""threat_intelligence_collection_defined"": true, ""threat_analysis_process_defined"": true, ""alerting_process_defined"": true, ""response_and_resolution_process_defined"": true, ""threat_sources_defined"": true, ""roles_and_responsibilities_defined"": true, ""approved_by"": """", ""owner"": """", ""effective_date"": """", ""review_date"": """", ""created_time"": """", ""last_updated_time"": """"}",70b4419c-8544-47be-9f13-bc21356bd897
dc041566-caf9-420e-8059-e3e6cb66bed9,MANUAL_EVIDENCE,EV-472,Threat Intelligence Analysis Reports — Compliance,Supporting,manual_evidence_catalog,,,,False,2026-03-26 16:40:51,2026-03-27 05:49:22,,"{""report_id"": """", ""analysis_date"": """", ""analyst"": """", ""threat_source"": """", ""threat_description"": """", ""threat_type"": """", ""indicators_of_compromise"": """", ""risk_level"": """", ""affected_systems"": """", ""recommendations"": """", ""analysis_outcome"": """", ""created_time"": """", ""last_updated_time"": """"}",70b4419c-8544-47be-9f13-bc21356bd897
5bbd6e4a-a7ff-4ef8-9a48-be829f16bb2b,ITSM_GRC,EV-473,Security Incident Tickets — ITSM,Supporting,itsm_catalog,,,,False,2026-03-26 16:40:51,2026-03-27 05:49:22,,"{""ticket_id"": """", ""incident_id"": """", ""threat_reference"": """", ""incident_description"": """", ""detected_time"": """", ""severity"": """", ""status"": """", ""assigned_to"": """", ""investigation_actions"": """", ""resolution_actions"": """", ""resolution_status"": """", ""resolved_time"": """", ""created_time"": """", ""last_updated_time"": """"}",cd4015e2-8a3f-4f54-a3ee-9dfddb048f84
a6b6f0de-fc59-417a-af16-ffc92c066684,POLICY,EV-474,Clear Desk Policy — Compliance,Required,policy_catalog,,,,True,2026-03-26 16:40:51,2026-03-27 05:49:22,,"{""policy_id"": """", ""policy_name"": """", ""policy_version"": """", ""policy_status"": """", ""clear_desk_requirements_defined"": true, ""confidential_data_protection_requirements_defined"": true, ""workspace_cleanliness_standards_defined"": true, ""data_exposure_prevention_defined"": true, ""employee_compliance_required"": true, ""approved_by"": """", ""owner"": """", ""effective_date"": """", ""review_date"": """", ""created_time"": """", ""last_updated_time"": """"}",70b4419c-8544-47be-9f13-bc21356bd897
400eb94c-6087-4544-b3f4-1734111ccaec,POLICY,EV-475,Physical Security Procedure — Compliance,Supporting,policy_catalog,,,,False,2026-03-26 16:40:51,2026-03-27 05:49:22,,"{""procedure_id"": """", ""procedure_name"": """", ""procedure_version"": """", ""procedure_status"": """", ""workspace_security_practices_defined"": true, ""unauthorized_access_prevention_defined"": true, ""confidential_information_handling_defined"": true, ""inspection_and_enforcement_defined"": true, ""roles_and_responsibilities_defined"": true, ""approved_by"": """", ""owner"": """", ""effective_date"": """", ""review_date"": """", ""created_time"": """", ""last_updated_time"": """"}",70b4419c-8544-47be-9f13-bc21356bd897
a3c84989-020a-4857-9aa1-d9fe20d67db6,IAM_COMPLIANCE,EV-476,Account Lockout Configuration Records — IAM,Supporting,iam_catalog,,,,False,2026-03-26 16:40:51,2026-03-27 05:49:22,,"{""configuration_id"": """", ""system_id"": """", ""system_name"": """", ""account_lockout_enabled"": true, ""failed_login_attempt_threshold"": 0, ""lockout_duration_minutes"": 0, ""lockout_reset_time_minutes"": 0, ""configuration_status"": """", ""policy_compliant"": true, ""last_verified_time"": """", ""created_time"": """", ""last_updated_time"": """", ""owner"": """"}",311fd3a8-255b-4bc8-b6a0-0fe625d81341
2cf84379-0500-4d1b-838f-4e97b51d786d,SECURITY_VULN_MGMT,EV-477,Authentication Failure Logs — Security,Supporting,security_catalog,,,,False,2026-03-26 16:40:51,2026-03-27 05:49:22,,"{""log_id"": """", ""user_id"": """", ""system_id"": """", ""failed_attempt_count"": 0, ""failure_event_time"": """", ""account_lockout_triggered"": true, ""source_ip"": """", ""device_identifier"": """", ""log_source"": """", ""created_time"": """", ""last_updated_time"": """"}",cd545de5-0565-447b-89ef-f137d2267a70
e4370fee-2e1f-4af8-ade6-983b45693344,POLICY,EV-478,Backup Monitoring Procedure — Compliance,Required,policy_catalog,,,,True,2026-03-26 16:40:51,2026-03-27 05:49:22,,"{""procedure_id"": """", ""procedure_name"": """", ""procedure_version"": """", ""procedure_status"": """", ""backup_monitoring_process_defined"": true, ""failure_detection_mechanism_defined"": true, ""alert_generation_process_defined"": true, ""alert_notification_channels_defined"": true, ""incident_response_steps_defined"": true, ""roles_and_responsibilities_defined"": true, ""approved_by"": """", ""owner"": """", ""effective_date"": """", ""review_date"": """", ""created_time"": """", ""last_updated_time"": """"}",70b4419c-8544-47be-9f13-bc21356bd897
e30ba3fe-f43f-4e21-92f8-b1b33e0c60b2,SECURITY_VULN_MGMT,EV-479,Backup Monitoring Configuration Records — Security,Supporting,security_catalog,,,,False,2026-03-26 16:40:51,2026-03-27 05:49:22,,"{""configuration_id"": """", ""system_id"": """", ""system_name"": """", ""backup_job_monitoring_enabled"": true, ""failure_alerting_enabled"": true, ""alert_threshold_defined"": true, ""notification_channels_configured"": true, ""configuration_status"": """", ""last_verified_time"": """", ""created_time"": """", ""last_updated_time"": """", ""owner"": """"}",cd545de5-0565-447b-89ef-f137d2267a70
c0658575-ac11-411d-bb4b-b98384ffe43c,POLICY,EV-48,Logging and Monitoring Policy — Compliance,Supporting,policy_catalog,,,,False,2026-03-26 16:40:46,2026-03-27 05:49:22,,"{""policy_id"": """", ""policy_name"": """", ""policy_version"": """", ""policy_status"": """", ""logging_requirements_defined"": true, ""monitoring_requirements_defined"": true, ""event_review_requirements_defined"": true, ""alerting_requirements_defined"": true, ""approved_by"": """", ""owner"": """", ""effective_date"": """", ""review_date"": """", ""created_time"": """", ""last_updated_time"": """"}",70b4419c-8544-47be-9f13-bc21356bd897
afecd7f8-e2e9-4b3b-84fb-82583620af44,SECURITY_VULN_MGMT,EV-480,Backup Failure Alert Logs — Security,Supporting,security_catalog,,,,False,2026-03-26 16:40:51,2026-03-27 05:49:22,,"{""log_id"": """", ""backup_job_id"": """", ""system_id"": """", ""failure_event_time"": """", ""alert_generated"": true, ""alert_severity"": """", ""notification_sent"": true, ""job_status"": """", ""log_source"": """", ""created_time"": """", ""last_updated_time"": """"}",cd545de5-0565-447b-89ef-f137d2267a70
2be16608-81f4-4458-887f-004324d4755f,POLICY,EV-481,Bring Your Own Device Policy — Compliance,Required,policy_catalog,,,,True,2026-03-26 16:40:51,2026-03-27 05:49:22,,"{""policy_id"": """", ""policy_name"": """", ""policy_version"": """", ""policy_status"": """", ""byod_usage_rules_defined"": true, ""acceptable_use_requirements_defined"": true, ""security_requirements_for_personal_devices_defined"": true, ""data_protection_requirements_defined"": true, ""device_compliance_requirements_defined"": true, ""approved_by"": """", ""owner"": """", ""effective_date"": """", ""review_date"": """", ""created_time"": """", ""last_updated_time"": """"}",70b4419c-8544-47be-9f13-bc21356bd897
114b8238-8b30-4200-a82d-c02de34a3fee,POLICY,EV-482,Malware Protection Procedure — Compliance,Required,policy_catalog,,,,True,2026-03-26 16:40:51,2026-03-27 05:49:22,,"{""procedure_id"": """", ""procedure_name"": """", ""procedure_version"": """", ""procedure_status"": """", ""anti_malware_deployment_defined"": true, ""configuration_steps_defined"": true, ""update_and_signature_management_defined"": true, ""scanning_schedule_defined"": true, ""remediation_process_defined"": true, ""roles_and_responsibilities_defined"": true, ""approved_by"": """", ""owner"": """", ""effective_date"": """", ""review_date"": """", ""created_time"": """", ""last_updated_time"": """"}",70b4419c-8544-47be-9f13-bc21356bd897
08d5fa2a-83e4-43c6-a04e-c66a328d6bbd,SECURITY_VULN_MGMT,EV-483,Anti-Malware Configuration Records — Security,Supporting,security_catalog,,,,False,2026-03-26 16:40:51,2026-03-27 05:49:22,,"{""configuration_id"": """", ""system_id"": """", ""system_name"": """", ""anti_malware_enabled"": true, ""real_time_protection_enabled"": true, ""signature_version"": """", ""last_update_time"": """", ""scan_schedule_defined"": true, ""configuration_status"": """", ""last_verified_time"": """", ""created_time"": """", ""last_updated_time"": """", ""owner"": """"}",cd545de5-0565-447b-89ef-f137d2267a70
f851eb7b-7460-4c90-9c17-c1f95d63ee3a,SECURITY_VULN_MGMT,EV-484,Malware Detection Logs — Security,Supporting,security_catalog,,,,False,2026-03-26 16:40:51,2026-03-27 05:49:22,,"{""log_id"": """", ""system_id"": """", ""system_name"": """", ""malware_detected"": true, ""detection_time"": """", ""malware_type"": """", ""severity"": """", ""remediation_action"": """", ""remediation_status"": """", ""resolved_time"": """", ""log_source"": """", ""created_time"": """", ""last_updated_time"": """"}",cd545de5-0565-447b-89ef-f137d2267a70
3fdd84c5-1f7a-42eb-99f3-6ef4a9677f92,POLICY,EV-485,Physical Access Control Procedure — Compliance,Required,policy_catalog,,,,True,2026-03-26 16:40:51,2026-03-27 05:49:22,,"{""procedure_id"": """", ""procedure_name"": """", ""procedure_version"": """", ""procedure_status"": """", ""admin_access_granting_process_defined"": true, ""authorization_and_approval_process_defined"": true, ""access_review_and_revocation_process_defined"": true, ""role_based_access_control_defined"": true, ""access_logging_and_monitoring_defined"": true, ""roles_and_responsibilities_defined"": true, ""approved_by"": """", ""owner"": """", ""effective_date"": """", ""review_date"": """", ""created_time"": """", ""last_updated_time"": """"}",70b4419c-8544-47be-9f13-bc21356bd897
58c3cbb2-2bf2-4228-b57e-a671d2db1c26,CLOUD_INFRA,EV-486,Badge Access System Administrator Register — Cloud,Supporting,cloud_catalog,,,,False,2026-03-26 16:40:51,2026-03-27 05:49:22,,"{""register_id"": """", ""user_id"": """", ""user_name"": """", ""role"": """", ""authorization_status"": """", ""access_scope"": """", ""assigned_date"": """", ""last_reviewed_time"": """", ""account_status"": """", ""created_time"": """", ""last_updated_time"": """"}",1721b991-e491-4953-b2bb-ca35d815024f
9b946aea-5aad-4540-b015-dfb8bbbc37e3,PHYSICAL_SECURITY,EV-487,Badge Access System Access Logs — Physical,Supporting,physical_security_catalog,,,,False,2026-03-26 16:40:51,2026-03-27 05:49:22,,"{""log_id"": """", ""user_id"": """", ""system_id"": """", ""access_time"": """", ""action_performed"": """", ""access_type"": """", ""authentication_method"": """", ""access_status"": """", ""log_source"": """", ""created_time"": """", ""last_updated_time"": """"}",2e615251-860d-4f37-9c1e-7334b67fdff4
cb10e4d7-d27c-448d-b85f-6ac54e7adbe5,SECURITY_VULN_MGMT,EV-488,Data Deletion / Disposal Execution Logs — Security,Supporting,security_catalog,,,,False,2026-03-26 16:40:51,2026-03-27 05:49:22,,"{""log_id"": """", ""system_id"": """", ""data_type"": """", ""deletion_method"": """", ""deletion_event_time"": """", ""retention_policy_applied"": true, ""deletion_status"": """", ""executed_by"": """", ""verification_status"": """", ""log_source"": """", ""created_time"": """", ""last_updated_time"": """"}",cd545de5-0565-447b-89ef-f137d2267a70
35e54be3-75e7-4ec1-9e0a-ac5724c05278,ITSM_GRC,EV-489,Data Disposal Request Tickets — ITSM,Supporting,itsm_catalog,,,,False,2026-03-26 16:40:51,2026-03-27 05:49:22,,"{""ticket_id"": """", ""requester"": """", ""data_type"": """", ""system_id"": """", ""disposal_reason"": """", ""approval_status"": """", ""approved_by"": """", ""request_date"": """", ""execution_status"": """", ""execution_date"": """", ""created_time"": """", ""last_updated_time"": """"}",cd4015e2-8a3f-4f54-a3ee-9dfddb048f84
503ef29a-6515-4866-ba27-cc9de0a6202b,SECURITY_VULN_MGMT,EV-49,Security Event Logs — Security,Required,security_catalog,,,,True,2026-03-26 16:40:46,2026-03-27 05:49:22,,"{""log_id"": """", ""event_id"": """", ""event_type"": """", ""event_source"": """", ""system_id"": """", ""user_id"": """", ""activity"": """", ""timestamp"": """", ""severity"": """", ""alert_triggered"": true, ""source_ip"": """", ""outcome"": """", ""created_time"": """"}",cd545de5-0565-447b-89ef-f137d2267a70
43be1682-5a46-4385-9d56-094d08bce2f2,SECURITY_VULN_MGMT,EV-490,Mobile Device Management Configuration Records — Security,Supporting,security_catalog,,,,False,2026-03-26 16:40:51,2026-03-27 05:49:22,,"{""configuration_id"": """", ""device_id"": """", ""device_name"": """", ""mdm_enrolled"": true, ""encryption_enabled"": true, ""device_compliance_status"": """", ""security_policies_applied"": true, ""last_check_in_time"": """", ""configuration_status"": """", ""created_time"": """", ""last_updated_time"": """", ""owner"": """"}",cd545de5-0565-447b-89ef-f137d2267a70
44ec9ff2-e71c-4297-b2a1-5a16075d01b6,CLOUD_INFRA,EV-491,Mobile Device Inventory Register — Cloud,Supporting,cloud_catalog,,,,False,2026-03-26 16:40:51,2026-03-27 05:49:22,,"{""inventory_id"": """", ""device_id"": """", ""device_name"": """", ""user_id"": """", ""device_type"": """", ""enrollment_status"": """", ""enrollment_date"": """", ""device_owner"": """", ""last_reviewed_time"": """", ""created_time"": """", ""last_updated_time"": """"}",1721b991-e491-4953-b2bb-ca35d815024f
6ce38f83-f9c3-483d-b08e-d09ca9b8e028,POLICY,EV-492,Corrective Action Procedure — Compliance,Required,policy_catalog,,,,True,2026-03-26 16:40:51,2026-03-27 05:49:22,,"{""procedure_id"": """", ""procedure_name"": """", ""procedure_version"": """", ""procedure_status"": """", ""corrective_action_identification_defined"": true, ""documentation_requirements_defined"": true, ""tracking_process_defined"": true, ""resolution_and_closure_process_defined"": true, ""roles_and_responsibilities_defined"": true, ""approved_by"": """", ""owner"": """", ""effective_date"": """", ""review_date"": """", ""created_time"": """", ""last_updated_time"": """"}",70b4419c-8544-47be-9f13-bc21356bd897
1d111443-6376-4f0b-aaa7-a25b93344c7d,POLICY,EV-493,Corrective Action Register — Compliance,Supporting,policy_catalog,,,,False,2026-03-26 16:40:51,2026-03-27 05:49:22,,"{""register_id"": """", ""issue_id"": """", ""issue_description"": """", ""corrective_action_defined"": """", ""root_cause"": """", ""assigned_owner"": """", ""priority"": """", ""status"": """", ""due_date"": """", ""resolution_status"": """", ""closed_date"": """", ""last_reviewed_time"": """", ""created_time"": """", ""last_updated_time"": """"}",70b4419c-8544-47be-9f13-bc21356bd897
59d0143f-4c02-43b3-b479-818873366ee9,MANUAL_EVIDENCE,EV-494,ISMS Scope Review Records — Compliance,Supporting,manual_evidence_catalog,,,,False,2026-03-26 16:40:51,2026-03-27 05:49:22,,"{""review_id"": """", ""document_id"": """", ""review_date"": """", ""reviewed_by"": """", ""scope_validated"": true, ""changes_identified"": true, ""updates_applied"": true, ""review_outcome"": """", ""next_review_due_date"": """", ""created_time"": """", ""last_updated_time"": """"}",70b4419c-8544-47be-9f13-bc21356bd897
c9a5a44d-59d9-47ff-9de4-65c33385fa52,POLICY,EV-495,Surveillance Monitoring Procedure — Compliance,Required,policy_catalog,,,,True,2026-03-26 16:40:51,2026-03-27 05:49:22,,"{""procedure_id"": """", ""procedure_name"": """", ""procedure_version"": """", ""procedure_status"": """", ""camera_operation_process_defined"": true, ""monitoring_process_defined"": true, ""recording_process_defined"": true, ""retention_policy_defined"": true, ""access_control_to_recordings_defined"": true, ""maintenance_and_review_defined"": true, ""roles_and_responsibilities_defined"": true, ""approved_by"": """", ""owner"": """", ""effective_date"": """", ""review_date"": """", ""created_time"": """", ""last_updated_time"": """"}",70b4419c-8544-47be-9f13-bc21356bd897
448cdda3-0bba-49b5-8a31-c4b4113007c4,CLOUD_INFRA,EV-496,Surveillance Camera System Inventory — Cloud,Supporting,cloud_catalog,,,,False,2026-03-26 16:40:51,2026-03-27 05:49:22,,"{""inventory_id"": """", ""camera_id"": """", ""location"": """", ""camera_type"": """", ""recording_enabled"": true, ""storage_system"": """", ""status"": """", ""installation_date"": """", ""last_maintenance_date"": """", ""created_time"": """", ""last_updated_time"": """"}",1721b991-e491-4953-b2bb-ca35d815024f
cff2c841-08ab-4e1b-9bf2-c9a304f56e98,PHYSICAL_SECURITY,EV-497,Surveillance Recording Logs — Physical,Supporting,physical_security_catalog,,,,False,2026-03-26 16:40:51,2026-03-27 05:49:22,,"{""log_id"": """", ""camera_id"": """", ""recording_start_time"": """", ""recording_end_time"": """", ""recording_status"": """", ""retention_period_applied"": true, ""storage_location"": """", ""log_source"": """", ""created_time"": """", ""last_updated_time"": """"}",2e615251-860d-4f37-9c1e-7334b67fdff4
5a3b20a7-747a-48f7-acc7-16c5f91cad6f,POLICY,EV-498,ISMS Context Document — Compliance,Required,policy_catalog,,,,True,2026-03-26 16:40:51,2026-03-27 05:49:22,,"{""document_id"": """", ""document_name"": """", ""document_version"": """", ""document_status"": """", ""internal_issues_identified"": """", ""external_issues_identified"": """", ""issues_impact_analysis"": """", ""isms_scope_alignment_defined"": true, ""applicability_defined"": true, ""approved_by"": """", ""owner"": """", ""effective_date"": """", ""review_date"": """", ""created_time"": """", ""last_updated_time"": """"}",70b4419c-8544-47be-9f13-bc21356bd897
e3126ffb-8260-4b67-9e77-66ae651dc924,MANUAL_EVIDENCE,EV-499,ISMS Context Review Records — Compliance,Supporting,manual_evidence_catalog,,,,False,2026-03-26 16:40:51,2026-03-27 05:49:22,,"{""review_id"": """", ""document_id"": """", ""review_date"": """", ""reviewed_by"": """", ""internal_issues_updated"": true, ""external_issues_updated"": true, ""changes_identified"": true, ""review_outcome"": """", ""next_review_due_date"": """", ""created_time"": """", ""last_updated_time"": """"}",70b4419c-8544-47be-9f13-bc21356bd897
c13552fa-decc-4faa-9d43-a15748a8b946,ITSM_GRC,EV-5,Backup Failure Incident Tickets — ITSM,Supporting,itsm_catalog,,,,False,2026-03-26 16:40:46,2026-03-27 05:49:22,,"{""ticket_id"": """", ""system_id"": """", ""system_name"": """", ""incident_type"": """", ""failure_detected_time"": """", ""reported_time"": """", ""resolution_time"": """", ""status"": """", ""root_cause"": """", ""resolution_details"": """", ""resolved"": true, ""assigned_to"": """", ""created_time"": """", ""last_updated_time"": """"}",cd4015e2-8a3f-4f54-a3ee-9dfddb048f84
50264e85-4518-4e71-8015-913ae25c22cb,SECURITY_VULN_MGMT,EV-50,Security Event Review Reports — Security,Supporting,security_catalog,,,,False,2026-03-26 16:40:46,2026-03-27 05:49:22,,"{""report_id"": """", ""report_name"": """", ""review_period_start"": """", ""review_period_end"": """", ""events_reviewed_count"": 0, ""high_risk_events_identified"": 0, ""anomalies_detected"": true, ""review_summary"": """", ""reviewed_by"": """", ""review_date"": """", ""report_status"": """", ""created_time"": """", ""last_updated_time"": """"}",cd545de5-0565-447b-89ef-f137d2267a70
c47ddaf9-423a-4f50-aa71-4ebbc7bf4e67,POLICY,EV-500,Continual Improvement Procedure — Compliance,Required,policy_catalog,,,,True,2026-03-26 16:40:51,2026-03-27 05:49:22,,"{""procedure_id"": """", ""procedure_name"": """", ""procedure_version"": """", ""procedure_status"": """", ""improvement_identification_process_defined"": true, ""tracking_and_monitoring_defined"": true, ""implementation_process_defined"": true, ""effectiveness_validation_defined"": true, ""roles_and_responsibilities_defined"": true, ""approved_by"": """", ""owner"": """", ""effective_date"": """", ""review_date"": """", ""created_time"": """", ""last_updated_time"": """"}",70b4419c-8544-47be-9f13-bc21356bd897
de62c2f1-4be8-48e6-b788-5357d99fe41d,POLICY,EV-501,Secure System Configuration Procedure — Compliance,Required,policy_catalog,,,,True,2026-03-26 16:40:51,2026-03-27 05:49:22,,"{""procedure_id"": """", ""procedure_name"": """", ""procedure_version"": """", ""procedure_status"": """", ""baseline_configuration_defined"": true, ""system_hardening_steps_defined"": true, ""configuration_management_process_defined"": true, ""roles_and_responsibilities_defined"": true, ""compliance_verification_process_defined"": true, ""approved_by"": """", ""owner"": """", ""effective_date"": """", ""review_date"": """", ""created_time"": """", ""last_updated_time"": """"}",70b4419c-8544-47be-9f13-bc21356bd897
133c26ab-13ab-4850-af83-6cfc2cf52daa,POLICY,EV-502,System Hardening Standards — Compliance,Supporting,policy_catalog,,,,False,2026-03-26 16:40:51,2026-03-27 05:49:22,,"{""document_id"": """", ""document_name"": """", ""document_version"": """", ""document_status"": """", ""security_configuration_standards_defined"": true, ""hardening_guidelines_defined"": true, ""applicable_systems_scope"": """", ""compliance_requirements_defined"": true, ""approved_by"": """", ""owner"": """", ""effective_date"": """", ""review_date"": """", ""created_time"": """", ""last_updated_time"": """"}",70b4419c-8544-47be-9f13-bc21356bd897
f7a8dba3-f51c-48a0-b640-6c166e8bee38,SECURITY_VULN_MGMT,EV-503,System Configuration Compliance Reports — Security,Supporting,security_catalog,,,,False,2026-03-26 16:40:51,2026-03-27 05:49:22,,"{""report_id"": """", ""system_id"": """", ""system_name"": """", ""scan_date"": """", ""baseline_compliance_status"": """", ""non_compliant_controls_count"": 0, ""compliance_score"": """", ""findings"": """", ""remediation_required"": true, ""report_status"": """", ""created_time"": """", ""last_updated_time"": """"}",cd545de5-0565-447b-89ef-f137d2267a70
63618f7f-3114-486b-bf96-5aef5bf758bb,POLICY,EV-504,Network Segmentation Procedure — Compliance,Required,policy_catalog,,,,True,2026-03-26 16:40:51,2026-03-27 05:49:22,,"{""procedure_id"": """", ""procedure_name"": """", ""procedure_version"": """", ""procedure_status"": """", ""network_zone_definition_defined"": true, ""dmz_configuration_steps_defined"": true, ""segmentation_implementation_process_defined"": true, ""firewall_rule_management_defined"": true, ""segmentation_validation_process_defined"": true, ""roles_and_responsibilities_defined"": true, ""approved_by"": """", ""owner"": """", ""effective_date"": """", ""review_date"": """", ""created_time"": """", ""last_updated_time"": """"}",70b4419c-8544-47be-9f13-bc21356bd897
c82d5acb-70f0-4cbb-bb00-fa819aae30c8,POLICY,EV-505,Business Continuity Policy — Compliance,Required,policy_catalog,,,,True,2026-03-26 16:40:51,2026-03-27 05:49:22,,"{""policy_id"": """", ""policy_name"": """", ""policy_version"": """", ""policy_status"": """", ""ict_recovery_requirements_defined"": true, ""recovery_objectives_defined"": true, ""service_resumption_goals_defined"": true, ""testing_requirements_defined"": true, ""approved_by"": """", ""owner"": """", ""effective_date"": """", ""review_date"": """", ""created_time"": """", ""last_updated_time"": """"}",70b4419c-8544-47be-9f13-bc21356bd897
dd7d5a81-c2fa-4884-a933-32fa7f53ff70,POLICY,EV-506,ICT Recovery Plan — Compliance,Required,policy_catalog,,,,True,2026-03-26 16:40:51,2026-03-27 05:49:22,,"{""plan_id"": """", ""plan_name"": """", ""plan_version"": """", ""plan_status"": """", ""recovery_objectives_defined"": true, ""recovery_time_objective"": """", ""recovery_point_objective"": """", ""critical_systems_identified"": true, ""recovery_procedures_defined"": true, ""roles_and_responsibilities_defined"": true, ""approved_by"": """", ""owner"": """", ""effective_date"": """", ""review_date"": """", ""created_time"": """", ""last_updated_time"": """"}",70b4419c-8544-47be-9f13-bc21356bd897
aa6308a1-ce8d-44c4-8740-a70d0fca6b3d,ITSM_GRC,EV-507,Disaster Recovery Test Tickets — ITSM,Supporting,itsm_catalog,,,,False,2026-03-26 16:40:51,2026-03-27 05:49:22,,"{""ticket_id"": """", ""test_id"": """", ""test_description"": """", ""scheduled_date"": """", ""execution_status"": """", ""assigned_to"": """", ""test_outcome"": """", ""issues_logged"": """", ""closure_status"": """", ""closed_time"": """", ""created_time"": """", ""last_updated_time"": """"}",cd4015e2-8a3f-4f54-a3ee-9dfddb048f84
2ec383bf-0d0a-4993-a833-4c985c5f5271,POLICY,EV-508,Information Security Objectives Document — Compliance,Required,policy_catalog,,,,True,2026-03-26 16:40:51,2026-03-27 05:49:22,,"{""document_id"": """", ""document_name"": """", ""document_version"": """", ""document_status"": """", ""objectives_defined"": true, ""objectives_description"": """", ""measurable_targets_defined"": true, ""key_performance_indicators_defined"": true, ""applicability_scope"": """", ""approved_by"": """", ""owner"": """", ""effective_date"": """", ""review_date"": """", ""created_time"": """", ""last_updated_time"": """"}",70b4419c-8544-47be-9f13-bc21356bd897
c9357258-a163-4203-8ddf-0fbc9b0232ad,MANUAL_EVIDENCE,EV-509,Information Security Objectives Review Records — Compliance,Supporting,manual_evidence_catalog,,,,False,2026-03-26 16:40:51,2026-03-27 05:49:22,,"{""review_id"": """", ""document_id"": """", ""review_date"": """", ""reviewed_by"": """", ""objectives_evaluated"": true, ""performance_against_targets"": """", ""changes_identified"": true, ""updates_applied"": true, ""review_outcome"": """", ""next_review_due_date"": """", ""created_time"": """", ""last_updated_time"": """"}",70b4419c-8544-47be-9f13-bc21356bd897
1561f47a-e404-4ba0-8d4f-7bbb714a6247,ITSM_GRC,EV-51,Security Alert Investigation Tickets — ITSM,Supporting,itsm_catalog,,,,False,2026-03-26 16:40:46,2026-03-27 05:49:22,,"{""ticket_id"": """", ""alert_id"": """", ""event_id"": """", ""severity"": """", ""alert_type"": """", ""investigation_status"": """", ""assigned_to"": """", ""investigation_details"": """", ""triage_decision"": """", ""escalated"": true, ""created_time"": """", ""last_updated_time"": """"}",cd4015e2-8a3f-4f54-a3ee-9dfddb048f84
a5376642-048d-4f31-94b2-3405d07150db,POLICY,EV-510,Threat Detection Procedure — Compliance,Required,policy_catalog,,,,True,2026-03-26 16:40:51,2026-03-27 05:49:22,,"{""procedure_id"": """", ""procedure_name"": """", ""procedure_version"": """", ""procedure_status"": """", ""detection_tools_deployment_defined"": true, ""monitoring_process_defined"": true, ""threat_detection_rules_defined"": true, ""alerting_process_defined"": true, ""maintenance_and_tuning_defined"": true, ""roles_and_responsibilities_defined"": true, ""approved_by"": """", ""owner"": """", ""effective_date"": """", ""review_date"": """", ""created_time"": """", ""last_updated_time"": """"}",70b4419c-8544-47be-9f13-bc21356bd897
faa835d5-9b16-4b03-a080-94df998e1310,DEVOPS_DEVTOOLS,EV-511,Security Monitoring Configuration Records — DevOps,Supporting,devtools_catalog,,,,False,2026-03-26 16:40:51,2026-03-27 05:49:22,,"{""configuration_id"": """", ""system_id"": """", ""system_name"": """", ""monitoring_enabled"": true, ""threat_detection_enabled"": true, ""detection_rules_configured"": true, ""alerting_enabled"": true, ""configuration_status"": """", ""last_verified_time"": """", ""created_time"": """", ""last_updated_time"": """", ""owner"": """"}",6874f3ab-44fc-4b3e-a95e-bd01e03bf933
3c828e31-fcdb-4658-b513-8e615c226257,SECURITY_VULN_MGMT,EV-512,Security Threat Detection Alerts — Security,Supporting,security_catalog,,,,False,2026-03-26 16:40:51,2026-03-27 05:49:22,,"{""alert_id"": """", ""system_id"": """", ""threat_type"": """", ""detection_time"": """", ""severity"": """", ""alert_status"": """", ""response_action"": """", ""false_positive_flag"": true, ""resolved_time"": """", ""log_source"": """", ""created_time"": """", ""last_updated_time"": """"}",cd545de5-0565-447b-89ef-f137d2267a70
04f0858a-735b-48cb-85c5-84a34cf9f7c8,POLICY,EV-513,Infrastructure Capacity Planning Policy — Compliance,Supporting,policy_catalog,,,,False,2026-03-26 16:40:51,2026-03-27 05:49:22,,"{""policy_id"": """", ""policy_name"": """", ""policy_version"": """", ""policy_status"": """", ""capacity_planning_requirements_defined"": true, ""workload_forecasting_requirements_defined"": true, ""resource_capacity_management_defined"": true, ""performance_monitoring_requirements_defined"": true, ""approved_by"": """", ""owner"": """", ""effective_date"": """", ""review_date"": """", ""created_time"": """", ""last_updated_time"": """"}",70b4419c-8544-47be-9f13-bc21356bd897
d4d05ae4-8552-491d-ad1b-107e626f3b69,POLICY,EV-514,Capacity Planning Procedure — Compliance,Required,policy_catalog,,,,True,2026-03-26 16:40:51,2026-03-27 05:49:22,,"{""procedure_id"": """", ""procedure_name"": """", ""procedure_version"": """", ""procedure_status"": """", ""capacity_assessment_process_defined"": true, ""workload_forecasting_method_defined"": true, ""utilization_analysis_process_defined"": true, ""scaling_strategy_defined"": true, ""review_and_update_frequency_defined"": true, ""roles_and_responsibilities_defined"": true, ""approved_by"": """", ""owner"": """", ""effective_date"": """", ""review_date"": """", ""created_time"": """", ""last_updated_time"": """"}",70b4419c-8544-47be-9f13-bc21356bd897
ffbcec27-b3a4-4138-8cc3-77905f6453f2,MANUAL_EVIDENCE,EV-515,Capacity Planning Reports — Compliance,Supporting,manual_evidence_catalog,,,,False,2026-03-26 16:40:51,2026-03-27 05:49:22,,"{""report_id"": """", ""analysis_date"": """", ""system_id"": """", ""system_name"": """", ""capacity_utilization_metrics"": """", ""utilization_trends"": """", ""forecasted_workload"": """", ""capacity_gap_identified"": true, ""scaling_recommendations"": """", ""report_status"": """", ""created_time"": """", ""last_updated_time"": """"}",70b4419c-8544-47be-9f13-bc21356bd897
d7fc4ce1-ddab-492d-a218-d7db6ae28d62,POLICY,EV-516,Project Management Policy — Compliance,Supporting,policy_catalog,,,,False,2026-03-26 16:40:51,2026-03-27 05:49:22,,"{""policy_id"": """", ""policy_name"": """", ""policy_version"": """", ""policy_status"": """", ""project_security_requirements_defined"": true, ""information_security_integration_defined"": true, ""project_lifecycle_security_controls_defined"": true, ""system_upgrade_security_requirements_defined"": true, ""approved_by"": """", ""owner"": """", ""effective_date"": """", ""review_date"": """", ""created_time"": """", ""last_updated_time"": """"}",70b4419c-8544-47be-9f13-bc21356bd897
ae73069e-79ea-44f8-a43e-7a3890556e32,DEVOPS_DEVTOOLS,EV-517,Project Security Review Records — DevOps,Supporting,devtools_catalog,,,,False,2026-03-26 16:40:51,2026-03-27 05:49:22,,"{""review_id"": """", ""project_id"": """", ""project_name"": """", ""review_date"": """", ""reviewed_by"": """", ""security_requirements_evaluated"": true, ""risks_identified"": """", ""recommendations"": """", ""review_outcome"": """", ""approval_status"": """", ""created_time"": """", ""last_updated_time"": """"}",6874f3ab-44fc-4b3e-a95e-bd01e03bf933
f34d6c0f-6dbd-4fce-a9ae-5d62d59f190d,POLICY,EV-518,User Access Management Procedure — Compliance,Required,policy_catalog,,,,True,2026-03-26 16:40:51,2026-03-27 05:49:22,,"{""procedure_id"": """", ""procedure_name"": """", ""procedure_version"": """", ""procedure_status"": """", ""access_review_process_defined"": true, ""review_frequency_defined"": true, ""user_access_validation_steps_defined"": true, ""access_revocation_process_defined"": true, ""approval_workflow_defined"": true, ""roles_and_responsibilities_defined"": true, ""approved_by"": """", ""owner"": """", ""effective_date"": """", ""review_date"": """", ""created_time"": """", ""last_updated_time"": """"}",70b4419c-8544-47be-9f13-bc21356bd897
cb278b91-d120-4263-b053-6649649016a0,ITSM_GRC,EV-519,Access Review Approval Records — ITSM,Supporting,itsm_catalog,,,,False,2026-03-26 16:40:51,2026-03-27 05:49:22,,"{""record_id"": """", ""review_id"": """", ""user_id"": """", ""system_id"": """", ""approval_status"": """", ""approved_by"": """", ""approval_date"": """", ""justification"": """", ""created_time"": """", ""last_updated_time"": """"}",cd4015e2-8a3f-4f54-a3ee-9dfddb048f84
e68b30e8-90ba-4179-9cb0-173f68efe07b,POLICY,EV-52,Risk Management Policy — Compliance,Supporting,policy_catalog,,,,False,2026-03-26 16:40:46,2026-03-27 05:49:22,,"{""policy_id"": """", ""policy_name"": """", ""policy_version"": """", ""policy_status"": """", ""risk_assessment_requirements_defined"": true, ""risk_mitigation_requirements_defined"": true, ""risk_transfer_mechanisms_defined"": true, ""cyber_insurance_included"": true, ""approved_by"": """", ""owner"": """", ""effective_date"": """", ""review_date"": """", ""created_time"": """", ""last_updated_time"": """"}",70b4419c-8544-47be-9f13-bc21356bd897
8df5ce0c-188d-4cd7-88cd-94448990c0e9,POLICY,EV-520,Separation of Duties Matrix — Compliance,Required,policy_catalog,,,,True,2026-03-26 16:40:51,2026-03-27 05:49:22,,"{""matrix_id"": """", ""matrix_name"": """", ""matrix_version"": """", ""matrix_status"": """", ""roles_defined"": """", ""responsibilities_mapped"": true, ""conflicting_roles_identified"": true, ""segregation_controls_defined"": true, ""applicability_scope"": """", ""approved_by"": """", ""owner"": """", ""effective_date"": """", ""review_date"": """", ""created_time"": """", ""last_updated_time"": """"}",70b4419c-8544-47be-9f13-bc21356bd897
c578c022-e5ea-4baa-aa3f-d6e0b71d4e18,HRMS_GRC,EV-521,Role and Responsibility Register — HR,Supporting,hrms_catalog,,,,False,2026-03-26 16:40:51,2026-03-27 05:49:22,,"{""register_id"": """", ""role_id"": """", ""role_name"": """", ""responsibilities"": """", ""privilege_level"": """", ""assigned_users"": """", ""role_owner"": """", ""status"": """", ""last_reviewed_time"": """", ""created_time"": """", ""last_updated_time"": """"}",465c7082-4a36-4567-b535-e6fe16994eec
166bc654-4e1a-4c8c-b814-a447b4009bf1,IAM_COMPLIANCE,EV-522,Privileged Access Review Reports — IAM,Supporting,iam_catalog,,,,False,2026-03-26 16:40:51,2026-03-27 05:49:22,,"{""report_id"": """", ""system_id"": """", ""system_name"": """", ""review_period"": """", ""privileged_users_list"": """", ""access_levels"": """", ""conflicts_identified"": true, ""review_outcome"": """", ""reviewed_by"": """", ""review_date"": """", ""created_time"": """", ""last_updated_time"": """"}",311fd3a8-255b-4bc8-b6a0-0fe625d81341
e9881a1c-c4fe-413f-a1c8-706964781032,POLICY,EV-523,Cloud Service Provider Evaluation Procedure — Compliance,Required,policy_catalog,,,,True,2026-03-26 16:40:52,2026-03-27 05:49:22,,"{""procedure_id"": """", ""procedure_name"": """", ""procedure_version"": """", ""procedure_status"": """", ""evaluation_criteria_defined"": true, ""security_and_compliance_assessment_defined"": true, ""vendor_selection_process_defined"": true, ""risk_evaluation_steps_defined"": true, ""approval_process_defined"": true, ""roles_and_responsibilities_defined"": true, ""approved_by"": """", ""owner"": """", ""effective_date"": """", ""review_date"": """", ""created_time"": """", ""last_updated_time"": """"}",70b4419c-8544-47be-9f13-bc21356bd897
fc1ff446-e4cd-4658-b285-12340cd57b14,POLICY,EV-524,Cloud Service Provider Risk Assessment Reports — Compliance,Supporting,policy_catalog,,,,False,2026-03-26 16:40:52,2026-03-27 05:49:22,,"{""report_id"": """", ""vendor_id"": """", ""vendor_name"": """", ""assessment_scope"": """", ""assessment_date"": """", ""security_controls_evaluated"": true, ""compliance_requirements_evaluated"": true, ""risk_level"": """", ""findings"": """", ""recommendations"": """", ""assessment_status"": """", ""reviewed_by"": """", ""approved_by"": """", ""created_time"": """", ""last_updated_time"": """"}",70b4419c-8544-47be-9f13-bc21356bd897
5f5e56c6-e82c-41d9-b424-b1ba9fd835be,POLICY,EV-525,Privileged Commands Register — Compliance,Required,policy_catalog,,,,True,2026-03-26 16:40:52,2026-03-27 05:49:22,,"{""register_id"": """", ""command_id"": """", ""command_name"": """", ""operational_need"": """", ""authorized_users"": """", ""approval_status"": """", ""approved_by"": """", ""last_reviewed_time"": """", ""created_time"": """", ""last_updated_time"": """"}",70b4419c-8544-47be-9f13-bc21356bd897
87faf296-9fe8-4502-bec2-5678be626168,SECURITY_VULN_MGMT,EV-526,Privileged Command Execution Logs — Security,Supporting,security_catalog,,,,False,2026-03-26 16:40:52,2026-03-27 05:49:22,,"{""log_id"": """", ""user_id"": """", ""system_id"": """", ""command_id"": """", ""command_name"": """", ""execution_time"": """", ""execution_status"": """", ""authorization_verified"": true, ""log_source"": """", ""created_time"": """", ""last_updated_time"": """"}",cd545de5-0565-447b-89ef-f137d2267a70
259117bd-2144-4ff9-8aa6-4c5652153c47,CLOUD_INFRA,EV-527,PII System Access Register — Cloud,Required,cloud_catalog,,,,True,2026-03-26 16:40:52,2026-03-27 05:49:22,,"{""register_id"": """", ""user_id"": """", ""user_name"": """", ""system_id"": """", ""system_name"": """", ""access_level"": """", ""pii_access_granted"": true, ""authorization_status"": """", ""assigned_date"": """", ""last_reviewed_time"": """", ""created_time"": """", ""last_updated_time"": """"}",1721b991-e491-4953-b2bb-ca35d815024f
ece79312-379c-40e8-9786-a3f7962dc11b,POLICY,EV-528,PIMS Context Document — Compliance,Required,policy_catalog,,,,True,2026-03-26 16:40:52,2026-03-27 05:49:22,,"{""document_id"": """", ""document_name"": """", ""document_version"": """", ""document_status"": """", ""internal_privacy_issues_identified"": """", ""external_privacy_issues_identified"": """", ""issues_impact_analysis"": """", ""pims_scope_alignment_defined"": true, ""applicability_defined"": true, ""approved_by"": """", ""owner"": """", ""effective_date"": """", ""review_date"": """", ""created_time"": """", ""last_updated_time"": """"}",70b4419c-8544-47be-9f13-bc21356bd897
6864a4d4-8376-4d37-bae7-79d889da881c,POLICY,EV-529,PIMS Context Review Records — Compliance,Supporting,policy_catalog,,,,False,2026-03-26 16:40:52,2026-03-27 05:49:22,,"{""review_id"": """", ""document_id"": """", ""review_date"": """", ""reviewed_by"": """", ""internal_privacy_issues_updated"": true, ""external_privacy_issues_updated"": true, ""changes_identified"": true, ""updates_applied"": true, ""review_outcome"": """", ""next_review_due_date"": """", ""created_time"": """", ""last_updated_time"": """"}",70b4419c-8544-47be-9f13-bc21356bd897
8dc1bce6-2024-45e1-bb65-8d4db80a73da,MANUAL_EVIDENCE,EV-53,Cyber Insurance Policy Document — Compliance,Required,manual_evidence_catalog,,,,True,2026-03-26 16:40:46,2026-03-27 05:49:22,,"{""policy_document_id"": """", ""insurer_name"": """", ""policy_number"": """", ""coverage_type"": """", ""coverage_scope"": """", ""coverage_limit"": """", ""deductible_amount"": """", ""policy_start_date"": """", ""policy_end_date"": """", ""coverage_active"": true, ""includes_data_breach_coverage"": true, ""includes_incident_response_costs"": true, ""issued_date"": """", ""created_time"": """", ""last_updated_time"": """"}",70b4419c-8544-47be-9f13-bc21356bd897
0d422249-e021-40e9-be27-dda6723c37bf,POLICY,EV-530,Privacy Interested Parties Register — Compliance,Required,policy_catalog,,,,True,2026-03-26 16:40:52,2026-03-27 05:49:22,,"{""register_id"": """", ""party_id"": """", ""party_name"": """", ""party_type"": """", ""pii_processing_role"": """", ""privacy_expectations"": """", ""responsibilities"": """", ""applicability_scope"": """", ""owner"": """", ""status"": """", ""last_reviewed_time"": """", ""created_time"": """", ""last_updated_time"": """"}",70b4419c-8544-47be-9f13-bc21356bd897
3fa5889a-3abb-49ad-988a-5112df8be6d0,MANUAL_EVIDENCE,EV-531,Privacy Interested Parties Review Records — Compliance,Supporting,manual_evidence_catalog,,,,False,2026-03-26 16:40:52,2026-03-27 05:49:22,,"{""review_id"": """", ""register_id"": """", ""review_date"": """", ""reviewed_by"": """", ""changes_identified"": true, ""updates_applied"": true, ""review_outcome"": """", ""next_review_due_date"": """", ""created_time"": """", ""last_updated_time"": """"}",70b4419c-8544-47be-9f13-bc21356bd897
4ea7100d-c51e-4c45-9baf-175fafac59c1,POLICY,EV-532,Privacy Risk Assessment Procedure — Compliance,Required,policy_catalog,,,,True,2026-03-26 16:40:52,2026-03-27 05:49:22,,"{""procedure_id"": """", ""procedure_name"": """", ""procedure_version"": """", ""procedure_status"": """", ""pii_risk_identification_process_defined"": true, ""risk_assessment_method_defined"": true, ""risk_scoring_method_defined"": true, ""risk_mitigation_process_defined"": true, ""assessment_frequency_defined"": true, ""roles_and_responsibilities_defined"": true, ""approved_by"": """", ""owner"": """", ""effective_date"": """", ""review_date"": """", ""created_time"": """", ""last_updated_time"": """"}",70b4419c-8544-47be-9f13-bc21356bd897
8a0c3ada-4877-4518-b0c5-646376981953,MANUAL_EVIDENCE,EV-533,Privacy Risk Assessment Reports — Compliance,Supporting,manual_evidence_catalog,,,,False,2026-03-26 16:40:52,2026-03-27 05:49:22,,"{""report_id"": """", ""assessment_id"": """", ""pii_processing_activity"": """", ""assessment_date"": """", ""assessed_by"": """", ""privacy_risks_identified"": """", ""impact_on_data_subjects"": """", ""likelihood"": """", ""risk_level"": """", ""mitigation_actions_defined"": true, ""assessment_status"": """", ""approved_by"": """", ""created_time"": """", ""last_updated_time"": """"}",70b4419c-8544-47be-9f13-bc21356bd897
ba4753c4-6e88-4f70-be57-6cea9c6a254e,POLICY,EV-534,Privacy Scope Assessment Procedure — Compliance,Required,policy_catalog,,,,True,2026-03-26 16:40:52,2026-03-27 05:49:22,,"{""procedure_id"": """", ""procedure_name"": """", ""procedure_version"": """", ""procedure_status"": """", ""pii_processing_activity_identification_defined"": true, ""role_determination_process_defined"": true, ""controller_joint_controller_processor_classification_defined"": true, ""assessment_steps_defined"": true, ""documentation_requirements_defined"": true, ""roles_and_responsibilities_defined"": true, ""approved_by"": """", ""owner"": """", ""effective_date"": """", ""review_date"": """", ""created_time"": """", ""last_updated_time"": """"}",70b4419c-8544-47be-9f13-bc21356bd897
c7492e33-a414-4ec5-b53c-8d606536aca5,MANUAL_EVIDENCE,EV-535,Privacy Scope Assessment Reports — Compliance,Supporting,manual_evidence_catalog,,,,False,2026-03-26 16:40:52,2026-03-27 05:49:22,,"{""report_id"": """", ""assessment_id"": """", ""pii_processing_activity"": """", ""assessment_date"": """", ""assessed_by"": """", ""organization_role"": """", ""scope_defined"": true, ""assessment_outcome"": """", ""findings"": """", ""recommendations"": """", ""created_time"": """", ""last_updated_time"": """"}",70b4419c-8544-47be-9f13-bc21356bd897
d9edaf6b-1f05-41c4-880a-19bae93fa7b1,POLICY,EV-536,Data Processing Activities Register — Compliance,Required,policy_catalog,,,,True,2026-03-26 16:40:52,2026-03-27 05:49:22,,"{""register_id"": """", ""activity_id"": """", ""pii_processing_activity"": """", ""organization_role"": """", ""data_categories"": """", ""data_subject_categories"": """", ""processing_purpose"": """", ""legal_basis"": """", ""third_party_involvement"": """", ""owner"": """", ""status"": """", ""last_reviewed_time"": """", ""created_time"": """", ""last_updated_time"": """"}",70b4419c-8544-47be-9f13-bc21356bd897
8fa709e0-2e6c-4aea-8994-1991e492f2d2,POLICY,EV-537,PIMS Statement of Applicability — Compliance,Required,policy_catalog,,,,True,2026-03-26 16:40:52,2026-03-27 05:49:22,,"{""document_id"": """", ""document_name"": """", ""document_version"": """", ""document_status"": """", ""iso_27701_controls_listed"": true, ""control_applicability_defined"": true, ""implementation_status_defined"": true, ""justification_for_exclusions"": """", ""control_owners"": """", ""approved_by"": """", ""owner"": """", ""effective_date"": """", ""review_date"": """", ""created_time"": """", ""last_updated_time"": """"}",70b4419c-8544-47be-9f13-bc21356bd897
180e3883-f66f-4265-a009-993729883616,MANUAL_EVIDENCE,EV-538,PIMS Statement of Applicability Review Records — Compliance,Supporting,manual_evidence_catalog,,,,False,2026-03-26 16:40:52,2026-03-27 05:49:22,,"{""review_id"": """", ""document_id"": """", ""review_date"": """", ""reviewed_by"": """", ""soa_validated"": true, ""changes_identified"": true, ""updates_applied"": true, ""approval_status"": """", ""approved_by"": """", ""next_review_due_date"": """", ""created_time"": """", ""last_updated_time"": """"}",70b4419c-8544-47be-9f13-bc21356bd897
7ba5a795-caf8-48c9-a954-f61ddf248535,POLICY,EV-539,Data Classification Policy — Compliance,Required,policy_catalog,,,,True,2026-03-26 16:40:52,2026-03-27 05:49:22,,"{""policy_id"": """", ""policy_name"": """", ""policy_version"": """", ""policy_status"": """", ""pii_classification_requirements_defined"": true, ""classification_levels_defined"": true, ""data_handling_requirements_defined"": true, ""pii_protection_requirements_defined"": true, ""approved_by"": """", ""owner"": """", ""effective_date"": """", ""review_date"": """", ""created_time"": """", ""last_updated_time"": """"}",70b4419c-8544-47be-9f13-bc21356bd897
c7d9f5e0-3c94-4d9b-a54d-8c92fc09d389,MANUAL_EVIDENCE,EV-54,Cyber Insurance Coverage Certificate — Compliance,Supporting,manual_evidence_catalog,,,,False,2026-03-26 16:40:46,2026-03-27 05:49:22,,"{""certificate_id"": """", ""insurer_name"": """", ""policy_number"": """", ""organization_name"": """", ""coverage_confirmed"": true, ""coverage_start_date"": """", ""coverage_end_date"": """", ""certificate_issue_date"": """", ""valid"": true, ""verified_by"": """", ""verification_date"": """", ""created_time"": """", ""last_updated_time"": """"}",70b4419c-8544-47be-9f13-bc21356bd897
2e341ddb-f228-40e3-ab88-75041600c9aa,POLICY,EV-540,Data Classification Procedure — Compliance,Required,policy_catalog,,,,True,2026-03-26 16:40:52,2026-03-27 05:49:22,,"{""procedure_id"": """", ""procedure_name"": """", ""procedure_version"": """", ""procedure_status"": """", ""classification_process_defined"": true, ""classification_levels_application_defined"": true, ""pii_identification_process_defined"": true, ""handling_and_labeling_requirements_defined"": true, ""roles_and_responsibilities_defined"": true, ""approved_by"": """", ""owner"": """", ""effective_date"": """", ""review_date"": """", ""created_time"": """", ""last_updated_time"": """"}",70b4419c-8544-47be-9f13-bc21356bd897
f4f22147-bd23-4d73-ad35-21b21f7f4e1f,CLOUD_INFRA,EV-541,Data Inventory Register — Cloud,Required,cloud_catalog,,,,True,2026-03-26 16:40:52,2026-03-27 05:49:22,,"{""register_id"": """", ""data_asset_id"": """", ""data_asset_name"": """", ""data_classification"": """", ""pii_present"": true, ""data_owner"": """", ""storage_location"": """", ""processing_purpose"": """", ""retention_period"": """", ""status"": """", ""last_reviewed_time"": """", ""created_time"": """", ""last_updated_time"": """"}",1721b991-e491-4953-b2bb-ca35d815024f
f31c51c6-6d67-408a-8573-9a0a33ec6a36,POLICY,EV-542,Privacy Compliance Procedure — Compliance,Supporting,policy_catalog,,,,False,2026-03-26 16:40:52,2026-03-27 05:49:22,,"{""procedure_id"": """", ""procedure_name"": """", ""procedure_version"": """", ""procedure_status"": """", ""regulatory_requirements_identification_defined"": true, ""compliance_monitoring_process_defined"": true, ""pii_handling_compliance_defined"": true, ""audit_and_validation_process_defined"": true, ""roles_and_responsibilities_defined"": true, ""approved_by"": """", ""owner"": """", ""effective_date"": """", ""review_date"": """", ""created_time"": """", ""last_updated_time"": """"}",70b4419c-8544-47be-9f13-bc21356bd897
2d8e9c27-7ac8-45f5-8b4f-a782e2d34ccc,ITSM_GRC,EV-543,Data Subject Access Request Register — ITSM,Required,itsm_catalog,,,,True,2026-03-26 16:40:52,2026-03-27 05:49:22,,"{""register_id"": """", ""request_id"": """", ""data_subject_id"": """", ""request_type"": """", ""request_received_date"": """", ""verification_status"": """", ""request_status"": """", ""response_due_date"": """", ""response_date"": """", ""resolution_outcome"": """", ""created_time"": """", ""last_updated_time"": """"}",cd4015e2-8a3f-4f54-a3ee-9dfddb048f84
ecdc009d-0d71-4b1c-a41f-280ed667cba1,ITSM_GRC,EV-544,Data Subject Access Request Tickets — ITSM,Supporting,itsm_catalog,,,,False,2026-03-26 16:40:52,2026-03-27 05:49:22,,"{""ticket_id"": """", ""request_id"": """", ""submitted_by"": """", ""request_description"": """", ""priority"": """", ""status"": """", ""assigned_to"": """", ""processing_actions"": """", ""closure_status"": """", ""closed_time"": """", ""created_time"": """", ""last_updated_time"": """"}",cd4015e2-8a3f-4f54-a3ee-9dfddb048f84
98d0ab0f-cfb2-499e-b9b9-40c051cec4d5,POLICY,EV-545,Privacy by Design Procedure — Compliance,Required,policy_catalog,,,,True,2026-03-26 16:40:52,2026-03-27 05:49:22,,"{""procedure_id"": """", ""procedure_name"": """", ""procedure_version"": """", ""procedure_status"": """", ""privacy_integration_in_sdlc_defined"": true, ""privacy_impact_assessment_process_defined"": true, ""data_minimization_controls_defined"": true, ""default_privacy_settings_defined"": true, ""change_management_integration_defined"": true, ""roles_and_responsibilities_defined"": true, ""approved_by"": """", ""owner"": """", ""effective_date"": """", ""review_date"": """", ""created_time"": """", ""last_updated_time"": """"}",70b4419c-8544-47be-9f13-bc21356bd897
ac7e3d04-1c98-46e8-820a-462bab947594,POLICY,EV-546,Vendor Contract Repository Records — Compliance,Supporting,policy_catalog,,,,False,2026-03-26 16:40:52,2026-03-27 05:49:22,,"{""record_id"": """", ""agreement_id"": """", ""subprocessor_id"": """", ""repository_location"": """", ""agreement_uploaded"": true, ""version"": """", ""access_controlled"": true, ""last_reviewed_time"": """", ""created_time"": """", ""last_updated_time"": """"}",70b4419c-8544-47be-9f13-bc21356bd897
56c55a1f-f350-4c2e-85c2-0527e4bd7e25,CLOUD_INFRA,EV-547,Subprocessors Inventory Register — Cloud,Required,cloud_catalog,,,,True,2026-03-26 16:40:52,2026-03-27 05:49:22,,"{""register_id"": """", ""subprocessor_id"": """", ""subprocessor_name"": """", ""service_provided"": """", ""pii_processing_scope"": """", ""geographical_location"": """", ""contract_status"": """", ""data_transfer_mechanism"": """", ""vendor_owner"": """", ""status"": """", ""last_reviewed_time"": """", ""created_time"": """", ""last_updated_time"": """"}",1721b991-e491-4953-b2bb-ca35d815024f
dcd50067-e456-41ed-9f81-6ec186382023,POLICY,EV-548,Public Subprocessors Disclosure Page — Compliance,Supporting,policy_catalog,,,,False,2026-03-26 16:40:52,2026-03-27 05:49:22,,"{""page_id"": """", ""publication_url"": """", ""subprocessors_listed"": true, ""last_updated_time"": """", ""disclosure_status"": """", ""reviewed_by"": """", ""created_time"": """"}",70b4419c-8544-47be-9f13-bc21356bd897
14e90481-c14f-4431-9c25-cd6250f0a86b,POLICY,EV-549,Data Loss Prevention Procedure — Compliance,Required,policy_catalog,,,,True,2026-03-26 16:40:52,2026-03-27 05:49:22,,"{""procedure_id"": """", ""procedure_name"": """", ""procedure_version"": """", ""procedure_status"": """", ""dlp_tool_configuration_defined"": true, ""monitoring_rules_defined"": true, ""blocking_rules_defined"": true, ""data_classification_integration_defined"": true, ""incident_response_process_defined"": true, ""roles_and_responsibilities_defined"": true, ""approved_by"": """", ""owner"": """", ""effective_date"": """", ""review_date"": """", ""created_time"": """", ""last_updated_time"": """"}",70b4419c-8544-47be-9f13-bc21356bd897
a388750d-fae4-451d-8104-dceac341a44c,POLICY,EV-55,Secure Development Policy — Compliance,Supporting,policy_catalog,,,,False,2026-03-26 16:40:46,2026-03-27 05:49:22,,"{""policy_id"": """", ""policy_name"": """", ""policy_version"": """", ""policy_status"": """", ""secure_coding_requirements_defined"": true, ""static_code_analysis_required"": true, ""automated_security_testing_defined"": true, ""vulnerability_management_requirements_defined"": true, ""approved_by"": """", ""owner"": """", ""effective_date"": """", ""review_date"": """", ""created_time"": """", ""last_updated_time"": """"}",70b4419c-8544-47be-9f13-bc21356bd897
d8d5d356-def1-40d5-b267-31410c510bd0,SECURITY_VULN_MGMT,EV-550,Data Loss Prevention Configuration Records — Security,Required,security_catalog,,,,True,2026-03-26 16:40:52,2026-03-27 05:49:22,,"{""configuration_id"": """", ""system_id"": """", ""system_name"": """", ""dlp_enabled"": true, ""monitoring_rules_configured"": true, ""blocking_rules_configured"": true, ""sensitive_data_types_defined"": """", ""alerting_enabled"": true, ""configuration_status"": """", ""last_verified_time"": """", ""created_time"": """", ""last_updated_time"": """", ""owner"": """"}",cd545de5-0565-447b-89ef-f137d2267a70
3fc90a8d-d136-4d35-bf6d-2b78c7bc9560,POLICY,EV-551,Firewall Ruleset Review Procedure — Compliance,Required,policy_catalog,,,,True,2026-03-26 16:40:52,2026-03-27 05:49:22,,"{""procedure_id"": """", ""procedure_name"": """", ""procedure_version"": """", ""procedure_status"": """", ""ruleset_review_process_defined"": true, ""port_validation_process_defined"": true, ""review_frequency_defined"": true, ""approval_and_documentation_process_defined"": true, ""non_compliant_rule_remediation_defined"": true, ""roles_and_responsibilities_defined"": true, ""approved_by"": """", ""owner"": """", ""effective_date"": """", ""review_date"": """", ""created_time"": """", ""last_updated_time"": """"}",70b4419c-8544-47be-9f13-bc21356bd897
12461b24-cb87-43f5-ad2f-f53b2b43ace3,MANUAL_EVIDENCE,EV-552,Firewall Ruleset Review Reports — Compliance,Supporting,manual_evidence_catalog,,,,False,2026-03-26 16:40:52,2026-03-27 05:49:22,,"{""report_id"": """", ""firewall_id"": """", ""review_date"": """", ""reviewed_by"": """", ""rules_reviewed_count"": 0, ""open_ports_identified"": """", ""unnecessary_ports_detected"": true, ""compliance_status"": """", ""remediation_actions"": """", ""report_status"": """", ""created_time"": """", ""last_updated_time"": """"}",70b4419c-8544-47be-9f13-bc21356bd897
269d2b58-e562-473d-84d5-ff17e82c8092,DEVOPS_DEVTOOLS,EV-553,Software Bill of Materials (SBOM) — DevOps,Required,devtools_catalog,,,,True,2026-03-26 16:40:52,2026-03-27 05:49:22,,"{""sbom_id"": """", ""application_id"": """", ""application_name"": """", ""component_name"": """", ""component_version"": """", ""license_type"": """", ""license_compliance_status"": """", ""approved_for_use"": true, ""last_verified_time"": """", ""created_time"": """", ""last_updated_time"": """"}",6874f3ab-44fc-4b3e-a95e-bd01e03bf933
40738b68-ac38-479f-a37a-49b5c9c7e62d,ITSM_GRC,EV-554,License Compliance Review Records — ITSM,Supporting,itsm_catalog,,,,False,2026-03-26 16:40:52,2026-03-27 05:49:22,,"{""record_id"": """", ""sbom_id"": """", ""component_name"": """", ""license_type"": """", ""review_date"": """", ""reviewed_by"": """", ""exception_required"": true, ""approval_status"": """", ""approved_by"": """", ""justification"": """", ""created_time"": """", ""last_updated_time"": """"}",cd4015e2-8a3f-4f54-a3ee-9dfddb048f84
8da10227-f266-4d39-b921-67a8c27cad94,POLICY,EV-555,Security Monitoring Procedure — Compliance,Required,policy_catalog,,,,True,2026-03-26 16:40:52,2026-03-27 05:49:22,,"{""procedure_id"": """", ""procedure_name"": """", ""procedure_version"": """", ""procedure_status"": """", ""monitoring_tools_deployment_defined"": true, ""pam_ids_behavioral_analytics_configuration_defined"": true, ""log_collection_and_analysis_defined"": true, ""alerting_and_response_process_defined"": true, ""maintenance_and_tuning_defined"": true, ""roles_and_responsibilities_defined"": true, ""approved_by"": """", ""owner"": """", ""effective_date"": """", ""review_date"": """", ""created_time"": """", ""last_updated_time"": """"}",70b4419c-8544-47be-9f13-bc21356bd897
09a6f544-4a4c-4799-b806-68c80c33576f,SECURITY_VULN_MGMT,EV-556,Privileged Access Monitoring Logs — Security,Required,security_catalog,,,,True,2026-03-26 16:40:52,2026-03-27 05:49:22,,"{""log_id"": """", ""user_id"": """", ""account_type"": """", ""system_id"": """", ""activity_type"": """", ""activity_time"": """", ""privileged_access_used"": true, ""anomalous_activity_detected"": true, ""action_performed"": """", ""log_source"": """", ""created_time"": """", ""last_updated_time"": """"}",cd545de5-0565-447b-89ef-f137d2267a70
68ee9101-5934-41e2-b90c-73c0c80192b1,POLICY,EV-557,Cryptography Policy — Compliance,Required,policy_catalog,,,,True,2026-03-26 16:40:52,2026-03-27 05:49:22,,"{""policy_id"": """", ""policy_name"": """", ""policy_version"": """", ""policy_status"": """", ""password_hashing_requirements_defined"": true, ""one_way_hashing_required"": true, ""secure_transmission_requirements_defined"": true, ""approved_hashing_algorithms_defined"": true, ""approved_by"": """", ""owner"": """", ""effective_date"": """", ""review_date"": """", ""created_time"": """", ""last_updated_time"": """"}",70b4419c-8544-47be-9f13-bc21356bd897
83c4d23a-ba1f-4e73-ac6e-64a8a19168b3,MANUAL_EVIDENCE,EV-558,Authentication Security Review Reports — Compliance,Supporting,manual_evidence_catalog,,,,False,2026-03-26 16:40:52,2026-03-27 05:49:22,,"{""report_id"": """", ""system_id"": """", ""system_name"": """", ""review_date"": """", ""reviewed_by"": """", ""hashing_mechanism_validated"": true, ""secure_storage_verified"": true, ""secure_transmission_verified"": true, ""findings"": """", ""recommendations"": """", ""review_status"": """", ""created_time"": """", ""last_updated_time"": """"}",70b4419c-8544-47be-9f13-bc21356bd897
857b98b8-ea80-411c-ab40-ad621188eafd,POLICY,EV-559,Record of Processing Activities Register — Compliance,Required,policy_catalog,,,,True,2026-03-26 16:40:52,2026-03-27 05:49:22,,"{""register_id"": """", ""activity_id"": """", ""processing_activity"": """", ""data_controller_or_processor_role"": """", ""actors_involved"": """", ""data_categories"": """", ""data_subject_categories"": """", ""processing_purpose"": """", ""retention_period"": """", ""technical_controls_applied"": """", ""organizational_controls_applied"": """", ""owner"": """", ""status"": """", ""last_reviewed_time"": """", ""created_time"": """", ""last_updated_time"": """"}",70b4419c-8544-47be-9f13-bc21356bd897
4caff834-4405-468e-9edd-2701da6ef621,DEVOPS_DEVTOOLS,EV-56,Static Code Analysis Tool Configuration — DevOps,Required,devtools_catalog,,,,True,2026-03-26 16:40:46,2026-03-27 05:49:22,,"{""configuration_id"": """", ""tool_name"": """", ""repository_id"": """", ""repository_name"": """", ""integration_type"": """", ""ci_cd_integration_enabled"": true, ""scan_enabled"": true, ""scan_frequency"": """", ""ruleset_applied"": """", ""severity_threshold_defined"": true, ""configuration_status"": """", ""last_verified_time"": """", ""created_time"": """", ""last_updated_time"": """", ""owner"": """"}",6874f3ab-44fc-4b3e-a95e-bd01e03bf933
2f3227f4-90c2-4f67-8d75-d57251d867c7,MANUAL_EVIDENCE,EV-560,Record of Processing Activities Review Records — Compliance,Supporting,manual_evidence_catalog,,,,False,2026-03-26 16:40:52,2026-03-27 05:49:22,,"{""review_id"": """", ""register_id"": """", ""review_date"": """", ""reviewed_by"": """", ""records_validated"": true, ""changes_identified"": true, ""updates_applied"": true, ""review_outcome"": """", ""next_review_due_date"": """", ""created_time"": """", ""last_updated_time"": """"}",70b4419c-8544-47be-9f13-bc21356bd897
56c8a497-d8ee-45fb-9e43-f6b22b518605,POLICY,EV-561,Remote Work Policy — Compliance,Required,policy_catalog,,,,True,2026-03-26 16:40:52,2026-03-27 05:49:22,,"{""policy_id"": """", ""policy_name"": """", ""policy_version"": """", ""policy_status"": """", ""remote_work_security_requirements_defined"": true, ""secure_home_environment_requirements_defined"": true, ""remote_access_security_controls_defined"": true, ""device_and_network_security_requirements_defined"": true, ""approved_by"": """", ""owner"": """", ""effective_date"": """", ""review_date"": """", ""created_time"": """", ""last_updated_time"": """"}",70b4419c-8544-47be-9f13-bc21356bd897
315ab03c-b2e9-44aa-ae6c-4f8bb846aa4d,POLICY,EV-562,Background Verification Policy — Compliance,Supporting,policy_catalog,,,,False,2026-03-26 16:40:52,2026-03-27 05:49:22,,"{""policy_id"": """", ""policy_name"": """", ""policy_version"": """", ""policy_status"": """", ""reference_check_requirements_defined"": true, ""applicability_conditions_defined"": true, ""pre_employment_verification_requirements_defined"": true, ""exception_conditions_defined"": true, ""approved_by"": """", ""owner"": """", ""effective_date"": """", ""review_date"": """", ""created_time"": """", ""last_updated_time"": """"}",70b4419c-8544-47be-9f13-bc21356bd897
b0a4cccd-026b-4e60-b9d0-11fbd37dceaa,POLICY,EV-563,Employee Reference Check Procedure — Compliance,Required,policy_catalog,,,,True,2026-03-26 16:40:52,2026-03-27 05:49:22,,"{""procedure_id"": """", ""procedure_name"": """", ""procedure_version"": """", ""procedure_status"": """", ""reference_check_process_defined"": true, ""candidate_identification_defined"": true, ""reference_verification_steps_defined"": true, ""documentation_requirements_defined"": true, ""exception_handling_defined"": true, ""roles_and_responsibilities_defined"": true, ""approved_by"": """", ""owner"": """", ""effective_date"": """", ""review_date"": """", ""created_time"": """", ""last_updated_time"": """"}",70b4419c-8544-47be-9f13-bc21356bd897
c0bcffb4-dda1-40a0-8c81-57d4843e4e52,HRMS_GRC,EV-564,Employee Reference Check Records — HR,Supporting,hrms_catalog,,,,False,2026-03-26 16:40:52,2026-03-27 05:49:22,,"{""record_id"": """", ""employee_id"": """", ""candidate_name"": """", ""reference_contact_name"": """", ""reference_contact_details"": """", ""verification_status"": """", ""check_completed_date"": """", ""conducted_by"": """", ""outcome"": """", ""created_time"": """", ""last_updated_time"": """"}",465c7082-4a36-4567-b535-e6fe16994eec
f85a49bc-7724-4b4d-8f2a-a1bb2176dcd0,POLICY,EV-565,Vulnerability Disclosure Policy — Compliance,Supporting,policy_catalog,,,,False,2026-03-26 16:40:52,2026-03-27 05:49:22,,"{""policy_id"": """", ""policy_name"": """", ""policy_version"": """", ""policy_status"": """", ""responsible_disclosure_requirements_defined"": true, ""external_vulnerability_reporting_defined"": true, ""vulnerability_handling_requirements_defined"": true, ""safe_reporting_channel_defined"": true, ""approved_by"": """", ""owner"": """", ""effective_date"": """", ""review_date"": """", ""created_time"": """", ""last_updated_time"": """"}",70b4419c-8544-47be-9f13-bc21356bd897
0b220087-f5d8-4fa0-8f6b-1570e5894d6a,POLICY,EV-566,Responsible Disclosure Procedure — Compliance,Required,policy_catalog,,,,True,2026-03-26 16:40:52,2026-03-27 05:49:22,,"{""procedure_id"": """", ""procedure_name"": """", ""procedure_version"": """", ""procedure_status"": """", ""report_intake_process_defined"": true, ""validation_and_triage_process_defined"": true, ""remediation_process_defined"": true, ""communication_with_reporter_defined"": true, ""resolution_tracking_defined"": true, ""roles_and_responsibilities_defined"": true, ""approved_by"": """", ""owner"": """", ""effective_date"": """", ""review_date"": """", ""created_time"": """", ""last_updated_time"": """"}",70b4419c-8544-47be-9f13-bc21356bd897
d4059849-433f-45e9-8363-c460cbfefa78,POLICY,EV-567,Public Vulnerability Disclosure Page — Compliance,Supporting,policy_catalog,,,,False,2026-03-26 16:40:52,2026-03-27 05:49:22,,"{""page_id"": """", ""publication_url"": """", ""reporting_instructions_defined"": true, ""contact_channel_defined"": true, ""safe_harbor_terms_defined"": true, ""last_updated_time"": """", ""reviewed_by"": """", ""created_time"": """"}",70b4419c-8544-47be-9f13-bc21356bd897
27d645f8-a629-4d22-bb6a-035952fdd7a7,ITSM_GRC,EV-568,Vulnerability Report Tickets — ITSM,Supporting,itsm_catalog,,,,False,2026-03-26 16:40:52,2026-03-27 05:49:22,,"{""ticket_id"": """", ""report_id"": """", ""reported_by"": """", ""vulnerability_description"": """", ""severity"": """", ""validation_status"": """", ""assigned_to"": """", ""remediation_action"": """", ""status"": """", ""closure_status"": """", ""closed_time"": """", ""created_time"": """", ""last_updated_time"": """"}",cd4015e2-8a3f-4f54-a3ee-9dfddb048f84
3063fc9a-6952-4181-8f74-9d26ad44f14c,SECURITY_VULN_MGMT,EV-569,AI System Monitoring Configuration Records — Security,Required,security_catalog,,,,True,2026-03-26 16:40:52,2026-03-27 05:49:22,,"{""configuration_id"": """", ""system_id"": """", ""system_name"": """", ""performance_monitoring_enabled"": true, ""reliability_metrics_defined"": true, ""operational_health_metrics_defined"": true, ""monitoring_frequency"": """", ""alerting_enabled"": true, ""configuration_status"": """", ""last_verified_time"": """", ""created_time"": """", ""last_updated_time"": """", ""owner"": """"}",cd545de5-0565-447b-89ef-f137d2267a70
b9dc0e30-3442-4699-9fb5-bb2aefeaf16f,DEVOPS_DEVTOOLS,EV-57,Static Code Analysis Scan Reports — DevOps,Required,devtools_catalog,,,,True,2026-03-26 16:40:46,2026-03-27 05:49:22,,"{""report_id"": """", ""repository_id"": """", ""repository_name"": """", ""scan_id"": """", ""scan_type"": """", ""scan_date"": """", ""total_issues_found"": 0, ""critical_issues"": 0, ""high_issues"": 0, ""medium_issues"": 0, ""low_issues"": 0, ""scan_status"": """", ""tool_name"": """", ""created_time"": """", ""last_updated_time"": """"}",6874f3ab-44fc-4b3e-a95e-bd01e03bf933
d8f08ba9-c554-4e25-801b-af11c582fa5f,SECURITY_VULN_MGMT,EV-570,AI System Performance Monitoring Reports — Security,Supporting,security_catalog,,,,False,2026-03-26 16:40:52,2026-03-27 05:49:22,,"{""report_id"": """", ""system_id"": """", ""system_name"": """", ""monitoring_period"": """", ""performance_metrics"": """", ""reliability_indicators"": """", ""operational_behavior"": """", ""anomalies_detected"": true, ""performance_degradation_detected"": true, ""report_generated_time"": """", ""created_time"": """", ""last_updated_time"": """"}",cd545de5-0565-447b-89ef-f137d2267a70
313ada88-3a8b-4b19-b5bb-d6afcb067608,POLICY,EV-571,Product Development Lifecycle Procedure — Compliance,Supporting,policy_catalog,,,,False,2026-03-26 16:40:52,2026-03-27 05:49:22,,"{""procedure_id"": """", ""procedure_name"": """", ""procedure_version"": """", ""procedure_status"": """", ""performance_feedback_integration_defined"": true, ""defect_management_process_defined"": true, ""continuous_improvement_process_defined"": true, ""testing_and_deployment_integration_defined"": true, ""roles_and_responsibilities_defined"": true, ""approved_by"": """", ""owner"": """", ""effective_date"": """", ""review_date"": """", ""created_time"": """", ""last_updated_time"": """"}",70b4419c-8544-47be-9f13-bc21356bd897
e0039e5b-5654-49c8-b27f-8c78121c8fe0,MANUAL_EVIDENCE,EV-572,AI Impact Assessment Records — Compliance,Supporting,manual_evidence_catalog,,,,False,2026-03-26 16:40:52,2026-03-27 05:49:22,,"{""assessment_id"": """", ""system_id"": """", ""system_name"": """", ""assessment_date"": """", ""assessed_by"": """", ""risks_identified"": """", ""impact_analysis"": """", ""mitigation_actions_defined"": true, ""approval_status"": """", ""approved_by"": """", ""approval_date"": """", ""created_time"": """", ""last_updated_time"": """"}",70b4419c-8544-47be-9f13-bc21356bd897
44bbaf4a-31fb-4343-b6e3-08b413d979d4,PHYSICAL_SECURITY,EV-573,Badge Access System Configuration Records — Physical,Required,physical_security_catalog,,,,True,2026-03-26 16:40:52,2026-03-27 05:49:22,,"{""configuration_id"": """", ""system_id"": """", ""system_name"": """", ""access_logging_enabled"": true, ""successful_access_logging_enabled"": true, ""failed_access_logging_enabled"": true, ""user_traceability_enabled"": true, ""cardholder_id_mapping_configured"": true, ""configuration_status"": """", ""last_verified_time"": """", ""created_time"": """", ""last_updated_time"": """", ""owner"": """"}",2e615251-860d-4f37-9c1e-7334b67fdff4
a142968e-8d84-42ba-bcd8-77287c9c01f4,ITSM_GRC,EV-58,Static Code Analysis Vulnerability Tracking Tickets — ITSM,Supporting,itsm_catalog,,,,False,2026-03-26 16:40:46,2026-03-27 05:49:22,,"{""ticket_id"": """", ""vulnerability_id"": """", ""repository_id"": """", ""severity"": """", ""status"": """", ""assigned_to"": """", ""remediation_action"": """", ""due_date"": """", ""resolution_date"": """", ""resolved"": true, ""verified"": true, ""created_time"": """", ""last_updated_time"": """"}",cd4015e2-8a3f-4f54-a3ee-9dfddb048f84
c63624d6-14ed-4ead-8745-522ce33a9ed0,MANUAL_EVIDENCE,EV-59,Vendor Security Agreement — Compliance,Required,manual_evidence_catalog,,,,True,2026-03-26 16:40:46,2026-03-27 05:49:22,,"{""agreement_id"": """", ""vendor_id"": """", ""vendor_name"": """", ""agreement_type"": """", ""confidentiality_clause_included"": true, ""data_protection_requirements_defined"": true, ""security_responsibilities_defined"": true, ""effective_date"": """", ""expiration_date"": """", ""agreement_status"": """", ""signed_by_vendor"": true, ""signed_by_company"": true, ""created_time"": """", ""last_updated_time"": """"}",70b4419c-8544-47be-9f13-bc21356bd897
b9111525-dc72-42ea-950b-6f398a8a2e04,MANUAL_EVIDENCE,EV-6,Backup Restoration Test Reports — Compliance,Supporting,manual_evidence_catalog,,,,False,2026-03-26 16:40:46,2026-03-27 05:49:22,,"{""test_id"": """", ""system_id"": """", ""system_name"": """", ""test_date"": """", ""restoration_successful"": true, ""recovery_time_objective_met"": true, ""recovery_point_objective_met"": true, ""restored_data_integrity_verified"": true, ""test_result"": """", ""issues_identified"": """", ""corrective_actions"": """", ""tested_by"": """", ""approved_by"": """", ""created_time"": """", ""last_updated_time"": """"}",70b4419c-8544-47be-9f13-bc21356bd897
d237b5db-08e3-4aec-96f2-72b5ec061da0,MANUAL_EVIDENCE,EV-60,Data Processing Agreement — Compliance,Required,manual_evidence_catalog,,,,True,2026-03-26 16:40:46,2026-03-27 05:49:22,,"{""agreement_id"": """", ""vendor_id"": """", ""vendor_name"": """", ""data_processing_scope"": """", ""data_protection_obligations_defined"": true, ""subprocessor_requirements_defined"": true, ""data_transfer_terms_defined"": true, ""retention_and_deletion_terms_defined"": true, ""effective_date"": """", ""expiration_date"": """", ""agreement_status"": """", ""signed_by_vendor"": true, ""signed_by_company"": true, ""created_time"": """", ""last_updated_time"": """"}",70b4419c-8544-47be-9f13-bc21356bd897
419f935a-2ec9-4913-9a8c-9008decc8a5f,CSPM,EV-604,Multi-cloud and account inventory,API,wiz,,"Evidence of connected cloud accounts, subscriptions, and organizational scope covered by CSPM.",Monthly,True,2026-03-27 07:15:32,2026-03-27 07:15:32,CSPM,,f3c7a9d4-8e21-4b6f-9c3a-2d5e7f8a1b90
c3222362-fc54-4b82-9db7-c50770e601d1,CSPM,EV-605,Cloud asset and resource inventory,API,wiz,,"Inventory of cloud resources (compute, storage, DB, serverless, etc.) under continuous assessment.",Monthly,True,2026-03-27 07:15:32,2026-03-27 07:15:32,CSPM,,f3c7a9d4-8e21-4b6f-9c3a-2d5e7f8a1b90
c951cca2-dc94-4d80-b43a-a16640bbf580,CSPM,EV-606,Security posture and misconfiguration findings,API,wiz,,Misconfigurations and insecure settings detected across cloud environments (CSPM issues).,Monthly,True,2026-03-27 07:15:32,2026-03-27 07:15:32,CSPM,,f3c7a9d4-8e21-4b6f-9c3a-2d5e7f8a1b90
6d144d97-c880-49b6-95ed-8ad2a0a0b789,CSPM,EV-607,Compliance framework and policy coverage,API,wiz,,Mapping or status of compliance controls / policy packs applied to cloud environments.,Quarterly,True,2026-03-27 07:15:32,2026-03-27 07:15:32,CSPM,,f3c7a9d4-8e21-4b6f-9c3a-2d5e7f8a1b90
d4207a88-8955-423f-b6ad-968490b5b9bb,CSPM,EV-608,Critical and high-severity issue summary,API,wiz,,Aggregated view of open critical/high findings and trend for management review.,Monthly,True,2026-03-27 07:15:32,2026-03-27 07:15:32,CSPM,,f3c7a9d4-8e21-4b6f-9c3a-2d5e7f8a1b90
3d2590a5-e016-46f3-9233-d46bd9d49c01,CSPM,EV-609,Workload and VM vulnerability findings,API,wiz,,CVE-oriented or workload vulnerability findings for cloud VMs and related compute.,Monthly,True,2026-03-27 07:15:32,2026-03-27 07:15:32,CSPM,,f3c7a9d4-8e21-4b6f-9c3a-2d5e7f8a1b90
be083497-9c73-4f57-afdb-851c55416cd8,MANUAL_EVIDENCE,EV-61,Vendor Risk Assessment Reports — Compliance,Supporting,manual_evidence_catalog,,,,False,2026-03-26 16:40:46,2026-03-27 05:49:22,,"{""report_id"": """", ""vendor_id"": """", ""vendor_name"": """", ""assessment_date"": """", ""assessment_scope"": """", ""risk_level"": """", ""security_controls_evaluated"": true, ""data_protection_capabilities_evaluated"": true, ""findings_summary"": """", ""recommendations"": """", ""approved"": true, ""reviewed_by"": """", ""created_time"": """", ""last_updated_time"": """"}",70b4419c-8544-47be-9f13-bc21356bd897
c3d31711-2461-4481-a847-6bf549dc3104,CSPM,EV-610,Container image vulnerability findings,API,wiz,,Vulnerabilities identified in container images used in the environment.,Monthly,True,2026-03-27 07:15:32,2026-03-27 07:15:32,CSPM,,f3c7a9d4-8e21-4b6f-9c3a-2d5e7f8a1b90
17fbca21-7f7f-4bd8-8f17-d6c692e05c8b,CSPM,EV-611,Kubernetes cluster security posture,API,wiz,,"Kubernetes misconfigurations, risky workloads, and cluster-level security posture.",Monthly,True,2026-03-27 07:15:32,2026-03-27 07:15:32,CSPM,,f3c7a9d4-8e21-4b6f-9c3a-2d5e7f8a1b90
88c1b15a-b4b9-4fbc-9dff-8984aa67f805,CSPM,EV-612,Cloud IAM and excessive permissions review,API,wiz,,"Identity and access risks including overprivileged roles, risky bindings, and toxic combinations.",Quarterly,True,2026-03-27 07:15:32,2026-03-27 07:15:32,CSPM,,f3c7a9d4-8e21-4b6f-9c3a-2d5e7f8a1b90
c2406786-4339-4887-b2c2-a7064fc9f402,CSPM,EV-613,Secrets and sensitive data exposure findings,API,wiz,,"Detection of secrets, keys, or sensitive data exposed in cloud assets or pipelines.",Monthly,True,2026-03-27 07:15:32,2026-03-27 07:15:32,CSPM,,f3c7a9d4-8e21-4b6f-9c3a-2d5e7f8a1b90
b51e17ce-f6ed-4ef7-9582-12fccc9fd043,CSPM,EV-614,Network exposure and public attack surface,API,wiz,,"Internet-exposed resources, public endpoints, and risky network paths.",Monthly,True,2026-03-27 07:15:32,2026-03-27 07:15:32,CSPM,,f3c7a9d4-8e21-4b6f-9c3a-2d5e7f8a1b90
4f3fba3b-7d4a-466a-a888-4a4eb5cb4595,CSPM,EV-615,Data store encryption and protection posture,API,wiz,,"Encryption and protection settings for databases, object storage, and key data stores.",Quarterly,True,2026-03-27 07:15:32,2026-03-27 07:15:32,CSPM,,f3c7a9d4-8e21-4b6f-9c3a-2d5e7f8a1b90
e6fc9657-6c99-4c2a-a4ea-dc500cdfaa96,CSPM,EV-616,Storage bucket and object exposure posture,API,wiz,,Public or overly permissive storage buckets and sensitive object exposure.,Monthly,True,2026-03-27 07:15:32,2026-03-27 07:15:32,CSPM,,f3c7a9d4-8e21-4b6f-9c3a-2d5e7f8a1b90
7960d325-82f6-4c81-a36e-dd7d974cce01,CSPM,EV-617,Serverless and managed service security posture,API,wiz,,Security configuration for serverless functions and managed platform services.,Quarterly,True,2026-03-27 07:15:32,2026-03-27 07:15:32,CSPM,,f3c7a9d4-8e21-4b6f-9c3a-2d5e7f8a1b90
33c3b41c-4fe5-4f47-b6c1-008c24d38f89,CSPM,EV-618,IaC and build pipeline security findings,API,wiz,,Issues identified in infrastructure-as-code or CI/CD-integrated security scans (where applicable).,Monthly,True,2026-03-27 07:15:32,2026-03-27 07:15:32,CSPM,,f3c7a9d4-8e21-4b6f-9c3a-2d5e7f8a1b90
2168bff9-d208-47f2-b8af-fe281f30fe1d,CSPM,EV-619,Issue lifecycle and remediation tracking,API,wiz,,"Status of findings: open, in progress, resolved; ownership and SLA where tracked.",Monthly,True,2026-03-27 07:15:32,2026-03-27 07:15:32,CSPM,,f3c7a9d4-8e21-4b6f-9c3a-2d5e7f8a1b90
474c3960-37e0-406b-8365-8149da02f758,ITSM_GRC,EV-62,Vendor Onboarding Approval Records — ITSM,Supporting,itsm_catalog,,,,False,2026-03-26 16:40:46,2026-03-27 05:49:22,,"{""record_id"": """", ""vendor_id"": """", ""vendor_name"": """", ""request_id"": """", ""approval_required"": true, ""approval_status"": """", ""approved_by"": """", ""requested_by"": """", ""request_date"": """", ""approval_date"": """", ""onboarding_status"": """", ""created_time"": """", ""last_updated_time"": """"}",cd4015e2-8a3f-4f54-a3ee-9dfddb048f84
4edaee86-85c1-4384-9911-02300acb0430,CSPM,EV-620,Risk scoring and organizational risk snapshot,API,wiz,,Top-level risk score or prioritized risk view across the cloud estate.,Quarterly,True,2026-03-27 07:15:32,2026-03-27 07:15:32,CSPM,,f3c7a9d4-8e21-4b6f-9c3a-2d5e7f8a1b90
60933a08-2a07-4881-87a5-8243f9a54bde,CSPM,EV-621,Custom policy and organizational control violations,API,wiz,,Violations of organization-specific policies or custom rules beyond baseline frameworks.,Monthly,True,2026-03-27 07:15:32,2026-03-27 07:15:32,CSPM,,f3c7a9d4-8e21-4b6f-9c3a-2d5e7f8a1b90
1544fa0a-cdd8-4f6a-96b1-c3556abea999,CSPM,EV-622,Cloud connector and integration configuration,Configuration,wiz,,"Record of how cloud environments are connected to CSPM (connectors, permissions, scan scope).",Annual,True,2026-03-27 07:15:32,2026-03-27 07:15:32,CSPM,,f3c7a9d4-8e21-4b6f-9c3a-2d5e7f8a1b90
8b7e45d5-e904-4ad5-a842-02645ab5b977,CSPM,EV-623,Audit and activity logging for CSPM platform access,API,wiz,,Evidence of who accessed the CSPM console or APIs and material admin actions (if exported).,Quarterly,True,2026-03-27 07:15:32,2026-03-27 07:15:32,CSPM,,f3c7a9d4-8e21-4b6f-9c3a-2d5e7f8a1b90
acc51a4f-5f8c-4169-97c8-21c32d79ab3c,CSPM,EV-624,Logical access — cloud identity inventory (SOC 2 CC6.1 / ISO A.5.16),API,wiz,,"SOC 2: CC6.1; ISO 27001: A.5.16, A.5.17 — Cloud identities, roles, and service principals in scope.",Quarterly,True,2026-03-27 09:09:19,2026-03-27 09:09:19,CSPM,,f3c7a9d4-8e21-4b6f-9c3a-2d5e7f8a1b90
00661801-ca7f-409a-a1a7-e3c17d2d7e06,CSPM,EV-625,Authentication strength and risky auth configs (SOC 2 CC6.1 / ISO A.5.17),API,wiz,,"SOC 2: CC6.1; ISO 27001: A.5.17, A.8.5 — Weak auth methods and risky authentication settings in cloud.",Quarterly,True,2026-03-27 09:09:19,2026-03-27 09:09:19,CSPM,,f3c7a9d4-8e21-4b6f-9c3a-2d5e7f8a1b90
b038895c-489e-4c8c-b9d1-aadd71692929,CSPM,EV-626,Privileged access paths in cloud (SOC 2 CC6.2 / ISO A.5.18),API,wiz,,"SOC 2: CC6.2, CC6.3; ISO 27001: A.5.18, A.8.2 — Privileged roles, break-glass, and admin-equivalent access.",Quarterly,True,2026-03-27 09:09:19,2026-03-27 09:09:19,CSPM,,f3c7a9d4-8e21-4b6f-9c3a-2d5e7f8a1b90
a9cd8a4c-c781-418b-8247-659013397ca1,CSPM,EV-627,Data classification and sensitive asset tagging (SOC 2 CC6.7 / ISO A.5.12),API,wiz,,"SOC 2: CC6.7; ISO 27001: A.5.12, A.8.12 — Sensitive data locations and classification-relevant exposure.",Semi-annual,True,2026-03-27 09:09:19,2026-03-27 09:09:19,CSPM,,f3c7a9d4-8e21-4b6f-9c3a-2d5e7f8a1b90
8e6b2a18-340b-4c93-a2ee-b72955cfa38e,CSPM,EV-628,Encryption and key management posture (SOC 2 CC6.6 / ISO A.8.24),API,wiz,,"SOC 2: CC6.6; ISO 27001: A.8.24 — KMS usage, default encryption, and key exposure risks in cloud.",Quarterly,True,2026-03-27 09:09:19,2026-03-27 09:09:19,CSPM,,f3c7a9d4-8e21-4b6f-9c3a-2d5e7f8a1b90
d06b882e-d936-44bc-95d0-74d624188969,CSPM,EV-629,Vulnerability management program metrics (SOC 2 CC7.1 / ISO A.8.8),API,wiz,,"SOC 2: CC7.1, CC9.2; ISO 27001: A.8.8 — SLAs, aging, and coverage for cloud vulnerability findings.",Monthly,True,2026-03-27 09:09:19,2026-03-27 09:09:19,CSPM,,f3c7a9d4-8e21-4b6f-9c3a-2d5e7f8a1b90
ab1cb16b-ac09-40a8-8731-94a8d0b565fc,POLICY,EV-63,Customer Security Documentation — Compliance,Required,policy_catalog,,,,True,2026-03-26 16:40:46,2026-03-27 05:49:22,,"{""document_id"": """", ""document_name"": """", ""document_version"": """", ""published"": true, ""authentication_features_documented"": true, ""access_control_features_documented"": true, ""customer_responsibilities_defined"": true, ""security_best_practices_defined"": true, ""publication_date"": """", ""last_reviewed_date"": """", ""owner"": """", ""created_time"": """", ""last_updated_time"": """"}",70b4419c-8544-47be-9f13-bc21356bd897
4d36d978-32a0-465b-a4d3-f92a0ebc4040,CSPM,EV-630,Security monitoring and detection coverage (SOC 2 CC7.2 / ISO A.8.16),API,wiz,,"SOC 2: CC7.2; ISO 27001: A.8.16 — Detection rules, alerts, or monitoring gaps for cloud workloads.",Monthly,True,2026-03-27 09:09:19,2026-03-27 09:09:19,CSPM,,f3c7a9d4-8e21-4b6f-9c3a-2d5e7f8a1b90
d6bcae3a-d31a-449c-be09-06dd61a48c34,CSPM,EV-631,Incident response readiness — cloud blast radius (SOC 2 CC7.3 / ISO A.5.24),API,wiz,,"SOC 2: CC7.3, CC7.4; ISO 27001: A.5.24, A.5.25 — Critical assets and lateral movement paths in cloud.",Quarterly,True,2026-03-27 09:09:19,2026-03-27 09:09:19,CSPM,,f3c7a9d4-8e21-4b6f-9c3a-2d5e7f8a1b90
1f5d4dfc-602f-4fe3-ba93-8b4e9ef47df7,CSPM,EV-632,Change management drift — config vs baseline (SOC 2 CC8.1 / ISO A.8.32),API,wiz,,"SOC 2: CC8.1; ISO 27001: A.8.9, A.8.32 — Unauthorized or risky configuration changes in production cloud.",Monthly,True,2026-03-27 09:09:19,2026-03-27 09:09:19,CSPM,,f3c7a9d4-8e21-4b6f-9c3a-2d5e7f8a1b90
aadd3886-c929-445a-9ebb-14006e427dd1,CSPM,EV-633,Malware and unwanted software on workloads (SOC 2 CC7.1 / ISO A.8.7),API,wiz,,SOC 2: CC7.1; ISO 27001: A.8.7 — Malware or suspicious workload indicators where CSPM reports them.,Monthly,True,2026-03-27 09:09:19,2026-03-27 09:09:19,CSPM,,f3c7a9d4-8e21-4b6f-9c3a-2d5e7f8a1b90
2365ff7f-71d9-4375-b026-10b459666c81,CSPM,EV-634,Backup and recovery visibility for cloud data (SOC 2 CC9.1 / ISO A.8.13),API,wiz,,SOC 2: CC9.1; ISO 27001: A.8.13 — Backup/replication posture for critical cloud data stores.,Quarterly,True,2026-03-27 09:09:19,2026-03-27 09:09:19,CSPM,,f3c7a9d4-8e21-4b6f-9c3a-2d5e7f8a1b90
3aba0557-98ea-40f5-8c02-2bccba832e0f,CSPM,EV-635,Vendor and third-party integration risk (SOC 2 CC9.2 / ISO A.5.19),API,wiz,,"SOC 2: CC9.2; ISO 27001: A.5.19, A.5.21 — Third-party SaaS connectors and cross-account trust in cloud.",Semi-annual,True,2026-03-27 09:09:19,2026-03-27 09:09:19,CSPM,,f3c7a9d4-8e21-4b6f-9c3a-2d5e7f8a1b90
3e72a307-a442-4696-a25b-f77a7b7c8339,CSPM,EV-636,Regulatory and industry control mapping report (SOC 2 CC2.2 / ISO A.5.31),Report,wiz,,"SOC 2: CC2.2, CC4.1; ISO 27001: A.5.31 — Evidence pack mapping CSPM findings to SOC 2 / ISO themes.",Annual,True,2026-03-27 09:09:19,2026-03-27 09:09:19,CSPM,,f3c7a9d4-8e21-4b6f-9c3a-2d5e7f8a1b90
d08a744c-6498-4253-a438-db47015a3192,CSPM,EV-637,Management review of cloud security posture (SOC 2 CC3.2 / ISO A.5.35),Report,wiz,,"SOC 2: CC3.2, CC4.2; ISO 27001: A.5.35, A.8.34 — Executive or steering-committee review of CSPM dashboards.",Quarterly,True,2026-03-27 09:09:19,2026-03-27 09:09:19,CSPM,,f3c7a9d4-8e21-4b6f-9c3a-2d5e7f8a1b90
d4e96285-b383-455c-8615-1fe8d492fbef,CSPM,EV-638,Network segmentation and security group posture (ISO A.8.20 / SOC 2 CC6.6),API,wiz,,"ISO 27001: A.8.20, A.8.22; SOC 2: CC6.6 — Segmentation, SGs/NSGs/NACLs, and overly permissive rules.",Monthly,True,2026-03-27 09:09:19,2026-03-27 09:09:19,CSPM,,f3c7a9d4-8e21-4b6f-9c3a-2d5e7f8a1b90
82a84697-3e9b-4f76-8d3e-c5bb9c5ff42f,CSPM,EV-639,API and service endpoint exposure (ISO A.8.26 / SOC 2 CC6.1),API,wiz,,"ISO 27001: A.8.26; SOC 2: CC6.1 — Public APIs, unauthenticated endpoints, and risky service bindings.",Monthly,True,2026-03-27 09:09:19,2026-03-27 09:09:19,CSPM,,f3c7a9d4-8e21-4b6f-9c3a-2d5e7f8a1b90
9c658cc2-5185-425f-9e9d-cb239e5b2f58,DEVOPS_DEVTOOLS,EV-64,Product Authentication Configuration Records — DevOps,Supporting,devtools_catalog,,,,False,2026-03-26 16:40:46,2026-03-27 05:49:22,,"{""configuration_id"": """", ""system_id"": """", ""system_name"": """", ""authentication_enabled"": true, ""authentication_methods"": """", ""mfa_supported"": true, ""session_management_enabled"": true, ""authentication_status"": """", ""last_verified_time"": """", ""created_time"": """", ""last_updated_time"": """", ""owner"": """"}",6874f3ab-44fc-4b3e-a95e-bd01e03bf933
1b110a84-2884-44c0-9e6a-436e8c1a618a,CSPM,EV-640,Logging and audit trail enablement for cloud (ISO A.8.15 / SOC 2 CC7.2),API,wiz,,"ISO 27001: A.8.15; SOC 2: CC7.2 — Central logging, audit logs disabled, or blind spots in cloud accounts.",Quarterly,True,2026-03-27 09:09:19,2026-03-27 09:09:19,CSPM,,f3c7a9d4-8e21-4b6f-9c3a-2d5e7f8a1b90
c9872668-3da6-476f-bcb7-42d4cd9cf0ae,CSPM,EV-641,Secure development and pipeline integration (ISO A.8.25 / SOC 2 CC8.1),API,wiz,,"ISO 27001: A.8.25, A.8.31; SOC 2: CC8.1 — Security gates in CI/CD and IaC checks integrated with CSPM.",Quarterly,True,2026-03-27 09:09:19,2026-03-27 09:09:19,CSPM,,f3c7a9d4-8e21-4b6f-9c3a-2d5e7f8a1b90
feea6e78-0a30-4a4b-96bd-81fe16e2bd85,CSPM,EV-642,Separation of production and non-production (ISO A.8.31 / SOC 2 CC6.1),API,wiz,,"ISO 27001: A.8.31; SOC 2: CC6.1 — Cross-environment access, shared keys, or prod data in lower envs.",Semi-annual,True,2026-03-27 09:09:19,2026-03-27 09:09:19,CSPM,,f3c7a9d4-8e21-4b6f-9c3a-2d5e7f8a1b90
f03adb62-f5fa-4f6c-b3cf-734a46a089ab,CSPM,EV-643,Clock synchronization and time integrity (ISO A.8.17 / SOC 2 CC7.2),API,wiz,,ISO 27001: A.8.17; SOC 2: CC7.2 — NTP/time drift risks affecting logs and forensics in cloud.,Annual,True,2026-03-27 09:09:19,2026-03-27 09:09:19,CSPM,,f3c7a9d4-8e21-4b6f-9c3a-2d5e7f8a1b90
db8b86b7-3a41-4367-809b-99136e212114,CSPM,EV-644,Web filtering and egress control posture (ISO A.8.23 / SOC 2 CC6.6),API,wiz,,"ISO 27001: A.8.23; SOC 2: CC6.6 — Unrestricted egress, open proxies, or risky outbound paths.",Quarterly,True,2026-03-27 09:09:19,2026-03-27 09:09:19,CSPM,,f3c7a9d4-8e21-4b6f-9c3a-2d5e7f8a1b90
5bde5af7-7dbe-4b4c-ac32-33fe6be83a6d,CSPM,EV-645,Data retention and secure deletion posture (ISO A.8.10 / SOC 2 CC6.7),API,wiz,,"ISO 27001: A.8.10, A.8.11; SOC 2: CC6.7 — Retention policies and deletion gaps for cloud data.",Semi-annual,True,2026-03-27 09:09:19,2026-03-27 09:09:19,CSPM,,f3c7a9d4-8e21-4b6f-9c3a-2d5e7f8a1b90
83eac88e-5e95-466e-b9da-fba3679a05da,CSPM,EV-646,Business continuity — multi-region and redundancy (ISO A.8.14 / SOC 2 CC9.1),API,wiz,,ISO 27001: A.8.14; SOC 2: CC9.1 — Single-AZ or single-region critical systems without redundancy signals.,Annual,True,2026-03-27 09:09:19,2026-03-27 09:09:19,CSPM,,f3c7a9d4-8e21-4b6f-9c3a-2d5e7f8a1b90
565c6c56-1091-4fa8-9d4d-0006eebbc339,CSPM,EV-647,Outsourced development and supply chain visibility (ISO A.8.30 / SOC 2 CC9.2),API,wiz,,ISO 27001: A.8.30; SOC 2: CC9.2 — Third-party build artifacts and external image sources in use.,Semi-annual,True,2026-03-27 09:09:19,2026-03-27 09:09:19,CSPM,,f3c7a9d4-8e21-4b6f-9c3a-2d5e7f8a1b90
31b56cdd-3390-465d-8711-d23c7045b94a,CSPM,EV-648,Protection of information during penetration testing (ISO A.8.34 / SOC 2 CC4.1),Report,wiz,,ISO 27001: A.8.34; SOC 2: CC4.1 — Scope and safeguards when CSPM or cloud tests touch prod-like data.,Annual,True,2026-03-27 09:09:19,2026-03-27 09:09:19,CSPM,,f3c7a9d4-8e21-4b6f-9c3a-2d5e7f8a1b90
642ae589-db2f-45e8-b5a8-8a28b23924ae,CSPM,EV-649,Legal and regulatory evidence export for cloud (ISO A.5.31 / SOC 2 CC2.2),Report,wiz,,ISO 27001: A.5.31; SOC 2: CC2.2 — Exported reports suitable for GDPR/HIPAA/PCI context where applicable.,Annual,True,2026-03-27 09:09:19,2026-03-27 09:09:19,CSPM,,f3c7a9d4-8e21-4b6f-9c3a-2d5e7f8a1b90
fbc3e5b1-58b6-4aac-a109-f2e8e7c9280a,DEVOPS_DEVTOOLS,EV-65,Product Access Control Configuration Records — DevOps,Required,devtools_catalog,,,,True,2026-03-26 16:40:46,2026-03-27 05:49:22,,"{""configuration_id"": """", ""system_id"": """", ""system_name"": """", ""access_control_enabled"": true, ""access_control_model"": """", ""role_based_access_control_enabled"": true, ""least_privilege_enforced"": true, ""permission_settings_defined"": true, ""configuration_status"": """", ""last_verified_time"": """", ""created_time"": """", ""last_updated_time"": """", ""owner"": """"}",6874f3ab-44fc-4b3e-a95e-bd01e03bf933
745fb851-0d67-4d92-93fc-2b08488f9c13,CSPM,EV-650,Continuous compliance monitoring dashboard snapshot (SOC 2 CC4.2 / ISO A.8.16),Report,wiz,,SOC 2: CC4.2; ISO 27001: A.8.16 — Point-in-time snapshot of monitored controls and open exceptions.,Monthly,True,2026-03-27 09:09:19,2026-03-27 09:09:19,CSPM,,f3c7a9d4-8e21-4b6f-9c3a-2d5e7f8a1b90
4cc9e418-dc2c-40c8-aa70-66b9781c6374,DEVOPS_DEVTOOLS,EV-66,Product Security Testing Reports — DevOps,Supporting,devtools_catalog,,,,False,2026-03-26 16:40:46,2026-03-27 05:49:22,,"{""report_id"": """", ""system_id"": """", ""system_name"": """", ""test_type"": """", ""test_date"": """", ""authentication_controls_tested"": true, ""access_control_tested"": true, ""issues_identified"": """", ""test_result"": """", ""validated"": true, ""tested_by"": """", ""created_time"": """", ""last_updated_time"": """"}",6874f3ab-44fc-4b3e-a95e-bd01e03bf933
9db90e1a-ad58-44f0-adb7-e386affcbb89,POLICY,EV-67,Information Security Policy — Compliance,Required,policy_catalog,,,,True,2026-03-26 16:40:46,2026-03-27 05:49:22,,"{""policy_id"": """", ""policy_name"": """", ""policy_version"": """", ""policy_status"": """", ""security_objectives_defined"": true, ""confidentiality_requirements_defined"": true, ""integrity_requirements_defined"": true, ""availability_requirements_defined"": true, ""security_officer_assigned"": true, ""approved_by"": """", ""owner"": """", ""effective_date"": """", ""review_date"": """", ""created_time"": """", ""last_updated_time"": """"}",70b4419c-8544-47be-9f13-bc21356bd897
e3dd8f3e-233a-49b6-8462-dbf6b863f29a,MANUAL_EVIDENCE,EV-68,Security Officer Appointment Letter — Compliance,Supporting,manual_evidence_catalog,,,,False,2026-03-26 16:40:46,2026-03-27 05:49:22,,"{""document_id"": """", ""employee_id"": """", ""employee_name"": """", ""designation"": """", ""role_assigned"": """", ""appointment_date"": """", ""appointment_status"": """", ""approved_by"": """", ""signed_by"": """", ""active"": true, ""created_time"": """", ""last_updated_time"": """"}",70b4419c-8544-47be-9f13-bc21356bd897
aacf7b99-6af9-41b6-a45e-79be5de91bd3,HRMS_GRC,EV-69,Security Officer Job Description — HR,Supporting,hrms_catalog,,,,False,2026-03-26 16:40:46,2026-03-27 05:49:22,,"{""job_description_id"": """", ""role_name"": """", ""department"": """", ""responsibilities_defined"": true, ""authority_defined"": true, ""reporting_structure_defined"": true, ""required_qualifications"": """", ""status"": """", ""approved_by"": """", ""created_time"": """", ""last_updated_time"": """"}",465c7082-4a36-4567-b535-e6fe16994eec
9ef99399-4004-4cf7-b030-e68e28a9a292,POLICY,EV-7,Data Encryption Policy — Compliance,Required,policy_catalog,,,,True,2026-03-26 16:40:46,2026-03-27 05:49:22,,"{""policy_id"": """", ""policy_name"": """", ""policy_version"": """", ""policy_status"": """", ""encryption_at_rest_required"": true, ""data_classification_scope"": """", ""encryption_standards_defined"": true, ""approved_by"": """", ""owner"": """", ""effective_date"": """", ""review_date"": """", ""created_time"": """", ""last_updated_time"": """"}",70b4419c-8544-47be-9f13-bc21356bd897
29d66e1b-f778-4b2d-88d4-784878fa4399,POLICY,EV-70,Change Management Policy — Compliance,Supporting,policy_catalog,,,,False,2026-03-26 16:40:46,2026-03-27 05:49:22,,"{""policy_id"": """", ""policy_name"": """", ""policy_version"": """", ""policy_status"": """", ""change_review_requirements_defined"": true, ""approval_requirements_defined"": true, ""segregation_of_duties_defined"": true, ""production_deployment_controls_defined"": true, ""approved_by"": """", ""owner"": """", ""effective_date"": """", ""review_date"": """", ""created_time"": """", ""last_updated_time"": """"}",70b4419c-8544-47be-9f13-bc21356bd897
0aca64a8-da56-4b6b-b539-ee1bd9065071,ITSM_GRC,EV-71,Change Management Tickets — ITSM,Required,itsm_catalog,,,,True,2026-03-26 16:40:46,2026-03-27 05:49:22,,"{""ticket_id"": """", ""change_id"": """", ""change_type"": """", ""system_id"": """", ""system_name"": """", ""requested_by"": """", ""change_description"": """", ""risk_level"": """", ""impact_assessment"": """", ""request_status"": """", ""requested_time"": """", ""planned_implementation_time"": """", ""created_time"": """", ""last_updated_time"": """"}",cd4015e2-8a3f-4f54-a3ee-9dfddb048f84
7e04cc76-2282-4a1d-a072-7ae3d5fa6037,ITSM_GRC,EV-72,Change Approval Records — ITSM,Required,itsm_catalog,,,,True,2026-03-26 16:40:46,2026-03-27 05:49:22,,"{""approval_id"": """", ""change_id"": """", ""ticket_id"": """", ""approved"": true, ""approver_id"": """", ""approver_role"": """", ""approval_time"": """", ""approval_status"": """", ""segregation_of_duties_verified"": true, ""comments"": """", ""created_time"": """", ""last_updated_time"": """"}",cd4015e2-8a3f-4f54-a3ee-9dfddb048f84
f34cad86-1edb-4211-b983-9a70aac97453,DEVOPS_DEVTOOLS,EV-73,Code Review Records — DevOps,Supporting,devtools_catalog,,,,False,2026-03-26 16:40:46,2026-03-27 05:49:22,,"{""review_id"": """", ""repository_id"": """", ""pull_request_id"": """", ""reviewer_id"": """", ""reviewer_role"": """", ""author_id"": """", ""review_status"": """", ""approved"": true, ""review_comments"": """", ""review_time"": """", ""created_time"": """", ""last_updated_time"": """"}",6874f3ab-44fc-4b3e-a95e-bd01e03bf933
eee9e615-7e9e-4e6e-89d5-6a5edd041726,DEVOPS_DEVTOOLS,EV-74,Production Deployment Logs — DevOps,Supporting,devtools_catalog,,,,False,2026-03-26 16:40:46,2026-03-27 05:49:22,,"{""deployment_id"": """", ""change_id"": """", ""system_id"": """", ""system_name"": """", ""deployment_time"": """", ""deployment_status"": """", ""approved_change"": true, ""deployed_by"": """", ""environment"": """", ""rollback_available"": true, ""created_time"": """"}",6874f3ab-44fc-4b3e-a95e-bd01e03bf933
abb19e4d-0bce-4a7b-84b6-7267ef6bda08,IAM_COMPLIANCE,EV-75,Access Review Reports — IAM,Supporting,iam_catalog,,,,False,2026-03-26 16:40:46,2026-03-27 05:49:22,,"{""report_id"": """", ""system_id"": """", ""system_name"": """", ""review_period_start"": """", ""review_period_end"": """", ""total_admin_users"": 0, ""unauthorized_access_detected"": true, ""review_summary"": """", ""reviewed_by"": """", ""review_date"": """", ""report_status"": """", ""created_time"": """", ""last_updated_time"": """"}",311fd3a8-255b-4bc8-b6a0-0fe625d81341
54ad19c5-4575-4820-a606-2d94dea1e215,POLICY,EV-76,Password Policy — Compliance,Required,policy_catalog,,,,True,2026-03-26 16:40:46,2026-03-27 05:49:22,,"{""policy_id"": """", ""policy_name"": """", ""policy_version"": """", ""policy_status"": """", ""minimum_password_length"": 0, ""complexity_requirements_defined"": true, ""password_expiration_days"": 0, ""password_reuse_restriction_count"": 0, ""account_lockout_threshold"": 0, ""account_lockout_duration_minutes"": 0, ""approved_by"": """", ""owner"": """", ""effective_date"": """", ""review_date"": """", ""created_time"": """", ""last_updated_time"": """"}",70b4419c-8544-47be-9f13-bc21356bd897
cae874e2-b423-42a3-ac44-d7864f8defa8,IAM_COMPLIANCE,EV-77,Password Configuration Records — IAM,Required,iam_catalog,,,,True,2026-03-26 16:40:46,2026-03-27 05:49:22,,"{""configuration_id"": """", ""system_id"": """", ""system_name"": """", ""minimum_password_length"": 0, ""complexity_enabled"": true, ""password_expiration_days"": 0, ""password_history_count"": 0, ""account_lockout_threshold"": 0, ""account_lockout_duration_minutes"": 0, ""mfa_enabled"": true, ""configuration_status"": """", ""policy_compliant"": true, ""last_verified_time"": """", ""created_time"": """", ""last_updated_time"": """", ""owner"": """"}",311fd3a8-255b-4bc8-b6a0-0fe625d81341
a9f675ce-74fd-46d0-9c66-89882070d0e5,IAM_COMPLIANCE,EV-78,Authentication System Configuration Reports — IAM,Supporting,iam_catalog,,,,False,2026-03-26 16:40:46,2026-03-27 05:49:22,,"{""report_id"": """", ""system_id"": """", ""system_name"": """", ""report_generated_time"": """", ""password_policy_applied"": true, ""non_compliant_accounts_count"": 0, ""compliance_status"": """", ""reviewed_by"": """", ""review_date"": """", ""created_time"": """", ""last_updated_time"": """"}",311fd3a8-255b-4bc8-b6a0-0fe625d81341
1db8dbdd-0a07-43c3-968d-46983d1609b3,POLICY,EV-79,Acceptable Use Policy — Compliance,Supporting,policy_catalog,,,,False,2026-03-26 16:40:46,2026-03-27 05:49:22,,"{""policy_id"": """", ""policy_name"": """", ""policy_version"": """", ""policy_status"": """", ""acceptable_usage_defined"": true, ""removable_media_prohibited"": true, ""data_transfer_restrictions_defined"": true, ""user_responsibilities_defined"": true, ""approved_by"": """", ""owner"": """", ""effective_date"": """", ""review_date"": """", ""created_time"": """", ""last_updated_time"": """"}",70b4419c-8544-47be-9f13-bc21356bd897
c6880a2c-f841-4d75-ac9d-e52b08576921,POLICY,EV-8,Cryptographic Key Management Policy — Compliance,Supporting,policy_catalog,,,,False,2026-03-26 16:40:46,2026-03-27 05:49:22,,"{""policy_id"": """", ""policy_name"": """", ""policy_version"": """", ""policy_status"": """", ""key_generation_defined"": true, ""key_storage_defined"": true, ""key_rotation_defined"": true, ""key_protection_defined"": true, ""key_access_control_defined"": true, ""approved_by"": """", ""owner"": """", ""effective_date"": """", ""review_date"": """", ""created_time"": """", ""last_updated_time"": """"}",70b4419c-8544-47be-9f13-bc21356bd897
dfbad85e-a996-44a5-9f11-2d3cdd593ab8,SECURITY_VULN_MGMT,EV-80,Endpoint Device Configuration Records — Security,Supporting,security_catalog,,,,False,2026-03-26 16:40:46,2026-03-27 05:49:22,,"{""configuration_id"": """", ""device_id"": """", ""device_name"": """", ""device_type"": """", ""user_id"": """", ""removable_media_access_enabled"": true, ""usb_storage_blocked"": true, ""device_control_policy_applied"": true, ""policy_id"": """", ""compliance_status"": """", ""last_verified_time"": """", ""created_time"": """", ""last_updated_time"": """", ""owner"": """"}",cd545de5-0565-447b-89ef-f137d2267a70
f9b3ce4f-9c2a-4456-b436-c66168eade16,DEVOPS_DEVTOOLS,EV-81,Infrastructure-as-Code Repository Records — DevOps,Required,devtools_catalog,,,,True,2026-03-26 16:40:46,2026-03-27 05:49:22,,"{""repository_id"": """", ""repository_name"": """", ""version_control_system"": """", ""infrastructure_code_present"": true, ""default_branch"": """", ""branch_protection_enabled"": true, ""access_control_enabled"": true, ""last_commit_id"": """", ""last_commit_time"": """", ""owner"": """", ""created_time"": """", ""last_updated_time"": """"}",6874f3ab-44fc-4b3e-a95e-bd01e03bf933
ad8e26fa-82da-49df-9b1c-15674d3f0480,DEVOPS_DEVTOOLS,EV-82,CI/CD Pipeline Configuration Records — DevOps,Supporting,devtools_catalog,,,,False,2026-03-26 16:40:46,2026-03-27 05:49:22,,"{""pipeline_id"": """", ""pipeline_name"": """", ""repository_id"": """", ""automated_tests_enabled"": true, ""validation_steps_defined"": true, ""security_checks_enabled"": true, ""approval_required_before_deploy"": true, ""pipeline_status"": """", ""last_run_time"": """", ""created_time"": """", ""last_updated_time"": """", ""owner"": """"}",6874f3ab-44fc-4b3e-a95e-bd01e03bf933
75700595-d687-4adb-877c-a7dda3e64b2c,DEVOPS_DEVTOOLS,EV-83,Infrastructure Deployment Logs — DevOps,Supporting,devtools_catalog,,,,False,2026-03-26 16:40:46,2026-03-27 05:49:22,,"{""deployment_id"": """", ""pipeline_id"": """", ""change_id"": """", ""repository_id"": """", ""environment"": """", ""deployment_time"": """", ""deployment_status"": """", ""deployed_by"": """", ""approved_change"": true, ""rollback_available"": true, ""created_time"": """"}",6874f3ab-44fc-4b3e-a95e-bd01e03bf933
ed06e776-2f89-48b7-bd7b-04ec641d5752,CLOUD_INFRA,EV-84,Asset Classification Records — Cloud,Required,cloud_catalog,,,,True,2026-03-26 16:40:46,2026-03-27 05:49:22,,"{""classification_id"": """", ""asset_id"": """", ""asset_name"": """", ""data_classification"": """", ""classification_criteria"": """", ""classified_by"": """", ""classification_date"": """", ""review_required"": true, ""review_frequency"": """", ""classification_status"": """", ""created_time"": """", ""last_updated_time"": """"}",1721b991-e491-4953-b2bb-ca35d815024f
89039151-8dcb-4148-b222-ca7cdec8faf1,POLICY,EV-85,Risk Assessment Reports — Compliance,Supporting,policy_catalog,,,,False,2026-03-26 16:40:46,2026-03-27 05:49:22,,"{""report_id"": """", ""assessment_id"": """", ""assessment_scope"": """", ""assessment_date"": """", ""assets_reviewed"": """", ""risks_identified"": """", ""risk_levels"": """", ""inventory_review_included"": true, ""recommendations"": """", ""approved_by"": """", ""created_time"": """", ""last_updated_time"": """"}",70b4419c-8544-47be-9f13-bc21356bd897
eda89b6d-873a-455f-bf4a-e5d219bb2431,MANUAL_EVIDENCE,EV-86,Asset Inventory Review Records — Compliance,Supporting,manual_evidence_catalog,,,,False,2026-03-26 16:40:46,2026-03-27 05:49:22,,"{""review_id"": """", ""review_scope"": """", ""review_date"": """", ""assets_reviewed_count"": 0, ""discrepancies_identified"": """", ""inventory_validated"": true, ""reviewed_by"": """", ""approval_status"": """", ""created_time"": """", ""last_updated_time"": """"}",70b4419c-8544-47be-9f13-bc21356bd897
4200339b-c1b1-4a4f-9711-a17fd0ff41b3,POLICY,EV-87,Security Awareness Training Policy — Compliance,Supporting,policy_catalog,,,,False,2026-03-26 16:40:46,2026-03-27 05:49:22,,"{""policy_id"": """", ""policy_name"": """", ""policy_version"": """", ""policy_status"": """", ""training_requirements_defined"": true, ""onboarding_training_required"": true, ""annual_training_required"": true, ""training_frequency_defined"": true, ""approved_by"": """", ""owner"": """", ""effective_date"": """", ""review_date"": """", ""created_time"": """", ""last_updated_time"": """"}",70b4419c-8544-47be-9f13-bc21356bd897
3dd03f91-56fc-4e36-97dd-12e48a574c98,HRMS_GRC,EV-88,Security Awareness Training Records — HR,Required,hrms_catalog,,,,True,2026-03-26 16:40:46,2026-03-27 05:49:22,,"{""record_id"": """", ""employee_id"": """", ""employee_name"": """", ""department"": """", ""training_id"": """", ""training_name"": """", ""training_type"": """", ""assigned_date"": """", ""completion_date"": """", ""completion_status"": """", ""score"": """", ""valid_until"": """", ""overdue"": true, ""created_time"": """", ""last_updated_time"": """"}",465c7082-4a36-4567-b535-e6fe16994eec
6ab33136-ddb2-4dfc-9319-63f10492ccac,HRMS_GRC,EV-89,Employee Onboarding Training Records — HR,Supporting,hrms_catalog,,,,False,2026-03-26 16:40:46,2026-03-27 05:49:22,,"{""record_id"": """", ""employee_id"": """", ""employee_name"": """", ""hire_date"": """", ""onboarding_training_completed"": true, ""training_id"": """", ""training_name"": """", ""completion_date"": """", ""completion_status"": """", ""mandatory_training"": true, ""verified"": true, ""created_time"": """", ""last_updated_time"": """"}",465c7082-4a36-4567-b535-e6fe16994eec
d7c294ce-4b30-469a-8a42-5b296f343522,DEVOPS_DEVTOOLS,EV-9,Data Store Encryption Configuration Records — DevOps,Required,devtools_catalog,,,,True,2026-03-26 16:40:46,2026-03-27 05:49:22,,"{""configuration_id"": """", ""resource_id"": """", ""resource_name"": """", ""resource_type"": """", ""environment"": """", ""encryption_at_rest_enabled"": true, ""encryption_algorithm"": """", ""key_id"": """", ""key_management_type"": """", ""encryption_status"": """", ""compliance_status"": """", ""last_verified_time"": """", ""created_time"": """", ""last_updated_time"": """", ""owner"": """"}",6874f3ab-44fc-4b3e-a95e-bd01e03bf933
2b285fba-0820-468d-b1d4-c1d1659af69c,POLICY,EV-90,Physical Security Policy — Compliance,Supporting,policy_catalog,,,,False,2026-03-26 16:40:46,2026-03-27 05:49:22,,"{""policy_id"": """", ""policy_name"": """", ""policy_version"": """", ""policy_status"": """", ""visitor_access_controls_defined"": true, ""escort_requirements_defined"": true, ""facility_access_restrictions_defined"": true, ""unauthorized_access_prevention_defined"": true, ""approved_by"": """", ""owner"": """", ""effective_date"": """", ""review_date"": """", ""created_time"": """", ""last_updated_time"": """"}",70b4419c-8544-47be-9f13-bc21356bd897
a2adc3c6-6ffd-47c1-b9e0-13959d90cfcd,PHYSICAL_SECURITY,EV-91,Visitor Access Register — Physical,Required,physical_security_catalog,,,,True,2026-03-26 16:40:46,2026-03-27 05:49:22,,"{""visit_id"": """", ""visitor_name"": """", ""visitor_id_type"": """", ""visitor_id_number"": """", ""visit_purpose"": """", ""host_employee_id"": """", ""host_employee_name"": """", ""escort_required"": true, ""escort_assigned"": true, ""entry_time"": """", ""exit_time"": """", ""access_granted"": true, ""facility_area_accessed"": """", ""created_time"": """", ""last_updated_time"": """"}",2e615251-860d-4f37-9c1e-7334b67fdff4
761bebbe-bcef-4b1f-929c-6e43af5fada7,PHYSICAL_SECURITY,EV-92,Visitor Access Approval Records — Physical,Supporting,physical_security_catalog,,,,False,2026-03-26 16:40:46,2026-03-27 05:49:22,,"{""approval_id"": """", ""visit_id"": """", ""visitor_name"": """", ""host_employee_id"": """", ""approved"": true, ""approver_id"": """", ""approver_role"": """", ""approval_time"": """", ""approval_status"": """", ""escort_required"": true, ""comments"": """", ""created_time"": """", ""last_updated_time"": """"}",2e615251-860d-4f37-9c1e-7334b67fdff4
bb4f8684-3719-4d6f-957c-c77422f2acf7,POLICY,EV-93,Business Continuity and Disaster Recovery Policy — Compliance,Supporting,policy_catalog,,,,False,2026-03-26 16:40:46,2026-03-27 05:49:22,,"{""policy_id"": """", ""policy_name"": """", ""policy_version"": """", ""policy_status"": """", ""disaster_recovery_requirements_defined"": true, ""rto_defined"": true, ""testing_requirements_defined"": true, ""business_continuity_scope_defined"": true, ""approved_by"": """", ""owner"": """", ""effective_date"": """", ""review_date"": """", ""created_time"": """", ""last_updated_time"": """"}",70b4419c-8544-47be-9f13-bc21356bd897
81a19419-ed07-4f6b-a586-44945c5cecb4,POLICY,EV-94,Disaster Recovery Testing Plan — Compliance,Supporting,policy_catalog,,,,False,2026-03-26 16:40:46,2026-03-27 05:49:22,,"{""plan_id"": """", ""plan_name"": """", ""plan_version"": """", ""plan_status"": """", ""test_scope_defined"": true, ""systems_in_scope"": """", ""test_scenarios_defined"": true, ""rto_target"": """", ""test_frequency"": """", ""approved_by"": """", ""owner"": """", ""planned_test_date"": """", ""created_time"": """", ""last_updated_time"": """"}",70b4419c-8544-47be-9f13-bc21356bd897
cde27df5-85be-4048-8cc0-5be52e9d1af2,MANUAL_EVIDENCE,EV-95,Disaster Recovery Test Reports — Compliance,Required,manual_evidence_catalog,,,,True,2026-03-26 16:40:46,2026-03-27 05:49:22,,"{""report_id"": """", ""test_id"": """", ""test_date"": """", ""scenario"": """", ""systems_tested"": """", ""rto_target"": """", ""actual_recovery_time"": """", ""rto_met"": true, ""test_result"": """", ""issues_identified"": """", ""validated"": true, ""tested_by"": """", ""reviewed_by"": """", ""created_time"": """", ""last_updated_time"": """"}",70b4419c-8544-47be-9f13-bc21356bd897
b4b85ea5-6c8d-4483-9453-d877ce51d67e,POLICY,EV-96,Vulnerability Management Policy — Compliance,Supporting,policy_catalog,,,,False,2026-03-26 16:40:46,2026-03-27 05:49:22,,"{""policy_id"": """", ""policy_name"": """", ""policy_version"": """", ""policy_status"": """", ""vulnerability_identification_defined"": true, ""risk_prioritization_defined"": true, ""remediation_sla_defined"": true, ""tracking_and_reporting_defined"": true, ""approved_by"": """", ""owner"": """", ""effective_date"": """", ""review_date"": """", ""created_time"": """", ""last_updated_time"": """"}",70b4419c-8544-47be-9f13-bc21356bd897
1212626c-b1fc-4ebf-9252-582337dd984a,SECURITY_VULN_MGMT,EV-97,Web Application Vulnerability Scan Reports — Security,Required,security_catalog,,,,True,2026-03-26 16:40:46,2026-03-27 05:49:22,,"{""report_id"": """", ""application_id"": """", ""application_name"": """", ""scan_id"": """", ""scan_type"": """", ""scan_date"": """", ""owasp_top_10_covered"": true, ""total_vulnerabilities"": 0, ""critical_vulnerabilities"": 0, ""high_vulnerabilities"": 0, ""medium_vulnerabilities"": 0, ""low_vulnerabilities"": 0, ""scan_status"": """", ""tool_name"": """", ""created_time"": """", ""last_updated_time"": """"}",cd545de5-0565-447b-89ef-f137d2267a70
b55032c1-68d3-4e62-8ec4-df526bf88369,SECURITY_VULN_MGMT,EV-98,Vulnerability Scan Configuration Records — Security,Supporting,security_catalog,,,,False,2026-03-26 16:40:46,2026-03-27 05:49:22,,"{""configuration_id"": """", ""application_id"": """", ""application_name"": """", ""scan_enabled"": true, ""scan_frequency"": """", ""authenticated_scan_enabled"": true, ""owasp_rules_enabled"": true, ""schedule_defined"": true, ""configuration_status"": """", ""last_verified_time"": """", ""created_time"": """", ""last_updated_time"": """", ""owner"": """"}",cd545de5-0565-447b-89ef-f137d2267a70
08ca9118-0c85-427e-b622-ce9eac6cd641,ITSM_GRC,EV-99,Vulnerability Remediation Tickets — ITSM,Supporting,itsm_catalog,,,,False,2026-03-26 16:40:46,2026-03-27 05:49:22,,"{""ticket_id"": """", ""vulnerability_id"": """", ""application_id"": """", ""severity"": """", ""status"": """", ""assigned_to"": """", ""remediation_action"": """", ""sla_due_date"": """", ""resolution_date"": """", ""resolved"": true, ""verified"": true, ""created_time"": """", ""last_updated_time"": """"}",cd4015e2-8a3f-4f54-a3ee-9dfddb048f84
964ddc72-c060-4460-9228-4cb7b23fbc30,GRC,EV-GRC-CTRL-TEST,Control testing schedule,Artifact,domain_object,,,,True,2026-03-27 05:58:06,2026-03-27 05:58:06,,,70b4419c-8544-47be-9f13-bc21356bd897
f89a4bc6-eebd-4405-83ed-37b5ab91a210,GRC,EV-GRC-EXC-REG,Exception and waiver register,Artifact,domain_object,,,,True,2026-03-27 05:58:06,2026-03-27 05:58:06,,,70b4419c-8544-47be-9f13-bc21356bd897
c9c6ace7-0145-4822-95d6-dfc6c61f2f28,GRC,EV-GRC-MGMT-ATTEST,Management attestation letters,Artifact,domain_object,,,,True,2026-03-27 05:58:06,2026-03-27 05:58:06,,,70b4419c-8544-47be-9f13-bc21356bd897
29880f93-f044-431e-8ea4-29077a64c930,GRC,EV-GRC-POLICY-REG,Corporate policy register,Artifact,domain_object,,,,True,2026-03-27 05:58:06,2026-03-27 05:58:06,,,70b4419c-8544-47be-9f13-bc21356bd897
7fb17f51-a6e8-44e5-8cde-7b6821384adc,GRC,EV-GRC-REG-MAP,Regulatory mapping matrix,Artifact,domain_object,,,,True,2026-03-27 05:58:06,2026-03-27 05:58:06,,,70b4419c-8544-47be-9f13-bc21356bd897
8074870c-fb20-45e0-885c-54002b98f1e7,PHYSICAL,EV-PHYS-BADGE-AUD,Badge access audit,Artifact,domain_object,,,,True,2026-03-27 05:58:06,2026-03-27 05:58:06,,,2e615251-860d-4f37-9c1e-7334b67fdff4
c4f2b814-4251-4091-9ef6-1c51023538b4,PHYSICAL,EV-PHYS-CCTV-RET,CCTV retention policy,Artifact,domain_object,,,,True,2026-03-27 05:58:06,2026-03-27 05:58:06,,,2e615251-860d-4f37-9c1e-7334b67fdff4
b02bea28-8490-4f9a-a1a8-f3ca28560be2,PHYSICAL,EV-PHYS-PERIM,Facility perimeter assessment,Artifact,domain_object,,,,True,2026-03-27 05:58:06,2026-03-27 05:58:06,,,2e615251-860d-4f37-9c1e-7334b67fdff4
c1a320fc-6bde-4ea2-b84b-d332fab94f8b,PHYSICAL,EV-PHYS-VIS-LOG,Visitor access records,Artifact,domain_object,,,,True,2026-03-27 05:58:06,2026-03-27 05:58:06,,,2e615251-860d-4f37-9c1e-7334b67fdff4
46f3f097-5d48-443f-8804-5e4ef83f0f73,PM,EV-PM-BURNDOWN,Release burndown chart,Artifact,domain_object,,,,True,2026-03-27 05:58:06,2026-03-27 05:58:06,,,55890cf9-a72e-4a13-a9bd-2da8d02d8968
37a6df03-6d57-4b00-b256-db242ddf0f09,PM,EV-PM-RES-ALLOC,Resource allocation view,Artifact,domain_object,,,,True,2026-03-27 05:58:06,2026-03-27 05:58:06,,,55890cf9-a72e-4a13-a9bd-2da8d02d8968
e549ac05-399c-4faf-b6bd-6260a78ca04d,PM,EV-PM-ROADMAP,Product roadmap snapshot,Artifact,domain_object,,,,True,2026-03-27 05:58:06,2026-03-27 05:58:06,,,55890cf9-a72e-4a13-a9bd-2da8d02d8968
b44f1a17-7c5a-4a6b-adbb-a4f291836d0c,PM,EV-PM-SPRINT-BL,Sprint backlog export,Artifact,domain_object,,,,True,2026-03-27 05:58:06,2026-03-27 05:58:06,,,55890cf9-a72e-4a13-a9bd-2da8d02d8968
8a96d87a-6db2-49f0-9bb6-d9cc7c485eae,SECURITY,EV-SEC-PATCH,Patch compliance dashboard,Artifact,domain_object,,,,True,2026-03-27 05:58:06,2026-03-27 05:58:06,,,cd545de5-0565-447b-89ef-f137d2267a70
4ed2e1fb-2230-41a8-9965-ba148363aa44,SECURITY,EV-SEC-PENTEST,Penetration test report,Artifact,domain_object,,,,True,2026-03-27 05:58:06,2026-03-27 05:58:06,,,cd545de5-0565-447b-89ef-f137d2267a70
14d3568f-e185-4613-80e4-bf22eb03c405,SECURITY,EV-SEC-THREAT,Threat intelligence feeds,Artifact,domain_object,,,,True,2026-03-27 05:58:06,2026-03-27 05:58:06,,,cd545de5-0565-447b-89ef-f137d2267a70
ba7f248d-524a-4600-aab4-f0c9f32dace8,SECURITY,EV-SEC-VULN-SCAN,Vulnerability scan results,Artifact,domain_object,,,,True,2026-03-27 05:58:06,2026-03-27 05:58:06,,,cd545de5-0565-447b-89ef-f137d2267a70
